timestep,reward
1.100000000000000000e+01,1.100000000000000000e+01
2.300000000000000000e+01,1.200000000000000000e+01
4.000000000000000000e+01,1.700000000000000000e+01
6.400000000000000000e+01,2.400000000000000000e+01
9.400000000000000000e+01,3.000000000000000000e+01
1.180000000000000000e+02,2.400000000000000000e+01
1.400000000000000000e+02,2.200000000000000000e+01
1.490000000000000000e+02,9.000000000000000000e+00
1.610000000000000000e+02,1.200000000000000000e+01
2.100000000000000000e+02,4.900000000000000000e+01
2.370000000000000000e+02,2.700000000000000000e+01
2.520000000000000000e+02,1.500000000000000000e+01
2.900000000000000000e+02,3.800000000000000000e+01
3.090000000000000000e+02,1.900000000000000000e+01
3.590000000000000000e+02,5.000000000000000000e+01
3.790000000000000000e+02,2.000000000000000000e+01
3.930000000000000000e+02,1.400000000000000000e+01
4.530000000000000000e+02,6.000000000000000000e+01
4.650000000000000000e+02,1.200000000000000000e+01
4.760000000000000000e+02,1.100000000000000000e+01
5.190000000000000000e+02,4.300000000000000000e+01
5.360000000000000000e+02,1.700000000000000000e+01
5.490000000000000000e+02,1.300000000000000000e+01
5.670000000000000000e+02,1.800000000000000000e+01
5.790000000000000000e+02,1.200000000000000000e+01
6.090000000000000000e+02,3.000000000000000000e+01
6.200000000000000000e+02,1.100000000000000000e+01
6.500000000000000000e+02,3.000000000000000000e+01
6.890000000000000000e+02,3.900000000000000000e+01
7.180000000000000000e+02,2.900000000000000000e+01
7.320000000000000000e+02,1.400000000000000000e+01
7.480000000000000000e+02,1.600000000000000000e+01
7.680000000000000000e+02,2.000000000000000000e+01
7.780000000000000000e+02,1.000000000000000000e+01
7.950000000000000000e+02,1.700000000000000000e+01
8.060000000000000000e+02,1.100000000000000000e+01
8.220000000000000000e+02,1.600000000000000000e+01
8.570000000000000000e+02,3.500000000000000000e+01
8.840000000000000000e+02,2.700000000000000000e+01
9.120000000000000000e+02,2.800000000000000000e+01
9.290000000000000000e+02,1.700000000000000000e+01
9.640000000000000000e+02,3.500000000000000000e+01
1.016000000000000000e+03,5.200000000000000000e+01
1.047000000000000000e+03,3.100000000000000000e+01
1.066000000000000000e+03,1.900000000000000000e+01
1.086000000000000000e+03,2.000000000000000000e+01
1.101000000000000000e+03,1.500000000000000000e+01
1.112000000000000000e+03,1.100000000000000000e+01
1.133000000000000000e+03,2.100000000000000000e+01
1.153000000000000000e+03,2.000000000000000000e+01
1.185000000000000000e+03,3.200000000000000000e+01
1.226000000000000000e+03,4.100000000000000000e+01
1.262000000000000000e+03,3.600000000000000000e+01
1.280000000000000000e+03,1.800000000000000000e+01
1.300000000000000000e+03,2.000000000000000000e+01
1.328000000000000000e+03,2.800000000000000000e+01
1.389000000000000000e+03,6.100000000000000000e+01
1.443000000000000000e+03,5.400000000000000000e+01
1.457000000000000000e+03,1.400000000000000000e+01
1.473000000000000000e+03,1.600000000000000000e+01
1.515000000000000000e+03,4.200000000000000000e+01
1.551000000000000000e+03,3.600000000000000000e+01
1.578000000000000000e+03,2.700000000000000000e+01
1.591000000000000000e+03,1.300000000000000000e+01
1.605000000000000000e+03,1.400000000000000000e+01
1.616000000000000000e+03,1.100000000000000000e+01
1.641000000000000000e+03,2.500000000000000000e+01
1.668000000000000000e+03,2.700000000000000000e+01
1.688000000000000000e+03,2.000000000000000000e+01
1.702000000000000000e+03,1.400000000000000000e+01
1.721000000000000000e+03,1.900000000000000000e+01
1.747000000000000000e+03,2.600000000000000000e+01
1.799000000000000000e+03,5.200000000000000000e+01
1.816000000000000000e+03,1.700000000000000000e+01
1.829000000000000000e+03,1.300000000000000000e+01
1.862000000000000000e+03,3.300000000000000000e+01
1.872000000000000000e+03,1.000000000000000000e+01
1.895000000000000000e+03,2.300000000000000000e+01
1.912000000000000000e+03,1.700000000000000000e+01
1.944000000000000000e+03,3.200000000000000000e+01
1.993000000000000000e+03,4.900000000000000000e+01
2.008000000000000000e+03,1.500000000000000000e+01
2.018000000000000000e+03,1.000000000000000000e+01
2.040000000000000000e+03,2.200000000000000000e+01
2.061000000000000000e+03,2.100000000000000000e+01
2.081000000000000000e+03,2.000000000000000000e+01
2.132000000000000000e+03,5.100000000000000000e+01
2.168000000000000000e+03,3.600000000000000000e+01
2.186000000000000000e+03,1.800000000000000000e+01
2.199000000000000000e+03,1.300000000000000000e+01
2.220000000000000000e+03,2.100000000000000000e+01
2.233000000000000000e+03,1.300000000000000000e+01
2.255000000000000000e+03,2.200000000000000000e+01
2.279000000000000000e+03,2.400000000000000000e+01
2.331000000000000000e+03,5.200000000000000000e+01
2.349000000000000000e+03,1.800000000000000000e+01
2.413000000000000000e+03,6.400000000000000000e+01
2.446000000000000000e+03,3.300000000000000000e+01
2.469000000000000000e+03,2.300000000000000000e+01
2.488000000000000000e+03,1.900000000000000000e+01
2.507000000000000000e+03,1.900000000000000000e+01
2.534000000000000000e+03,2.700000000000000000e+01
2.573000000000000000e+03,3.900000000000000000e+01
2.586000000000000000e+03,1.300000000000000000e+01
2.626000000000000000e+03,4.000000000000000000e+01
2.643000000000000000e+03,1.700000000000000000e+01
2.657000000000000000e+03,1.400000000000000000e+01
2.680000000000000000e+03,2.300000000000000000e+01
2.706000000000000000e+03,2.600000000000000000e+01
2.763000000000000000e+03,5.700000000000000000e+01
2.795000000000000000e+03,3.200000000000000000e+01
2.825000000000000000e+03,3.000000000000000000e+01
2.848000000000000000e+03,2.300000000000000000e+01
2.869000000000000000e+03,2.100000000000000000e+01
2.880000000000000000e+03,1.100000000000000000e+01
2.907000000000000000e+03,2.700000000000000000e+01
2.935000000000000000e+03,2.800000000000000000e+01
2.971000000000000000e+03,3.600000000000000000e+01
3.033000000000000000e+03,6.200000000000000000e+01
3.059000000000000000e+03,2.600000000000000000e+01
3.084000000000000000e+03,2.500000000000000000e+01
3.105000000000000000e+03,2.100000000000000000e+01
3.196000000000000000e+03,9.100000000000000000e+01
3.241000000000000000e+03,4.500000000000000000e+01
3.270000000000000000e+03,2.900000000000000000e+01
3.290000000000000000e+03,2.000000000000000000e+01
3.314000000000000000e+03,2.400000000000000000e+01
3.380000000000000000e+03,6.600000000000000000e+01
3.404000000000000000e+03,2.400000000000000000e+01
3.442000000000000000e+03,3.800000000000000000e+01
3.456000000000000000e+03,1.400000000000000000e+01
3.484000000000000000e+03,2.800000000000000000e+01
3.580000000000000000e+03,9.600000000000000000e+01
3.599000000000000000e+03,1.900000000000000000e+01
3.649000000000000000e+03,5.000000000000000000e+01
3.738000000000000000e+03,8.900000000000000000e+01
3.753000000000000000e+03,1.500000000000000000e+01
3.850000000000000000e+03,9.700000000000000000e+01
3.867000000000000000e+03,1.700000000000000000e+01
3.945000000000000000e+03,7.800000000000000000e+01
4.024000000000000000e+03,7.900000000000000000e+01
4.044000000000000000e+03,2.000000000000000000e+01
4.057000000000000000e+03,1.300000000000000000e+01
4.102000000000000000e+03,4.500000000000000000e+01
4.159000000000000000e+03,5.700000000000000000e+01
4.210000000000000000e+03,5.100000000000000000e+01
4.227000000000000000e+03,1.700000000000000000e+01
4.257000000000000000e+03,3.000000000000000000e+01
4.273000000000000000e+03,1.600000000000000000e+01
4.291000000000000000e+03,1.800000000000000000e+01
4.322000000000000000e+03,3.100000000000000000e+01
4.345000000000000000e+03,2.300000000000000000e+01
4.391000000000000000e+03,4.600000000000000000e+01
4.410000000000000000e+03,1.900000000000000000e+01
4.448000000000000000e+03,3.800000000000000000e+01
4.503000000000000000e+03,5.500000000000000000e+01
4.514000000000000000e+03,1.100000000000000000e+01
4.599000000000000000e+03,8.500000000000000000e+01
4.623000000000000000e+03,2.400000000000000000e+01
4.641000000000000000e+03,1.800000000000000000e+01
4.708000000000000000e+03,6.700000000000000000e+01
4.775000000000000000e+03,6.700000000000000000e+01
4.799000000000000000e+03,2.400000000000000000e+01
4.825000000000000000e+03,2.600000000000000000e+01
4.841000000000000000e+03,1.600000000000000000e+01
4.859000000000000000e+03,1.800000000000000000e+01
4.891000000000000000e+03,3.200000000000000000e+01
4.923000000000000000e+03,3.200000000000000000e+01
4.941000000000000000e+03,1.800000000000000000e+01
4.982000000000000000e+03,4.100000000000000000e+01
5.043000000000000000e+03,6.100000000000000000e+01
5.130000000000000000e+03,8.700000000000000000e+01
5.151000000000000000e+03,2.100000000000000000e+01
5.205000000000000000e+03,5.400000000000000000e+01
5.227000000000000000e+03,2.200000000000000000e+01
5.244000000000000000e+03,1.700000000000000000e+01
5.277000000000000000e+03,3.300000000000000000e+01
5.342000000000000000e+03,6.500000000000000000e+01
5.378000000000000000e+03,3.600000000000000000e+01
5.417000000000000000e+03,3.900000000000000000e+01
5.439000000000000000e+03,2.200000000000000000e+01
5.454000000000000000e+03,1.500000000000000000e+01
5.479000000000000000e+03,2.500000000000000000e+01
5.492000000000000000e+03,1.300000000000000000e+01
5.508000000000000000e+03,1.600000000000000000e+01
5.598000000000000000e+03,9.000000000000000000e+01
5.647000000000000000e+03,4.900000000000000000e+01
5.714000000000000000e+03,6.700000000000000000e+01
5.727000000000000000e+03,1.300000000000000000e+01
5.750000000000000000e+03,2.300000000000000000e+01
5.761000000000000000e+03,1.100000000000000000e+01
5.781000000000000000e+03,2.000000000000000000e+01
5.808000000000000000e+03,2.700000000000000000e+01
5.827000000000000000e+03,1.900000000000000000e+01
5.901000000000000000e+03,7.400000000000000000e+01
5.916000000000000000e+03,1.500000000000000000e+01
5.928000000000000000e+03,1.200000000000000000e+01
5.947000000000000000e+03,1.900000000000000000e+01
6.021000000000000000e+03,7.400000000000000000e+01
6.047000000000000000e+03,2.600000000000000000e+01
6.075000000000000000e+03,2.800000000000000000e+01
6.124000000000000000e+03,4.900000000000000000e+01
6.178000000000000000e+03,5.400000000000000000e+01
6.194000000000000000e+03,1.600000000000000000e+01
6.242000000000000000e+03,4.800000000000000000e+01
6.290000000000000000e+03,4.800000000000000000e+01
6.344000000000000000e+03,5.400000000000000000e+01
6.388000000000000000e+03,4.400000000000000000e+01
6.456000000000000000e+03,6.800000000000000000e+01
6.487000000000000000e+03,3.100000000000000000e+01
6.541000000000000000e+03,5.400000000000000000e+01
6.597000000000000000e+03,5.600000000000000000e+01
6.669000000000000000e+03,7.200000000000000000e+01
6.777000000000000000e+03,1.080000000000000000e+02
6.810000000000000000e+03,3.300000000000000000e+01
6.857000000000000000e+03,4.700000000000000000e+01
6.910000000000000000e+03,5.300000000000000000e+01
6.924000000000000000e+03,1.400000000000000000e+01
6.954000000000000000e+03,3.000000000000000000e+01
7.008000000000000000e+03,5.400000000000000000e+01
7.046000000000000000e+03,3.800000000000000000e+01
7.098000000000000000e+03,5.200000000000000000e+01
7.143000000000000000e+03,4.500000000000000000e+01
7.204000000000000000e+03,6.100000000000000000e+01
7.233000000000000000e+03,2.900000000000000000e+01
7.297000000000000000e+03,6.400000000000000000e+01
7.353000000000000000e+03,5.600000000000000000e+01
7.409000000000000000e+03,5.600000000000000000e+01
7.466000000000000000e+03,5.700000000000000000e+01
7.498000000000000000e+03,3.200000000000000000e+01
7.592000000000000000e+03,9.400000000000000000e+01
7.608000000000000000e+03,1.600000000000000000e+01
7.666000000000000000e+03,5.800000000000000000e+01
7.710000000000000000e+03,4.400000000000000000e+01
7.768000000000000000e+03,5.800000000000000000e+01
7.823000000000000000e+03,5.500000000000000000e+01
7.953000000000000000e+03,1.300000000000000000e+02
8.040000000000000000e+03,8.700000000000000000e+01
8.054000000000000000e+03,1.400000000000000000e+01
8.092000000000000000e+03,3.800000000000000000e+01
8.162000000000000000e+03,7.000000000000000000e+01
8.207000000000000000e+03,4.500000000000000000e+01
8.225000000000000000e+03,1.800000000000000000e+01
8.292000000000000000e+03,6.700000000000000000e+01
8.367000000000000000e+03,7.500000000000000000e+01
8.390000000000000000e+03,2.300000000000000000e+01
8.418000000000000000e+03,2.800000000000000000e+01
8.465000000000000000e+03,4.700000000000000000e+01
8.493000000000000000e+03,2.800000000000000000e+01
8.537000000000000000e+03,4.400000000000000000e+01
8.589000000000000000e+03,5.200000000000000000e+01
8.636000000000000000e+03,4.700000000000000000e+01
8.735000000000000000e+03,9.900000000000000000e+01
8.768000000000000000e+03,3.300000000000000000e+01
8.816000000000000000e+03,4.800000000000000000e+01
8.843000000000000000e+03,2.700000000000000000e+01
8.867000000000000000e+03,2.400000000000000000e+01
8.923000000000000000e+03,5.600000000000000000e+01
9.020000000000000000e+03,9.700000000000000000e+01
9.054000000000000000e+03,3.400000000000000000e+01
9.076000000000000000e+03,2.200000000000000000e+01
9.129000000000000000e+03,5.300000000000000000e+01
9.175000000000000000e+03,4.600000000000000000e+01
9.217000000000000000e+03,4.200000000000000000e+01
9.246000000000000000e+03,2.900000000000000000e+01
9.262000000000000000e+03,1.600000000000000000e+01
9.349000000000000000e+03,8.700000000000000000e+01
9.407000000000000000e+03,5.800000000000000000e+01
9.488000000000000000e+03,8.100000000000000000e+01
9.533000000000000000e+03,4.500000000000000000e+01
9.575000000000000000e+03,4.200000000000000000e+01
9.602000000000000000e+03,2.700000000000000000e+01
9.694000000000000000e+03,9.200000000000000000e+01
9.723000000000000000e+03,2.900000000000000000e+01
9.780000000000000000e+03,5.700000000000000000e+01
9.810000000000000000e+03,3.000000000000000000e+01
9.841000000000000000e+03,3.100000000000000000e+01
9.855000000000000000e+03,1.400000000000000000e+01
9.866000000000000000e+03,1.100000000000000000e+01
9.927000000000000000e+03,6.100000000000000000e+01
1.000100000000000000e+04,7.400000000000000000e+01
1.003100000000000000e+04,3.000000000000000000e+01
1.006400000000000000e+04,3.300000000000000000e+01
1.010400000000000000e+04,4.000000000000000000e+01
1.021700000000000000e+04,1.130000000000000000e+02
1.029000000000000000e+04,7.300000000000000000e+01
1.030200000000000000e+04,1.200000000000000000e+01
1.033500000000000000e+04,3.300000000000000000e+01
1.037400000000000000e+04,3.900000000000000000e+01
1.042100000000000000e+04,4.700000000000000000e+01
1.047400000000000000e+04,5.300000000000000000e+01
1.053200000000000000e+04,5.800000000000000000e+01
1.060600000000000000e+04,7.400000000000000000e+01
1.062500000000000000e+04,1.900000000000000000e+01
1.068500000000000000e+04,6.000000000000000000e+01
1.072700000000000000e+04,4.200000000000000000e+01
1.079100000000000000e+04,6.400000000000000000e+01
1.090500000000000000e+04,1.140000000000000000e+02
1.093200000000000000e+04,2.700000000000000000e+01
1.096700000000000000e+04,3.500000000000000000e+01
1.107700000000000000e+04,1.100000000000000000e+02
1.112200000000000000e+04,4.500000000000000000e+01
1.120300000000000000e+04,8.100000000000000000e+01
1.132200000000000000e+04,1.190000000000000000e+02
1.138800000000000000e+04,6.600000000000000000e+01
1.142900000000000000e+04,4.100000000000000000e+01
1.146000000000000000e+04,3.100000000000000000e+01
1.150700000000000000e+04,4.700000000000000000e+01
1.157000000000000000e+04,6.300000000000000000e+01
1.158200000000000000e+04,1.200000000000000000e+01
1.164000000000000000e+04,5.800000000000000000e+01
1.166300000000000000e+04,2.300000000000000000e+01
1.170000000000000000e+04,3.700000000000000000e+01
1.173200000000000000e+04,3.200000000000000000e+01
1.174500000000000000e+04,1.300000000000000000e+01
1.177000000000000000e+04,2.500000000000000000e+01
1.181200000000000000e+04,4.200000000000000000e+01
1.184100000000000000e+04,2.900000000000000000e+01
1.188700000000000000e+04,4.600000000000000000e+01
1.194600000000000000e+04,5.900000000000000000e+01
1.199000000000000000e+04,4.400000000000000000e+01
1.201500000000000000e+04,2.500000000000000000e+01
1.207600000000000000e+04,6.100000000000000000e+01
1.213600000000000000e+04,6.000000000000000000e+01
1.217300000000000000e+04,3.700000000000000000e+01
1.220900000000000000e+04,3.600000000000000000e+01
1.227400000000000000e+04,6.500000000000000000e+01
1.230300000000000000e+04,2.900000000000000000e+01
1.232800000000000000e+04,2.500000000000000000e+01
1.235700000000000000e+04,2.900000000000000000e+01
1.242000000000000000e+04,6.300000000000000000e+01
1.246800000000000000e+04,4.800000000000000000e+01
1.249500000000000000e+04,2.700000000000000000e+01
1.255600000000000000e+04,6.100000000000000000e+01
1.258700000000000000e+04,3.100000000000000000e+01
1.263900000000000000e+04,5.200000000000000000e+01
1.267500000000000000e+04,3.600000000000000000e+01
1.268500000000000000e+04,1.000000000000000000e+01
1.272000000000000000e+04,3.500000000000000000e+01
1.279100000000000000e+04,7.100000000000000000e+01
1.280600000000000000e+04,1.500000000000000000e+01
1.291900000000000000e+04,1.130000000000000000e+02
1.298100000000000000e+04,6.200000000000000000e+01
1.302100000000000000e+04,4.000000000000000000e+01
1.307100000000000000e+04,5.000000000000000000e+01
1.312400000000000000e+04,5.300000000000000000e+01
1.317000000000000000e+04,4.600000000000000000e+01
1.320600000000000000e+04,3.600000000000000000e+01
1.329100000000000000e+04,8.500000000000000000e+01
1.336800000000000000e+04,7.700000000000000000e+01
1.339000000000000000e+04,2.200000000000000000e+01
1.343100000000000000e+04,4.100000000000000000e+01
1.347400000000000000e+04,4.300000000000000000e+01
1.356500000000000000e+04,9.100000000000000000e+01
1.360000000000000000e+04,3.500000000000000000e+01
1.367600000000000000e+04,7.600000000000000000e+01
1.371700000000000000e+04,4.100000000000000000e+01
1.374100000000000000e+04,2.400000000000000000e+01
1.384300000000000000e+04,1.020000000000000000e+02
1.388900000000000000e+04,4.600000000000000000e+01
1.393200000000000000e+04,4.300000000000000000e+01
1.401300000000000000e+04,8.100000000000000000e+01
1.407200000000000000e+04,5.900000000000000000e+01
1.409400000000000000e+04,2.200000000000000000e+01
1.415300000000000000e+04,5.900000000000000000e+01
1.419500000000000000e+04,4.200000000000000000e+01
1.422900000000000000e+04,3.400000000000000000e+01
1.426200000000000000e+04,3.300000000000000000e+01
1.429800000000000000e+04,3.600000000000000000e+01
1.438200000000000000e+04,8.400000000000000000e+01
1.440900000000000000e+04,2.700000000000000000e+01
1.449300000000000000e+04,8.400000000000000000e+01
1.455300000000000000e+04,6.000000000000000000e+01
1.461000000000000000e+04,5.700000000000000000e+01
1.465800000000000000e+04,4.800000000000000000e+01
1.472400000000000000e+04,6.600000000000000000e+01
1.476200000000000000e+04,3.800000000000000000e+01
1.478800000000000000e+04,2.600000000000000000e+01
1.489000000000000000e+04,1.020000000000000000e+02
1.490300000000000000e+04,1.300000000000000000e+01
1.495900000000000000e+04,5.600000000000000000e+01
1.500400000000000000e+04,4.500000000000000000e+01
1.508300000000000000e+04,7.900000000000000000e+01
1.514500000000000000e+04,6.200000000000000000e+01
1.519400000000000000e+04,4.900000000000000000e+01
1.523600000000000000e+04,4.200000000000000000e+01
1.529600000000000000e+04,6.000000000000000000e+01
1.532600000000000000e+04,3.000000000000000000e+01
1.539200000000000000e+04,6.600000000000000000e+01
1.544500000000000000e+04,5.300000000000000000e+01
1.551000000000000000e+04,6.500000000000000000e+01
1.555900000000000000e+04,4.900000000000000000e+01
1.562800000000000000e+04,6.900000000000000000e+01
1.566800000000000000e+04,4.000000000000000000e+01
1.577000000000000000e+04,1.020000000000000000e+02
1.580300000000000000e+04,3.300000000000000000e+01
1.592600000000000000e+04,1.230000000000000000e+02
1.597100000000000000e+04,4.500000000000000000e+01
1.599600000000000000e+04,2.500000000000000000e+01
1.604900000000000000e+04,5.300000000000000000e+01
1.606300000000000000e+04,1.400000000000000000e+01
1.610600000000000000e+04,4.300000000000000000e+01
1.619300000000000000e+04,8.700000000000000000e+01
1.626800000000000000e+04,7.500000000000000000e+01
1.633200000000000000e+04,6.400000000000000000e+01
1.637400000000000000e+04,4.200000000000000000e+01
1.639000000000000000e+04,1.600000000000000000e+01
1.644200000000000000e+04,5.200000000000000000e+01
1.646600000000000000e+04,2.400000000000000000e+01
1.653000000000000000e+04,6.400000000000000000e+01
1.656200000000000000e+04,3.200000000000000000e+01
1.664000000000000000e+04,7.800000000000000000e+01
1.669000000000000000e+04,5.000000000000000000e+01
1.671200000000000000e+04,2.200000000000000000e+01
1.679200000000000000e+04,8.000000000000000000e+01
1.684100000000000000e+04,4.900000000000000000e+01
1.691300000000000000e+04,7.200000000000000000e+01
1.696500000000000000e+04,5.200000000000000000e+01
1.701900000000000000e+04,5.400000000000000000e+01
1.705500000000000000e+04,3.600000000000000000e+01
1.710000000000000000e+04,4.500000000000000000e+01
1.715700000000000000e+04,5.700000000000000000e+01
1.718000000000000000e+04,2.300000000000000000e+01
1.722500000000000000e+04,4.500000000000000000e+01
1.725100000000000000e+04,2.600000000000000000e+01
1.730700000000000000e+04,5.600000000000000000e+01
1.734000000000000000e+04,3.300000000000000000e+01
1.740400000000000000e+04,6.400000000000000000e+01
1.742500000000000000e+04,2.100000000000000000e+01
1.750900000000000000e+04,8.400000000000000000e+01
1.752000000000000000e+04,1.100000000000000000e+01
1.754400000000000000e+04,2.400000000000000000e+01
1.763000000000000000e+04,8.600000000000000000e+01
1.765400000000000000e+04,2.400000000000000000e+01
1.767700000000000000e+04,2.300000000000000000e+01
1.775500000000000000e+04,7.800000000000000000e+01
1.781000000000000000e+04,5.500000000000000000e+01
1.785400000000000000e+04,4.400000000000000000e+01
1.787500000000000000e+04,2.100000000000000000e+01
1.793700000000000000e+04,6.200000000000000000e+01
1.803000000000000000e+04,9.300000000000000000e+01
1.808900000000000000e+04,5.900000000000000000e+01
1.812700000000000000e+04,3.800000000000000000e+01
1.821500000000000000e+04,8.800000000000000000e+01
1.830800000000000000e+04,9.300000000000000000e+01
1.835000000000000000e+04,4.200000000000000000e+01
1.841600000000000000e+04,6.600000000000000000e+01
1.844700000000000000e+04,3.100000000000000000e+01
1.851500000000000000e+04,6.800000000000000000e+01
1.854000000000000000e+04,2.500000000000000000e+01
1.859300000000000000e+04,5.300000000000000000e+01
1.861200000000000000e+04,1.900000000000000000e+01
1.863600000000000000e+04,2.400000000000000000e+01
1.866400000000000000e+04,2.800000000000000000e+01
1.868300000000000000e+04,1.900000000000000000e+01
1.873000000000000000e+04,4.700000000000000000e+01
1.877600000000000000e+04,4.600000000000000000e+01
1.880300000000000000e+04,2.700000000000000000e+01
1.886100000000000000e+04,5.800000000000000000e+01
1.891400000000000000e+04,5.300000000000000000e+01
1.893500000000000000e+04,2.100000000000000000e+01
1.896400000000000000e+04,2.900000000000000000e+01
1.901700000000000000e+04,5.300000000000000000e+01
1.915800000000000000e+04,1.410000000000000000e+02
1.920500000000000000e+04,4.700000000000000000e+01
1.930000000000000000e+04,9.500000000000000000e+01
1.938500000000000000e+04,8.500000000000000000e+01
1.945300000000000000e+04,6.800000000000000000e+01
1.956700000000000000e+04,1.140000000000000000e+02
1.960200000000000000e+04,3.500000000000000000e+01
1.963000000000000000e+04,2.800000000000000000e+01
1.968700000000000000e+04,5.700000000000000000e+01
1.973200000000000000e+04,4.500000000000000000e+01
1.976000000000000000e+04,2.800000000000000000e+01
1.977000000000000000e+04,1.000000000000000000e+01
1.981400000000000000e+04,4.400000000000000000e+01
1.983700000000000000e+04,2.300000000000000000e+01
1.989000000000000000e+04,5.300000000000000000e+01
1.990300000000000000e+04,1.300000000000000000e+01
1.995200000000000000e+04,4.900000000000000000e+01
1.998300000000000000e+04,3.100000000000000000e+01
2.000400000000000000e+04,2.100000000000000000e+01
2.005400000000000000e+04,5.000000000000000000e+01
2.009500000000000000e+04,4.100000000000000000e+01
2.014600000000000000e+04,5.100000000000000000e+01
2.022300000000000000e+04,7.700000000000000000e+01
2.027000000000000000e+04,4.700000000000000000e+01
2.033200000000000000e+04,6.200000000000000000e+01
2.041000000000000000e+04,7.800000000000000000e+01
2.044100000000000000e+04,3.100000000000000000e+01
2.050300000000000000e+04,6.200000000000000000e+01
2.054400000000000000e+04,4.100000000000000000e+01
2.059100000000000000e+04,4.700000000000000000e+01
2.063400000000000000e+04,4.300000000000000000e+01
2.066600000000000000e+04,3.200000000000000000e+01
2.069000000000000000e+04,2.400000000000000000e+01
2.071300000000000000e+04,2.300000000000000000e+01
2.078200000000000000e+04,6.900000000000000000e+01
2.083600000000000000e+04,5.400000000000000000e+01
2.086500000000000000e+04,2.900000000000000000e+01
2.091600000000000000e+04,5.100000000000000000e+01
2.094100000000000000e+04,2.500000000000000000e+01
2.101500000000000000e+04,7.400000000000000000e+01
2.103800000000000000e+04,2.300000000000000000e+01
2.106800000000000000e+04,3.000000000000000000e+01
2.110900000000000000e+04,4.100000000000000000e+01
2.118600000000000000e+04,7.700000000000000000e+01
2.122900000000000000e+04,4.300000000000000000e+01
2.125900000000000000e+04,3.000000000000000000e+01
2.131800000000000000e+04,5.900000000000000000e+01
2.142500000000000000e+04,1.070000000000000000e+02
2.147600000000000000e+04,5.100000000000000000e+01
2.151900000000000000e+04,4.300000000000000000e+01
2.160500000000000000e+04,8.600000000000000000e+01
2.163900000000000000e+04,3.400000000000000000e+01
2.170000000000000000e+04,6.100000000000000000e+01
2.176800000000000000e+04,6.800000000000000000e+01
2.188100000000000000e+04,1.130000000000000000e+02
2.192600000000000000e+04,4.500000000000000000e+01
2.195200000000000000e+04,2.600000000000000000e+01
2.198000000000000000e+04,2.800000000000000000e+01
2.201200000000000000e+04,3.200000000000000000e+01
2.204900000000000000e+04,3.700000000000000000e+01
2.212300000000000000e+04,7.400000000000000000e+01
2.214500000000000000e+04,2.200000000000000000e+01
2.218800000000000000e+04,4.300000000000000000e+01
2.226000000000000000e+04,7.200000000000000000e+01
2.230400000000000000e+04,4.400000000000000000e+01
2.234200000000000000e+04,3.800000000000000000e+01
2.246000000000000000e+04,1.180000000000000000e+02
2.250200000000000000e+04,4.200000000000000000e+01
2.254400000000000000e+04,4.200000000000000000e+01
2.260700000000000000e+04,6.300000000000000000e+01
2.269500000000000000e+04,8.800000000000000000e+01
2.274000000000000000e+04,4.500000000000000000e+01
2.277500000000000000e+04,3.500000000000000000e+01
2.282500000000000000e+04,5.000000000000000000e+01
2.292400000000000000e+04,9.900000000000000000e+01
2.297800000000000000e+04,5.400000000000000000e+01
2.301400000000000000e+04,3.600000000000000000e+01
2.306400000000000000e+04,5.000000000000000000e+01
2.310900000000000000e+04,4.500000000000000000e+01
2.315500000000000000e+04,4.600000000000000000e+01
2.318900000000000000e+04,3.400000000000000000e+01
2.327200000000000000e+04,8.300000000000000000e+01
2.331400000000000000e+04,4.200000000000000000e+01
2.335700000000000000e+04,4.300000000000000000e+01
2.338400000000000000e+04,2.700000000000000000e+01
2.341000000000000000e+04,2.600000000000000000e+01
2.343000000000000000e+04,2.000000000000000000e+01
2.355900000000000000e+04,1.290000000000000000e+02
2.360500000000000000e+04,4.600000000000000000e+01
2.363700000000000000e+04,3.200000000000000000e+01
2.369600000000000000e+04,5.900000000000000000e+01
2.373200000000000000e+04,3.600000000000000000e+01
2.378100000000000000e+04,4.900000000000000000e+01
2.381600000000000000e+04,3.500000000000000000e+01
2.389900000000000000e+04,8.300000000000000000e+01
2.393500000000000000e+04,3.600000000000000000e+01
2.398000000000000000e+04,4.500000000000000000e+01
2.401400000000000000e+04,3.400000000000000000e+01
2.404200000000000000e+04,2.800000000000000000e+01
2.407300000000000000e+04,3.100000000000000000e+01
2.409200000000000000e+04,1.900000000000000000e+01
2.419500000000000000e+04,1.030000000000000000e+02
2.423400000000000000e+04,3.900000000000000000e+01
2.427000000000000000e+04,3.600000000000000000e+01
2.430400000000000000e+04,3.400000000000000000e+01
2.434500000000000000e+04,4.100000000000000000e+01
2.442600000000000000e+04,8.100000000000000000e+01
2.446400000000000000e+04,3.800000000000000000e+01
2.451800000000000000e+04,5.400000000000000000e+01
2.455800000000000000e+04,4.000000000000000000e+01
2.462500000000000000e+04,6.700000000000000000e+01
2.469400000000000000e+04,6.900000000000000000e+01
2.471200000000000000e+04,1.800000000000000000e+01
2.480500000000000000e+04,9.300000000000000000e+01
2.484700000000000000e+04,4.200000000000000000e+01
2.489500000000000000e+04,4.800000000000000000e+01
2.495600000000000000e+04,6.100000000000000000e+01
2.503500000000000000e+04,7.900000000000000000e+01
2.507700000000000000e+04,4.200000000000000000e+01
2.510200000000000000e+04,2.500000000000000000e+01
2.511500000000000000e+04,1.300000000000000000e+01
2.518900000000000000e+04,7.400000000000000000e+01
2.523900000000000000e+04,5.000000000000000000e+01
2.530400000000000000e+04,6.500000000000000000e+01
2.533800000000000000e+04,3.400000000000000000e+01
2.537200000000000000e+04,3.400000000000000000e+01
2.540500000000000000e+04,3.300000000000000000e+01
2.544700000000000000e+04,4.200000000000000000e+01
2.548400000000000000e+04,3.700000000000000000e+01
2.552100000000000000e+04,3.700000000000000000e+01
2.554800000000000000e+04,2.700000000000000000e+01
2.562400000000000000e+04,7.600000000000000000e+01
2.570300000000000000e+04,7.900000000000000000e+01
2.572200000000000000e+04,1.900000000000000000e+01
2.578400000000000000e+04,6.200000000000000000e+01
2.582400000000000000e+04,4.000000000000000000e+01
2.593100000000000000e+04,1.070000000000000000e+02
2.595900000000000000e+04,2.800000000000000000e+01
2.601300000000000000e+04,5.400000000000000000e+01
2.603100000000000000e+04,1.800000000000000000e+01
2.607300000000000000e+04,4.200000000000000000e+01
2.610000000000000000e+04,2.700000000000000000e+01
2.620400000000000000e+04,1.040000000000000000e+02
2.625000000000000000e+04,4.600000000000000000e+01
2.629600000000000000e+04,4.600000000000000000e+01
2.632600000000000000e+04,3.000000000000000000e+01
2.637500000000000000e+04,4.900000000000000000e+01
2.639900000000000000e+04,2.400000000000000000e+01
2.647600000000000000e+04,7.700000000000000000e+01
2.649800000000000000e+04,2.200000000000000000e+01
2.656200000000000000e+04,6.400000000000000000e+01
2.659600000000000000e+04,3.400000000000000000e+01
2.662000000000000000e+04,2.400000000000000000e+01
2.666400000000000000e+04,4.400000000000000000e+01
2.672900000000000000e+04,6.500000000000000000e+01
2.692500000000000000e+04,1.960000000000000000e+02
2.696000000000000000e+04,3.500000000000000000e+01
2.704700000000000000e+04,8.700000000000000000e+01
2.710200000000000000e+04,5.500000000000000000e+01
2.719100000000000000e+04,8.900000000000000000e+01
2.720700000000000000e+04,1.600000000000000000e+01
2.721800000000000000e+04,1.100000000000000000e+01
2.727100000000000000e+04,5.300000000000000000e+01
2.728600000000000000e+04,1.500000000000000000e+01
2.731100000000000000e+04,2.500000000000000000e+01
2.735100000000000000e+04,4.000000000000000000e+01
2.738800000000000000e+04,3.700000000000000000e+01
2.746800000000000000e+04,8.000000000000000000e+01
2.750400000000000000e+04,3.600000000000000000e+01
2.754300000000000000e+04,3.900000000000000000e+01
2.761300000000000000e+04,7.000000000000000000e+01
2.767800000000000000e+04,6.500000000000000000e+01
2.771900000000000000e+04,4.100000000000000000e+01
2.783500000000000000e+04,1.160000000000000000e+02
2.787000000000000000e+04,3.500000000000000000e+01
2.792100000000000000e+04,5.100000000000000000e+01
2.796400000000000000e+04,4.300000000000000000e+01
2.799200000000000000e+04,2.800000000000000000e+01
2.800500000000000000e+04,1.300000000000000000e+01
2.809200000000000000e+04,8.700000000000000000e+01
2.814700000000000000e+04,5.500000000000000000e+01
2.819900000000000000e+04,5.200000000000000000e+01
2.824400000000000000e+04,4.500000000000000000e+01
2.827500000000000000e+04,3.100000000000000000e+01
2.829500000000000000e+04,2.000000000000000000e+01
2.835900000000000000e+04,6.400000000000000000e+01
2.838200000000000000e+04,2.300000000000000000e+01
2.842500000000000000e+04,4.300000000000000000e+01
2.847000000000000000e+04,4.500000000000000000e+01
2.852800000000000000e+04,5.800000000000000000e+01
2.857900000000000000e+04,5.100000000000000000e+01
2.862600000000000000e+04,4.700000000000000000e+01
2.863900000000000000e+04,1.300000000000000000e+01
2.868100000000000000e+04,4.200000000000000000e+01
2.872000000000000000e+04,3.900000000000000000e+01
2.875200000000000000e+04,3.200000000000000000e+01
2.877600000000000000e+04,2.400000000000000000e+01
2.889100000000000000e+04,1.150000000000000000e+02
2.893900000000000000e+04,4.800000000000000000e+01
2.899500000000000000e+04,5.600000000000000000e+01
2.907300000000000000e+04,7.800000000000000000e+01
2.927100000000000000e+04,1.980000000000000000e+02
2.934500000000000000e+04,7.400000000000000000e+01
2.939600000000000000e+04,5.100000000000000000e+01
2.942200000000000000e+04,2.600000000000000000e+01
2.954300000000000000e+04,1.210000000000000000e+02
2.957700000000000000e+04,3.400000000000000000e+01
2.969800000000000000e+04,1.210000000000000000e+02
2.979400000000000000e+04,9.600000000000000000e+01
2.984800000000000000e+04,5.400000000000000000e+01
2.989600000000000000e+04,4.800000000000000000e+01
2.995000000000000000e+04,5.400000000000000000e+01
2.999800000000000000e+04,4.800000000000000000e+01
3.007700000000000000e+04,7.900000000000000000e+01
3.011000000000000000e+04,3.300000000000000000e+01
3.013800000000000000e+04,2.800000000000000000e+01
3.016600000000000000e+04,2.800000000000000000e+01
3.025800000000000000e+04,9.200000000000000000e+01
3.028400000000000000e+04,2.600000000000000000e+01
3.033400000000000000e+04,5.000000000000000000e+01
3.038200000000000000e+04,4.800000000000000000e+01
3.043600000000000000e+04,5.400000000000000000e+01
3.046200000000000000e+04,2.600000000000000000e+01
3.047600000000000000e+04,1.400000000000000000e+01
3.050500000000000000e+04,2.900000000000000000e+01
3.055800000000000000e+04,5.300000000000000000e+01
3.060000000000000000e+04,4.200000000000000000e+01
3.067200000000000000e+04,7.200000000000000000e+01
3.070900000000000000e+04,3.700000000000000000e+01
3.078100000000000000e+04,7.200000000000000000e+01
3.080300000000000000e+04,2.200000000000000000e+01
3.081400000000000000e+04,1.100000000000000000e+01
3.084700000000000000e+04,3.300000000000000000e+01
3.089600000000000000e+04,4.900000000000000000e+01
3.097200000000000000e+04,7.600000000000000000e+01
3.104900000000000000e+04,7.700000000000000000e+01
3.107300000000000000e+04,2.400000000000000000e+01
3.110200000000000000e+04,2.900000000000000000e+01
3.119500000000000000e+04,9.300000000000000000e+01
3.121900000000000000e+04,2.400000000000000000e+01
3.125900000000000000e+04,4.000000000000000000e+01
3.130200000000000000e+04,4.300000000000000000e+01
3.134300000000000000e+04,4.100000000000000000e+01
3.142300000000000000e+04,8.000000000000000000e+01
3.147800000000000000e+04,5.500000000000000000e+01
3.152800000000000000e+04,5.000000000000000000e+01
3.158700000000000000e+04,5.900000000000000000e+01
3.164500000000000000e+04,5.800000000000000000e+01
3.168500000000000000e+04,4.000000000000000000e+01
3.172600000000000000e+04,4.100000000000000000e+01
3.175500000000000000e+04,2.900000000000000000e+01
3.181800000000000000e+04,6.300000000000000000e+01
3.188200000000000000e+04,6.400000000000000000e+01
3.192500000000000000e+04,4.300000000000000000e+01
3.195900000000000000e+04,3.400000000000000000e+01
3.200300000000000000e+04,4.400000000000000000e+01
3.209400000000000000e+04,9.100000000000000000e+01
3.214500000000000000e+04,5.100000000000000000e+01
3.224700000000000000e+04,1.020000000000000000e+02
3.232800000000000000e+04,8.100000000000000000e+01
3.247800000000000000e+04,1.500000000000000000e+02
3.250300000000000000e+04,2.500000000000000000e+01
3.253500000000000000e+04,3.200000000000000000e+01
3.258300000000000000e+04,4.800000000000000000e+01
3.263700000000000000e+04,5.400000000000000000e+01
3.270000000000000000e+04,6.300000000000000000e+01
3.276500000000000000e+04,6.500000000000000000e+01
3.279600000000000000e+04,3.100000000000000000e+01
3.284900000000000000e+04,5.300000000000000000e+01
3.295200000000000000e+04,1.030000000000000000e+02
3.298500000000000000e+04,3.300000000000000000e+01
3.300600000000000000e+04,2.100000000000000000e+01
3.305100000000000000e+04,4.500000000000000000e+01
3.308800000000000000e+04,3.700000000000000000e+01
3.311600000000000000e+04,2.800000000000000000e+01
3.315700000000000000e+04,4.100000000000000000e+01
3.327200000000000000e+04,1.150000000000000000e+02
3.330100000000000000e+04,2.900000000000000000e+01
3.337200000000000000e+04,7.100000000000000000e+01
3.340700000000000000e+04,3.500000000000000000e+01
3.347200000000000000e+04,6.500000000000000000e+01
3.354300000000000000e+04,7.100000000000000000e+01
3.356800000000000000e+04,2.500000000000000000e+01
3.359400000000000000e+04,2.600000000000000000e+01
3.362500000000000000e+04,3.100000000000000000e+01
3.366200000000000000e+04,3.700000000000000000e+01
3.368400000000000000e+04,2.200000000000000000e+01
3.372100000000000000e+04,3.700000000000000000e+01
3.379500000000000000e+04,7.400000000000000000e+01
3.387300000000000000e+04,7.800000000000000000e+01
3.391800000000000000e+04,4.500000000000000000e+01
3.394700000000000000e+04,2.900000000000000000e+01
3.398200000000000000e+04,3.500000000000000000e+01
3.401900000000000000e+04,3.700000000000000000e+01
3.406100000000000000e+04,4.200000000000000000e+01
3.411300000000000000e+04,5.200000000000000000e+01
3.418600000000000000e+04,7.300000000000000000e+01
3.431100000000000000e+04,1.250000000000000000e+02
3.435400000000000000e+04,4.300000000000000000e+01
3.437700000000000000e+04,2.300000000000000000e+01
3.446600000000000000e+04,8.900000000000000000e+01
3.450900000000000000e+04,4.300000000000000000e+01
3.454500000000000000e+04,3.600000000000000000e+01
3.461400000000000000e+04,6.900000000000000000e+01
3.465000000000000000e+04,3.600000000000000000e+01
3.467500000000000000e+04,2.500000000000000000e+01
3.471000000000000000e+04,3.500000000000000000e+01
3.478600000000000000e+04,7.600000000000000000e+01
3.483900000000000000e+04,5.300000000000000000e+01
3.486500000000000000e+04,2.600000000000000000e+01
3.494400000000000000e+04,7.900000000000000000e+01
3.496600000000000000e+04,2.200000000000000000e+01
3.503400000000000000e+04,6.800000000000000000e+01
3.509800000000000000e+04,6.400000000000000000e+01
3.512500000000000000e+04,2.700000000000000000e+01
3.520100000000000000e+04,7.600000000000000000e+01
3.523100000000000000e+04,3.000000000000000000e+01
3.525500000000000000e+04,2.400000000000000000e+01
3.531100000000000000e+04,5.600000000000000000e+01
3.537700000000000000e+04,6.600000000000000000e+01
3.543700000000000000e+04,6.000000000000000000e+01
3.552900000000000000e+04,9.200000000000000000e+01
3.556300000000000000e+04,3.400000000000000000e+01
3.561400000000000000e+04,5.100000000000000000e+01
3.568900000000000000e+04,7.500000000000000000e+01
3.571300000000000000e+04,2.400000000000000000e+01
3.577100000000000000e+04,5.800000000000000000e+01
3.584100000000000000e+04,7.000000000000000000e+01
3.587300000000000000e+04,3.200000000000000000e+01
3.595100000000000000e+04,7.800000000000000000e+01
3.599200000000000000e+04,4.100000000000000000e+01
3.602100000000000000e+04,2.900000000000000000e+01
3.604200000000000000e+04,2.100000000000000000e+01
3.608000000000000000e+04,3.800000000000000000e+01
3.611700000000000000e+04,3.700000000000000000e+01
3.617800000000000000e+04,6.100000000000000000e+01
3.623100000000000000e+04,5.300000000000000000e+01
3.627300000000000000e+04,4.200000000000000000e+01
3.631500000000000000e+04,4.200000000000000000e+01
3.634300000000000000e+04,2.800000000000000000e+01
3.638900000000000000e+04,4.600000000000000000e+01
3.642300000000000000e+04,3.400000000000000000e+01
3.645600000000000000e+04,3.300000000000000000e+01
3.650400000000000000e+04,4.800000000000000000e+01
3.655100000000000000e+04,4.700000000000000000e+01
3.665000000000000000e+04,9.900000000000000000e+01
3.668300000000000000e+04,3.300000000000000000e+01
3.675700000000000000e+04,7.400000000000000000e+01
3.678500000000000000e+04,2.800000000000000000e+01
3.682100000000000000e+04,3.600000000000000000e+01
3.687400000000000000e+04,5.300000000000000000e+01
3.693700000000000000e+04,6.300000000000000000e+01
3.697500000000000000e+04,3.800000000000000000e+01
3.703800000000000000e+04,6.300000000000000000e+01
3.706500000000000000e+04,2.700000000000000000e+01
3.710100000000000000e+04,3.600000000000000000e+01
3.719700000000000000e+04,9.600000000000000000e+01
3.725100000000000000e+04,5.400000000000000000e+01
3.732000000000000000e+04,6.900000000000000000e+01
3.735900000000000000e+04,3.900000000000000000e+01
3.741800000000000000e+04,5.900000000000000000e+01
3.749100000000000000e+04,7.300000000000000000e+01
3.751300000000000000e+04,2.200000000000000000e+01
3.753600000000000000e+04,2.300000000000000000e+01
3.757500000000000000e+04,3.900000000000000000e+01
3.764600000000000000e+04,7.100000000000000000e+01
3.769000000000000000e+04,4.400000000000000000e+01
3.773300000000000000e+04,4.300000000000000000e+01
3.781100000000000000e+04,7.800000000000000000e+01
3.785700000000000000e+04,4.600000000000000000e+01
3.793900000000000000e+04,8.200000000000000000e+01
3.796900000000000000e+04,3.000000000000000000e+01
3.800600000000000000e+04,3.700000000000000000e+01
3.804800000000000000e+04,4.200000000000000000e+01
3.810500000000000000e+04,5.700000000000000000e+01
3.814300000000000000e+04,3.800000000000000000e+01
3.818200000000000000e+04,3.900000000000000000e+01
3.823200000000000000e+04,5.000000000000000000e+01
3.827200000000000000e+04,4.000000000000000000e+01
3.832900000000000000e+04,5.700000000000000000e+01
3.837000000000000000e+04,4.100000000000000000e+01
3.847500000000000000e+04,1.050000000000000000e+02
3.850200000000000000e+04,2.700000000000000000e+01
3.852800000000000000e+04,2.600000000000000000e+01
3.857600000000000000e+04,4.800000000000000000e+01
3.861600000000000000e+04,4.000000000000000000e+01
3.868700000000000000e+04,7.100000000000000000e+01
3.872300000000000000e+04,3.600000000000000000e+01
3.876900000000000000e+04,4.600000000000000000e+01
3.881000000000000000e+04,4.100000000000000000e+01
3.885400000000000000e+04,4.400000000000000000e+01
3.891100000000000000e+04,5.700000000000000000e+01
3.898600000000000000e+04,7.500000000000000000e+01
3.901400000000000000e+04,2.800000000000000000e+01
3.905100000000000000e+04,3.700000000000000000e+01
3.915400000000000000e+04,1.030000000000000000e+02
3.920000000000000000e+04,4.600000000000000000e+01
3.925300000000000000e+04,5.300000000000000000e+01
3.928200000000000000e+04,2.900000000000000000e+01
3.933400000000000000e+04,5.200000000000000000e+01
3.941000000000000000e+04,7.600000000000000000e+01
3.943100000000000000e+04,2.100000000000000000e+01
3.947000000000000000e+04,3.900000000000000000e+01
3.950800000000000000e+04,3.800000000000000000e+01
3.957300000000000000e+04,6.500000000000000000e+01
3.962100000000000000e+04,4.800000000000000000e+01
3.968400000000000000e+04,6.300000000000000000e+01
3.977400000000000000e+04,9.000000000000000000e+01
3.986300000000000000e+04,8.900000000000000000e+01
3.992400000000000000e+04,6.100000000000000000e+01
3.998300000000000000e+04,5.900000000000000000e+01
4.001100000000000000e+04,2.800000000000000000e+01
4.005300000000000000e+04,4.200000000000000000e+01
4.007800000000000000e+04,2.500000000000000000e+01
4.012300000000000000e+04,4.500000000000000000e+01
4.017700000000000000e+04,5.400000000000000000e+01
4.022300000000000000e+04,4.600000000000000000e+01
4.029100000000000000e+04,6.800000000000000000e+01
4.033000000000000000e+04,3.900000000000000000e+01
4.037400000000000000e+04,4.400000000000000000e+01
4.039900000000000000e+04,2.500000000000000000e+01
4.044500000000000000e+04,4.600000000000000000e+01
4.049100000000000000e+04,4.600000000000000000e+01
4.052000000000000000e+04,2.900000000000000000e+01
4.056900000000000000e+04,4.900000000000000000e+01
4.061600000000000000e+04,4.700000000000000000e+01
4.066100000000000000e+04,4.500000000000000000e+01
4.069300000000000000e+04,3.200000000000000000e+01
4.073600000000000000e+04,4.300000000000000000e+01
4.078400000000000000e+04,4.800000000000000000e+01
4.083000000000000000e+04,4.600000000000000000e+01
4.090800000000000000e+04,7.800000000000000000e+01
4.096200000000000000e+04,5.400000000000000000e+01
4.104600000000000000e+04,8.400000000000000000e+01
4.108300000000000000e+04,3.700000000000000000e+01
4.112700000000000000e+04,4.400000000000000000e+01
4.118100000000000000e+04,5.400000000000000000e+01
4.122800000000000000e+04,4.700000000000000000e+01
4.127900000000000000e+04,5.100000000000000000e+01
4.133100000000000000e+04,5.200000000000000000e+01
4.138800000000000000e+04,5.700000000000000000e+01
4.140000000000000000e+04,1.200000000000000000e+01
4.147500000000000000e+04,7.500000000000000000e+01
4.151000000000000000e+04,3.500000000000000000e+01
4.156900000000000000e+04,5.900000000000000000e+01
4.163100000000000000e+04,6.200000000000000000e+01
4.167300000000000000e+04,4.200000000000000000e+01
4.172400000000000000e+04,5.100000000000000000e+01
4.175100000000000000e+04,2.700000000000000000e+01
4.179600000000000000e+04,4.500000000000000000e+01
4.186600000000000000e+04,7.000000000000000000e+01
4.189100000000000000e+04,2.500000000000000000e+01
4.193100000000000000e+04,4.000000000000000000e+01
4.198700000000000000e+04,5.600000000000000000e+01
4.208100000000000000e+04,9.400000000000000000e+01
4.216200000000000000e+04,8.100000000000000000e+01
4.219700000000000000e+04,3.500000000000000000e+01
4.223000000000000000e+04,3.300000000000000000e+01
4.231100000000000000e+04,8.100000000000000000e+01
4.233900000000000000e+04,2.800000000000000000e+01
4.240600000000000000e+04,6.700000000000000000e+01
4.245300000000000000e+04,4.700000000000000000e+01
4.248100000000000000e+04,2.800000000000000000e+01
4.250400000000000000e+04,2.300000000000000000e+01
4.254400000000000000e+04,4.000000000000000000e+01
4.258900000000000000e+04,4.500000000000000000e+01
4.266100000000000000e+04,7.200000000000000000e+01
4.267300000000000000e+04,1.200000000000000000e+01
4.270300000000000000e+04,3.000000000000000000e+01
4.274100000000000000e+04,3.800000000000000000e+01
4.278700000000000000e+04,4.600000000000000000e+01
4.281700000000000000e+04,3.000000000000000000e+01
4.287500000000000000e+04,5.800000000000000000e+01
4.295300000000000000e+04,7.800000000000000000e+01
4.298200000000000000e+04,2.900000000000000000e+01
4.303100000000000000e+04,4.900000000000000000e+01
4.309500000000000000e+04,6.400000000000000000e+01
4.313600000000000000e+04,4.100000000000000000e+01
4.316700000000000000e+04,3.100000000000000000e+01
4.326200000000000000e+04,9.500000000000000000e+01
4.330100000000000000e+04,3.900000000000000000e+01
4.332900000000000000e+04,2.800000000000000000e+01
4.336700000000000000e+04,3.800000000000000000e+01
4.340500000000000000e+04,3.800000000000000000e+01
4.347700000000000000e+04,7.200000000000000000e+01
4.352000000000000000e+04,4.300000000000000000e+01
4.356200000000000000e+04,4.200000000000000000e+01
4.359400000000000000e+04,3.200000000000000000e+01
4.366600000000000000e+04,7.200000000000000000e+01
4.372200000000000000e+04,5.600000000000000000e+01
4.375700000000000000e+04,3.500000000000000000e+01
4.380600000000000000e+04,4.900000000000000000e+01
4.386000000000000000e+04,5.400000000000000000e+01
4.391900000000000000e+04,5.900000000000000000e+01
4.397500000000000000e+04,5.600000000000000000e+01
4.402300000000000000e+04,4.800000000000000000e+01
4.408000000000000000e+04,5.700000000000000000e+01
4.413500000000000000e+04,5.500000000000000000e+01
4.417000000000000000e+04,3.500000000000000000e+01
4.419400000000000000e+04,2.400000000000000000e+01
4.426900000000000000e+04,7.500000000000000000e+01
4.431100000000000000e+04,4.200000000000000000e+01
4.434900000000000000e+04,3.800000000000000000e+01
4.440600000000000000e+04,5.700000000000000000e+01
4.443300000000000000e+04,2.700000000000000000e+01
4.445700000000000000e+04,2.400000000000000000e+01
4.450300000000000000e+04,4.600000000000000000e+01
4.454000000000000000e+04,3.700000000000000000e+01
4.455200000000000000e+04,1.200000000000000000e+01
4.460500000000000000e+04,5.300000000000000000e+01
4.470700000000000000e+04,1.020000000000000000e+02
4.474600000000000000e+04,3.900000000000000000e+01
4.475700000000000000e+04,1.100000000000000000e+01
4.477400000000000000e+04,1.700000000000000000e+01
4.482500000000000000e+04,5.100000000000000000e+01
4.484700000000000000e+04,2.200000000000000000e+01
4.491600000000000000e+04,6.900000000000000000e+01
4.496000000000000000e+04,4.400000000000000000e+01
4.498900000000000000e+04,2.900000000000000000e+01
4.504200000000000000e+04,5.300000000000000000e+01
4.508600000000000000e+04,4.400000000000000000e+01
4.515000000000000000e+04,6.400000000000000000e+01
4.518900000000000000e+04,3.900000000000000000e+01
4.522600000000000000e+04,3.700000000000000000e+01
4.527300000000000000e+04,4.700000000000000000e+01
4.530400000000000000e+04,3.100000000000000000e+01
4.535000000000000000e+04,4.600000000000000000e+01
4.539800000000000000e+04,4.800000000000000000e+01
4.545800000000000000e+04,6.000000000000000000e+01
4.552900000000000000e+04,7.100000000000000000e+01
4.555500000000000000e+04,2.600000000000000000e+01
4.558000000000000000e+04,2.500000000000000000e+01
4.561700000000000000e+04,3.700000000000000000e+01
4.564500000000000000e+04,2.800000000000000000e+01
4.569700000000000000e+04,5.200000000000000000e+01
4.575000000000000000e+04,5.300000000000000000e+01
4.579100000000000000e+04,4.100000000000000000e+01
4.584300000000000000e+04,5.200000000000000000e+01
4.590100000000000000e+04,5.800000000000000000e+01
4.596400000000000000e+04,6.300000000000000000e+01
4.602600000000000000e+04,6.200000000000000000e+01
4.606700000000000000e+04,4.100000000000000000e+01
4.612000000000000000e+04,5.300000000000000000e+01
4.613100000000000000e+04,1.100000000000000000e+01
4.618700000000000000e+04,5.600000000000000000e+01
4.623500000000000000e+04,4.800000000000000000e+01
4.627400000000000000e+04,3.900000000000000000e+01
4.630500000000000000e+04,3.100000000000000000e+01
4.634400000000000000e+04,3.900000000000000000e+01
4.640300000000000000e+04,5.900000000000000000e+01
4.644100000000000000e+04,3.800000000000000000e+01
4.649500000000000000e+04,5.400000000000000000e+01
4.658000000000000000e+04,8.500000000000000000e+01
4.662400000000000000e+04,4.400000000000000000e+01
4.665900000000000000e+04,3.500000000000000000e+01
4.668300000000000000e+04,2.400000000000000000e+01
4.677100000000000000e+04,8.800000000000000000e+01
4.682100000000000000e+04,5.000000000000000000e+01
4.688500000000000000e+04,6.400000000000000000e+01
4.690800000000000000e+04,2.300000000000000000e+01
4.698400000000000000e+04,7.600000000000000000e+01
4.703000000000000000e+04,4.600000000000000000e+01
4.707300000000000000e+04,4.300000000000000000e+01
4.709600000000000000e+04,2.300000000000000000e+01
4.713500000000000000e+04,3.900000000000000000e+01
4.719600000000000000e+04,6.100000000000000000e+01
4.724800000000000000e+04,5.200000000000000000e+01
4.727700000000000000e+04,2.900000000000000000e+01
4.731500000000000000e+04,3.800000000000000000e+01
4.733800000000000000e+04,2.300000000000000000e+01
4.738600000000000000e+04,4.800000000000000000e+01
4.743800000000000000e+04,5.200000000000000000e+01
4.748700000000000000e+04,4.900000000000000000e+01
4.757600000000000000e+04,8.900000000000000000e+01
4.760600000000000000e+04,3.000000000000000000e+01
4.764500000000000000e+04,3.900000000000000000e+01
4.768600000000000000e+04,4.100000000000000000e+01
4.771500000000000000e+04,2.900000000000000000e+01
4.779500000000000000e+04,8.000000000000000000e+01
4.792500000000000000e+04,1.300000000000000000e+02
4.797500000000000000e+04,5.000000000000000000e+01
4.801800000000000000e+04,4.300000000000000000e+01
4.807100000000000000e+04,5.300000000000000000e+01
4.813500000000000000e+04,6.400000000000000000e+01
4.817500000000000000e+04,4.000000000000000000e+01
4.820400000000000000e+04,2.900000000000000000e+01
4.823100000000000000e+04,2.700000000000000000e+01
4.828300000000000000e+04,5.200000000000000000e+01
4.830900000000000000e+04,2.600000000000000000e+01
4.837600000000000000e+04,6.700000000000000000e+01
4.841100000000000000e+04,3.500000000000000000e+01
4.846700000000000000e+04,5.600000000000000000e+01
4.850500000000000000e+04,3.800000000000000000e+01
4.855000000000000000e+04,4.500000000000000000e+01
4.858900000000000000e+04,3.900000000000000000e+01
4.865200000000000000e+04,6.300000000000000000e+01
4.868000000000000000e+04,2.800000000000000000e+01
4.871900000000000000e+04,3.900000000000000000e+01
4.875900000000000000e+04,4.000000000000000000e+01
4.889100000000000000e+04,1.320000000000000000e+02
4.891600000000000000e+04,2.500000000000000000e+01
4.894600000000000000e+04,3.000000000000000000e+01
4.898700000000000000e+04,4.100000000000000000e+01
4.902500000000000000e+04,3.800000000000000000e+01
4.905300000000000000e+04,2.800000000000000000e+01
4.909400000000000000e+04,4.100000000000000000e+01
4.913600000000000000e+04,4.200000000000000000e+01
4.918700000000000000e+04,5.100000000000000000e+01
4.922900000000000000e+04,4.200000000000000000e+01
4.927000000000000000e+04,4.100000000000000000e+01
4.932100000000000000e+04,5.100000000000000000e+01
4.937100000000000000e+04,5.000000000000000000e+01
4.941900000000000000e+04,4.800000000000000000e+01
4.945200000000000000e+04,3.300000000000000000e+01
4.950400000000000000e+04,5.200000000000000000e+01
4.954100000000000000e+04,3.700000000000000000e+01
4.960500000000000000e+04,6.400000000000000000e+01
4.967200000000000000e+04,6.700000000000000000e+01
4.970800000000000000e+04,3.600000000000000000e+01
4.975300000000000000e+04,4.500000000000000000e+01
4.978900000000000000e+04,3.600000000000000000e+01
4.987700000000000000e+04,8.800000000000000000e+01
4.991100000000000000e+04,3.400000000000000000e+01
5.000200000000000000e+04,9.100000000000000000e+01
5.006100000000000000e+04,5.900000000000000000e+01
5.009600000000000000e+04,3.500000000000000000e+01
5.010900000000000000e+04,1.300000000000000000e+01
5.013200000000000000e+04,2.300000000000000000e+01
5.016900000000000000e+04,3.700000000000000000e+01
5.021400000000000000e+04,4.500000000000000000e+01
5.025500000000000000e+04,4.100000000000000000e+01
5.030800000000000000e+04,5.300000000000000000e+01
5.034600000000000000e+04,3.800000000000000000e+01
5.038600000000000000e+04,4.000000000000000000e+01
5.045000000000000000e+04,6.400000000000000000e+01
5.048800000000000000e+04,3.800000000000000000e+01
5.052400000000000000e+04,3.600000000000000000e+01
5.058400000000000000e+04,6.000000000000000000e+01
5.063900000000000000e+04,5.500000000000000000e+01
5.066200000000000000e+04,2.300000000000000000e+01
5.072700000000000000e+04,6.500000000000000000e+01
5.075600000000000000e+04,2.900000000000000000e+01
5.078600000000000000e+04,3.000000000000000000e+01
5.084500000000000000e+04,5.900000000000000000e+01
5.088600000000000000e+04,4.100000000000000000e+01
5.093800000000000000e+04,5.200000000000000000e+01
5.097700000000000000e+04,3.900000000000000000e+01
5.103200000000000000e+04,5.500000000000000000e+01
5.106600000000000000e+04,3.400000000000000000e+01
5.110700000000000000e+04,4.100000000000000000e+01
5.115000000000000000e+04,4.300000000000000000e+01
5.117500000000000000e+04,2.500000000000000000e+01
5.120300000000000000e+04,2.800000000000000000e+01
5.124400000000000000e+04,4.100000000000000000e+01
5.132000000000000000e+04,7.600000000000000000e+01
5.136800000000000000e+04,4.800000000000000000e+01
5.141300000000000000e+04,4.500000000000000000e+01
5.145100000000000000e+04,3.800000000000000000e+01
5.150600000000000000e+04,5.500000000000000000e+01
5.156400000000000000e+04,5.800000000000000000e+01
5.160800000000000000e+04,4.400000000000000000e+01
5.164500000000000000e+04,3.700000000000000000e+01
5.169600000000000000e+04,5.100000000000000000e+01
5.174100000000000000e+04,4.500000000000000000e+01
5.178200000000000000e+04,4.100000000000000000e+01
5.184000000000000000e+04,5.800000000000000000e+01
5.186900000000000000e+04,2.900000000000000000e+01
5.193100000000000000e+04,6.200000000000000000e+01
5.199400000000000000e+04,6.300000000000000000e+01
5.203500000000000000e+04,4.100000000000000000e+01
5.206000000000000000e+04,2.500000000000000000e+01
5.210700000000000000e+04,4.700000000000000000e+01
5.217800000000000000e+04,7.100000000000000000e+01
5.221300000000000000e+04,3.500000000000000000e+01
5.226600000000000000e+04,5.300000000000000000e+01
5.228900000000000000e+04,2.300000000000000000e+01
5.234300000000000000e+04,5.400000000000000000e+01
5.238900000000000000e+04,4.600000000000000000e+01
5.242900000000000000e+04,4.000000000000000000e+01
5.248000000000000000e+04,5.100000000000000000e+01
5.252900000000000000e+04,4.900000000000000000e+01
5.259300000000000000e+04,6.400000000000000000e+01
5.265800000000000000e+04,6.500000000000000000e+01
5.272200000000000000e+04,6.400000000000000000e+01
5.275400000000000000e+04,3.200000000000000000e+01
5.281400000000000000e+04,6.000000000000000000e+01
5.285800000000000000e+04,4.400000000000000000e+01
5.293400000000000000e+04,7.600000000000000000e+01
5.296600000000000000e+04,3.200000000000000000e+01
5.301000000000000000e+04,4.400000000000000000e+01
5.306000000000000000e+04,5.000000000000000000e+01
5.310100000000000000e+04,4.100000000000000000e+01
5.313900000000000000e+04,3.800000000000000000e+01
5.317400000000000000e+04,3.500000000000000000e+01
5.321600000000000000e+04,4.200000000000000000e+01
5.324100000000000000e+04,2.500000000000000000e+01
5.327100000000000000e+04,3.000000000000000000e+01
5.329600000000000000e+04,2.500000000000000000e+01
5.334000000000000000e+04,4.400000000000000000e+01
5.337500000000000000e+04,3.500000000000000000e+01
5.341300000000000000e+04,3.800000000000000000e+01
5.346500000000000000e+04,5.200000000000000000e+01
5.350500000000000000e+04,4.000000000000000000e+01
5.354300000000000000e+04,3.800000000000000000e+01
5.356700000000000000e+04,2.400000000000000000e+01
5.362800000000000000e+04,6.100000000000000000e+01
5.369900000000000000e+04,7.100000000000000000e+01
5.375600000000000000e+04,5.700000000000000000e+01
5.379400000000000000e+04,3.800000000000000000e+01
5.384000000000000000e+04,4.600000000000000000e+01
5.390800000000000000e+04,6.800000000000000000e+01
5.394900000000000000e+04,4.100000000000000000e+01
5.400400000000000000e+04,5.500000000000000000e+01
5.404600000000000000e+04,4.200000000000000000e+01
5.408400000000000000e+04,3.800000000000000000e+01
5.418000000000000000e+04,9.600000000000000000e+01
5.423700000000000000e+04,5.700000000000000000e+01
5.428400000000000000e+04,4.700000000000000000e+01
5.433000000000000000e+04,4.600000000000000000e+01
5.437400000000000000e+04,4.400000000000000000e+01
5.440900000000000000e+04,3.500000000000000000e+01
5.445300000000000000e+04,4.400000000000000000e+01
5.451200000000000000e+04,5.900000000000000000e+01
5.455900000000000000e+04,4.700000000000000000e+01
5.462100000000000000e+04,6.200000000000000000e+01
5.466000000000000000e+04,3.900000000000000000e+01
5.473600000000000000e+04,7.600000000000000000e+01
5.479000000000000000e+04,5.400000000000000000e+01
5.482600000000000000e+04,3.600000000000000000e+01
5.486500000000000000e+04,3.900000000000000000e+01
5.493500000000000000e+04,7.000000000000000000e+01
5.497600000000000000e+04,4.100000000000000000e+01
5.501800000000000000e+04,4.200000000000000000e+01
5.507300000000000000e+04,5.500000000000000000e+01
5.511500000000000000e+04,4.200000000000000000e+01
5.515200000000000000e+04,3.700000000000000000e+01
5.519200000000000000e+04,4.000000000000000000e+01
5.521600000000000000e+04,2.400000000000000000e+01
5.530000000000000000e+04,8.400000000000000000e+01
5.532500000000000000e+04,2.500000000000000000e+01
5.536100000000000000e+04,3.600000000000000000e+01
5.538600000000000000e+04,2.500000000000000000e+01
5.543500000000000000e+04,4.900000000000000000e+01
5.546100000000000000e+04,2.600000000000000000e+01
5.552500000000000000e+04,6.400000000000000000e+01
5.557500000000000000e+04,5.000000000000000000e+01
5.561400000000000000e+04,3.900000000000000000e+01
5.563900000000000000e+04,2.500000000000000000e+01
5.567900000000000000e+04,4.000000000000000000e+01
5.573300000000000000e+04,5.400000000000000000e+01
5.578500000000000000e+04,5.200000000000000000e+01
5.583600000000000000e+04,5.100000000000000000e+01
5.587700000000000000e+04,4.100000000000000000e+01
5.591900000000000000e+04,4.200000000000000000e+01
5.596100000000000000e+04,4.200000000000000000e+01
5.601100000000000000e+04,5.000000000000000000e+01
5.607500000000000000e+04,6.400000000000000000e+01
5.611400000000000000e+04,3.900000000000000000e+01
5.618100000000000000e+04,6.700000000000000000e+01
5.623500000000000000e+04,5.400000000000000000e+01
5.627500000000000000e+04,4.000000000000000000e+01
5.631700000000000000e+04,4.200000000000000000e+01
5.636700000000000000e+04,5.000000000000000000e+01
5.642400000000000000e+04,5.700000000000000000e+01
5.645700000000000000e+04,3.300000000000000000e+01
5.650500000000000000e+04,4.800000000000000000e+01
5.654000000000000000e+04,3.500000000000000000e+01
5.657800000000000000e+04,3.800000000000000000e+01
5.660900000000000000e+04,3.100000000000000000e+01
5.664800000000000000e+04,3.900000000000000000e+01
5.668900000000000000e+04,4.100000000000000000e+01
5.672000000000000000e+04,3.100000000000000000e+01
5.682300000000000000e+04,1.030000000000000000e+02
5.686000000000000000e+04,3.700000000000000000e+01
5.690000000000000000e+04,4.000000000000000000e+01
5.694100000000000000e+04,4.100000000000000000e+01
5.697600000000000000e+04,3.500000000000000000e+01
5.702500000000000000e+04,4.900000000000000000e+01
5.708100000000000000e+04,5.600000000000000000e+01
5.712000000000000000e+04,3.900000000000000000e+01
5.719100000000000000e+04,7.100000000000000000e+01
5.726800000000000000e+04,7.700000000000000000e+01
5.733300000000000000e+04,6.500000000000000000e+01
5.737100000000000000e+04,3.800000000000000000e+01
5.738300000000000000e+04,1.200000000000000000e+01
5.745400000000000000e+04,7.100000000000000000e+01
5.750400000000000000e+04,5.000000000000000000e+01
5.753200000000000000e+04,2.800000000000000000e+01
5.756800000000000000e+04,3.600000000000000000e+01
5.761600000000000000e+04,4.800000000000000000e+01
5.766900000000000000e+04,5.300000000000000000e+01
5.772000000000000000e+04,5.100000000000000000e+01
5.774400000000000000e+04,2.400000000000000000e+01
5.778300000000000000e+04,3.900000000000000000e+01
5.782900000000000000e+04,4.600000000000000000e+01
5.786200000000000000e+04,3.300000000000000000e+01
5.788300000000000000e+04,2.100000000000000000e+01
5.792800000000000000e+04,4.500000000000000000e+01
5.797900000000000000e+04,5.100000000000000000e+01
5.802800000000000000e+04,4.900000000000000000e+01
5.806800000000000000e+04,4.000000000000000000e+01
5.814000000000000000e+04,7.200000000000000000e+01
5.820700000000000000e+04,6.700000000000000000e+01
5.823800000000000000e+04,3.100000000000000000e+01
5.829300000000000000e+04,5.500000000000000000e+01
5.835100000000000000e+04,5.800000000000000000e+01
5.837400000000000000e+04,2.300000000000000000e+01
5.841700000000000000e+04,4.300000000000000000e+01
5.846300000000000000e+04,4.600000000000000000e+01
5.853700000000000000e+04,7.400000000000000000e+01
5.858500000000000000e+04,4.800000000000000000e+01
5.860900000000000000e+04,2.400000000000000000e+01
5.870900000000000000e+04,1.000000000000000000e+02
5.878900000000000000e+04,8.000000000000000000e+01
5.882400000000000000e+04,3.500000000000000000e+01
5.886200000000000000e+04,3.800000000000000000e+01
5.890600000000000000e+04,4.400000000000000000e+01
5.893100000000000000e+04,2.500000000000000000e+01
5.895700000000000000e+04,2.600000000000000000e+01
5.902800000000000000e+04,7.100000000000000000e+01
5.907700000000000000e+04,4.900000000000000000e+01
5.914300000000000000e+04,6.600000000000000000e+01
5.919800000000000000e+04,5.500000000000000000e+01
5.921900000000000000e+04,2.100000000000000000e+01
5.924100000000000000e+04,2.200000000000000000e+01
5.930400000000000000e+04,6.300000000000000000e+01
5.935600000000000000e+04,5.200000000000000000e+01
5.938400000000000000e+04,2.800000000000000000e+01
5.941900000000000000e+04,3.500000000000000000e+01
5.952300000000000000e+04,1.040000000000000000e+02
5.955800000000000000e+04,3.500000000000000000e+01
5.961600000000000000e+04,5.800000000000000000e+01
5.970700000000000000e+04,9.100000000000000000e+01
5.976400000000000000e+04,5.700000000000000000e+01
5.983400000000000000e+04,7.000000000000000000e+01
5.989900000000000000e+04,6.500000000000000000e+01
5.995800000000000000e+04,5.900000000000000000e+01
5.998400000000000000e+04,2.600000000000000000e+01
6.003400000000000000e+04,5.000000000000000000e+01
6.007300000000000000e+04,3.900000000000000000e+01
6.013000000000000000e+04,5.700000000000000000e+01
6.014900000000000000e+04,1.900000000000000000e+01
6.017100000000000000e+04,2.200000000000000000e+01
6.021400000000000000e+04,4.300000000000000000e+01
6.026300000000000000e+04,4.900000000000000000e+01
6.029000000000000000e+04,2.700000000000000000e+01
6.034300000000000000e+04,5.300000000000000000e+01
6.041800000000000000e+04,7.500000000000000000e+01
6.044200000000000000e+04,2.400000000000000000e+01
6.051700000000000000e+04,7.500000000000000000e+01
6.056800000000000000e+04,5.100000000000000000e+01
6.062200000000000000e+04,5.400000000000000000e+01
6.068900000000000000e+04,6.700000000000000000e+01
6.073400000000000000e+04,4.500000000000000000e+01
6.077200000000000000e+04,3.800000000000000000e+01
6.081500000000000000e+04,4.300000000000000000e+01
6.088200000000000000e+04,6.700000000000000000e+01
6.095500000000000000e+04,7.300000000000000000e+01
6.099700000000000000e+04,4.200000000000000000e+01
6.104400000000000000e+04,4.700000000000000000e+01
6.105700000000000000e+04,1.300000000000000000e+01
6.109500000000000000e+04,3.800000000000000000e+01
6.112700000000000000e+04,3.200000000000000000e+01
6.119600000000000000e+04,6.900000000000000000e+01
6.129300000000000000e+04,9.700000000000000000e+01
6.141200000000000000e+04,1.190000000000000000e+02
6.145700000000000000e+04,4.500000000000000000e+01
6.150500000000000000e+04,4.800000000000000000e+01
6.159400000000000000e+04,8.900000000000000000e+01
6.161800000000000000e+04,2.400000000000000000e+01
6.167000000000000000e+04,5.200000000000000000e+01
6.168800000000000000e+04,1.800000000000000000e+01
6.171100000000000000e+04,2.300000000000000000e+01
6.176100000000000000e+04,5.000000000000000000e+01
6.178700000000000000e+04,2.600000000000000000e+01
6.180900000000000000e+04,2.200000000000000000e+01
6.186800000000000000e+04,5.900000000000000000e+01
6.191700000000000000e+04,4.900000000000000000e+01
6.193700000000000000e+04,2.000000000000000000e+01
6.199700000000000000e+04,6.000000000000000000e+01
6.207300000000000000e+04,7.600000000000000000e+01
6.212300000000000000e+04,5.000000000000000000e+01
6.217800000000000000e+04,5.500000000000000000e+01
6.222800000000000000e+04,5.000000000000000000e+01
6.229000000000000000e+04,6.200000000000000000e+01
6.234300000000000000e+04,5.300000000000000000e+01
6.240400000000000000e+04,6.100000000000000000e+01
6.245600000000000000e+04,5.200000000000000000e+01
6.249500000000000000e+04,3.900000000000000000e+01
6.253500000000000000e+04,4.000000000000000000e+01
6.259900000000000000e+04,6.400000000000000000e+01
6.266300000000000000e+04,6.400000000000000000e+01
6.271200000000000000e+04,4.900000000000000000e+01
6.275300000000000000e+04,4.100000000000000000e+01
6.281700000000000000e+04,6.400000000000000000e+01
6.284400000000000000e+04,2.700000000000000000e+01
6.291500000000000000e+04,7.100000000000000000e+01
6.294200000000000000e+04,2.700000000000000000e+01
6.296400000000000000e+04,2.200000000000000000e+01
6.299800000000000000e+04,3.400000000000000000e+01
6.305700000000000000e+04,5.900000000000000000e+01
6.309100000000000000e+04,3.400000000000000000e+01
6.313100000000000000e+04,4.000000000000000000e+01
6.315300000000000000e+04,2.200000000000000000e+01
6.322700000000000000e+04,7.400000000000000000e+01
6.328600000000000000e+04,5.900000000000000000e+01
6.335500000000000000e+04,6.900000000000000000e+01
6.340500000000000000e+04,5.000000000000000000e+01
6.343000000000000000e+04,2.500000000000000000e+01
6.350700000000000000e+04,7.700000000000000000e+01
6.354900000000000000e+04,4.200000000000000000e+01
6.357200000000000000e+04,2.300000000000000000e+01
6.359700000000000000e+04,2.500000000000000000e+01
6.365000000000000000e+04,5.300000000000000000e+01
6.370000000000000000e+04,5.000000000000000000e+01
6.376500000000000000e+04,6.500000000000000000e+01
6.379100000000000000e+04,2.600000000000000000e+01
6.384600000000000000e+04,5.500000000000000000e+01
6.389200000000000000e+04,4.600000000000000000e+01
6.392700000000000000e+04,3.500000000000000000e+01
6.395700000000000000e+04,3.000000000000000000e+01
6.398100000000000000e+04,2.400000000000000000e+01
6.400400000000000000e+04,2.300000000000000000e+01
6.404200000000000000e+04,3.800000000000000000e+01
6.408900000000000000e+04,4.700000000000000000e+01
6.414200000000000000e+04,5.300000000000000000e+01
6.418100000000000000e+04,3.900000000000000000e+01
6.423800000000000000e+04,5.700000000000000000e+01
6.426700000000000000e+04,2.900000000000000000e+01
6.430500000000000000e+04,3.800000000000000000e+01
6.435000000000000000e+04,4.500000000000000000e+01
6.439100000000000000e+04,4.100000000000000000e+01
6.444200000000000000e+04,5.100000000000000000e+01
6.451400000000000000e+04,7.200000000000000000e+01
6.455400000000000000e+04,4.000000000000000000e+01
6.459000000000000000e+04,3.600000000000000000e+01
6.466000000000000000e+04,7.000000000000000000e+01
6.468200000000000000e+04,2.200000000000000000e+01
6.473400000000000000e+04,5.200000000000000000e+01
6.478500000000000000e+04,5.100000000000000000e+01
6.487800000000000000e+04,9.300000000000000000e+01
6.496900000000000000e+04,9.100000000000000000e+01
6.505400000000000000e+04,8.500000000000000000e+01
6.508500000000000000e+04,3.100000000000000000e+01
6.512900000000000000e+04,4.400000000000000000e+01
6.516200000000000000e+04,3.300000000000000000e+01
6.522600000000000000e+04,6.400000000000000000e+01
6.529100000000000000e+04,6.500000000000000000e+01
6.533700000000000000e+04,4.600000000000000000e+01
6.539100000000000000e+04,5.400000000000000000e+01
6.543100000000000000e+04,4.000000000000000000e+01
6.546700000000000000e+04,3.600000000000000000e+01
6.556900000000000000e+04,1.020000000000000000e+02
6.559200000000000000e+04,2.300000000000000000e+01
6.565900000000000000e+04,6.700000000000000000e+01
6.571200000000000000e+04,5.300000000000000000e+01
6.576200000000000000e+04,5.000000000000000000e+01
6.580900000000000000e+04,4.700000000000000000e+01
6.584700000000000000e+04,3.800000000000000000e+01
6.589000000000000000e+04,4.300000000000000000e+01
6.593600000000000000e+04,4.600000000000000000e+01
6.596500000000000000e+04,2.900000000000000000e+01
6.601800000000000000e+04,5.300000000000000000e+01
6.606100000000000000e+04,4.300000000000000000e+01
6.610700000000000000e+04,4.600000000000000000e+01
6.614100000000000000e+04,3.400000000000000000e+01
6.618600000000000000e+04,4.500000000000000000e+01
6.620500000000000000e+04,1.900000000000000000e+01
6.624800000000000000e+04,4.300000000000000000e+01
6.629400000000000000e+04,4.600000000000000000e+01
6.632100000000000000e+04,2.700000000000000000e+01
6.636200000000000000e+04,4.100000000000000000e+01
6.641400000000000000e+04,5.200000000000000000e+01
6.644400000000000000e+04,3.000000000000000000e+01
6.649400000000000000e+04,5.000000000000000000e+01
6.654200000000000000e+04,4.800000000000000000e+01
6.659000000000000000e+04,4.800000000000000000e+01
6.663700000000000000e+04,4.700000000000000000e+01
6.666200000000000000e+04,2.500000000000000000e+01
6.668300000000000000e+04,2.100000000000000000e+01
6.670500000000000000e+04,2.200000000000000000e+01
6.676200000000000000e+04,5.700000000000000000e+01
6.680700000000000000e+04,4.500000000000000000e+01
6.688200000000000000e+04,7.500000000000000000e+01
6.691100000000000000e+04,2.900000000000000000e+01
6.695500000000000000e+04,4.400000000000000000e+01
6.704200000000000000e+04,8.700000000000000000e+01
6.708600000000000000e+04,4.400000000000000000e+01
6.712400000000000000e+04,3.800000000000000000e+01
6.716800000000000000e+04,4.400000000000000000e+01
6.721600000000000000e+04,4.800000000000000000e+01
6.729200000000000000e+04,7.600000000000000000e+01
6.732500000000000000e+04,3.300000000000000000e+01
6.736300000000000000e+04,3.800000000000000000e+01
6.739000000000000000e+04,2.700000000000000000e+01
6.742600000000000000e+04,3.600000000000000000e+01
6.748700000000000000e+04,6.100000000000000000e+01
6.762600000000000000e+04,1.390000000000000000e+02
6.767500000000000000e+04,4.900000000000000000e+01
6.771200000000000000e+04,3.700000000000000000e+01
6.775800000000000000e+04,4.600000000000000000e+01
6.782300000000000000e+04,6.500000000000000000e+01
6.785200000000000000e+04,2.900000000000000000e+01
6.790500000000000000e+04,5.300000000000000000e+01
6.796700000000000000e+04,6.200000000000000000e+01
6.799000000000000000e+04,2.300000000000000000e+01
6.802900000000000000e+04,3.900000000000000000e+01
6.807300000000000000e+04,4.400000000000000000e+01
6.816200000000000000e+04,8.900000000000000000e+01
6.821900000000000000e+04,5.700000000000000000e+01
6.829500000000000000e+04,7.600000000000000000e+01
6.832800000000000000e+04,3.300000000000000000e+01
6.836000000000000000e+04,3.200000000000000000e+01
6.847200000000000000e+04,1.120000000000000000e+02
6.852100000000000000e+04,4.900000000000000000e+01
6.856100000000000000e+04,4.000000000000000000e+01
6.860700000000000000e+04,4.600000000000000000e+01
6.865400000000000000e+04,4.700000000000000000e+01
6.870300000000000000e+04,4.900000000000000000e+01
6.884200000000000000e+04,1.390000000000000000e+02
6.887400000000000000e+04,3.200000000000000000e+01
6.891200000000000000e+04,3.800000000000000000e+01
6.894400000000000000e+04,3.200000000000000000e+01
6.899000000000000000e+04,4.600000000000000000e+01
6.901900000000000000e+04,2.900000000000000000e+01
6.905900000000000000e+04,4.000000000000000000e+01
6.910000000000000000e+04,4.100000000000000000e+01
6.912300000000000000e+04,2.300000000000000000e+01
6.916200000000000000e+04,3.900000000000000000e+01
6.921400000000000000e+04,5.200000000000000000e+01
6.926900000000000000e+04,5.500000000000000000e+01
6.934000000000000000e+04,7.100000000000000000e+01
6.938400000000000000e+04,4.400000000000000000e+01
6.941300000000000000e+04,2.900000000000000000e+01
6.943900000000000000e+04,2.600000000000000000e+01
6.947200000000000000e+04,3.300000000000000000e+01
6.950500000000000000e+04,3.300000000000000000e+01
6.953900000000000000e+04,3.400000000000000000e+01
6.960700000000000000e+04,6.800000000000000000e+01
6.968400000000000000e+04,7.700000000000000000e+01
6.974900000000000000e+04,6.500000000000000000e+01
6.982100000000000000e+04,7.200000000000000000e+01
6.985900000000000000e+04,3.800000000000000000e+01
6.990100000000000000e+04,4.200000000000000000e+01
6.995400000000000000e+04,5.300000000000000000e+01
7.002000000000000000e+04,6.600000000000000000e+01
7.006500000000000000e+04,4.500000000000000000e+01
7.008900000000000000e+04,2.400000000000000000e+01
7.013200000000000000e+04,4.300000000000000000e+01
7.018900000000000000e+04,5.700000000000000000e+01
7.023100000000000000e+04,4.200000000000000000e+01
7.029000000000000000e+04,5.900000000000000000e+01
7.041700000000000000e+04,1.270000000000000000e+02
7.047000000000000000e+04,5.300000000000000000e+01
7.051300000000000000e+04,4.300000000000000000e+01
7.056900000000000000e+04,5.600000000000000000e+01
7.065100000000000000e+04,8.200000000000000000e+01
7.068400000000000000e+04,3.300000000000000000e+01
7.073700000000000000e+04,5.300000000000000000e+01
7.076200000000000000e+04,2.500000000000000000e+01
7.082600000000000000e+04,6.400000000000000000e+01
7.087500000000000000e+04,4.900000000000000000e+01
7.092100000000000000e+04,4.600000000000000000e+01
7.096100000000000000e+04,4.000000000000000000e+01
7.098400000000000000e+04,2.300000000000000000e+01
7.101400000000000000e+04,3.000000000000000000e+01
7.109000000000000000e+04,7.600000000000000000e+01
7.116200000000000000e+04,7.200000000000000000e+01
7.119600000000000000e+04,3.400000000000000000e+01
7.122600000000000000e+04,3.000000000000000000e+01
7.128500000000000000e+04,5.900000000000000000e+01
7.131300000000000000e+04,2.800000000000000000e+01
7.136400000000000000e+04,5.100000000000000000e+01
7.142700000000000000e+04,6.300000000000000000e+01
7.148700000000000000e+04,6.000000000000000000e+01
7.152100000000000000e+04,3.400000000000000000e+01
7.160400000000000000e+04,8.300000000000000000e+01
7.164300000000000000e+04,3.900000000000000000e+01
7.168800000000000000e+04,4.500000000000000000e+01
7.176000000000000000e+04,7.200000000000000000e+01
7.178500000000000000e+04,2.500000000000000000e+01
7.184000000000000000e+04,5.500000000000000000e+01
7.195900000000000000e+04,1.190000000000000000e+02
7.199000000000000000e+04,3.100000000000000000e+01
7.202500000000000000e+04,3.500000000000000000e+01
7.210000000000000000e+04,7.500000000000000000e+01
7.213400000000000000e+04,3.400000000000000000e+01
7.221500000000000000e+04,8.100000000000000000e+01
7.227000000000000000e+04,5.500000000000000000e+01
7.232800000000000000e+04,5.800000000000000000e+01
7.236800000000000000e+04,4.000000000000000000e+01
7.242300000000000000e+04,5.500000000000000000e+01
7.245800000000000000e+04,3.500000000000000000e+01
7.249600000000000000e+04,3.800000000000000000e+01
7.253600000000000000e+04,4.000000000000000000e+01
7.258400000000000000e+04,4.800000000000000000e+01
7.262300000000000000e+04,3.900000000000000000e+01
7.266600000000000000e+04,4.300000000000000000e+01
7.272600000000000000e+04,6.000000000000000000e+01
7.278600000000000000e+04,6.000000000000000000e+01
7.282000000000000000e+04,3.400000000000000000e+01
7.286100000000000000e+04,4.100000000000000000e+01
7.288300000000000000e+04,2.200000000000000000e+01
7.292300000000000000e+04,4.000000000000000000e+01
7.298500000000000000e+04,6.200000000000000000e+01
7.305100000000000000e+04,6.600000000000000000e+01
7.308000000000000000e+04,2.900000000000000000e+01
7.311500000000000000e+04,3.500000000000000000e+01
7.314700000000000000e+04,3.200000000000000000e+01
7.317100000000000000e+04,2.400000000000000000e+01
7.328900000000000000e+04,1.180000000000000000e+02
7.338000000000000000e+04,9.100000000000000000e+01
7.343700000000000000e+04,5.700000000000000000e+01
7.347100000000000000e+04,3.400000000000000000e+01
7.354900000000000000e+04,7.800000000000000000e+01
7.359100000000000000e+04,4.200000000000000000e+01
7.363300000000000000e+04,4.200000000000000000e+01
7.365700000000000000e+04,2.400000000000000000e+01
7.368200000000000000e+04,2.500000000000000000e+01
7.372200000000000000e+04,4.000000000000000000e+01
7.376600000000000000e+04,4.400000000000000000e+01
7.383700000000000000e+04,7.100000000000000000e+01
7.388000000000000000e+04,4.300000000000000000e+01
7.390900000000000000e+04,2.900000000000000000e+01
7.400700000000000000e+04,9.800000000000000000e+01
7.405300000000000000e+04,4.600000000000000000e+01
7.409700000000000000e+04,4.400000000000000000e+01
7.412300000000000000e+04,2.600000000000000000e+01
7.418600000000000000e+04,6.300000000000000000e+01
7.422700000000000000e+04,4.100000000000000000e+01
7.427100000000000000e+04,4.400000000000000000e+01
7.430000000000000000e+04,2.900000000000000000e+01
7.434800000000000000e+04,4.800000000000000000e+01
7.438900000000000000e+04,4.100000000000000000e+01
7.443200000000000000e+04,4.300000000000000000e+01
7.447600000000000000e+04,4.400000000000000000e+01
7.452500000000000000e+04,4.900000000000000000e+01
7.457500000000000000e+04,5.000000000000000000e+01
7.464400000000000000e+04,6.900000000000000000e+01
7.467300000000000000e+04,2.900000000000000000e+01
7.471500000000000000e+04,4.200000000000000000e+01
7.477600000000000000e+04,6.100000000000000000e+01
7.481200000000000000e+04,3.600000000000000000e+01
7.486500000000000000e+04,5.300000000000000000e+01
7.492500000000000000e+04,6.000000000000000000e+01
7.499100000000000000e+04,6.600000000000000000e+01
7.502100000000000000e+04,3.000000000000000000e+01
7.504600000000000000e+04,2.500000000000000000e+01
7.508700000000000000e+04,4.100000000000000000e+01
7.513400000000000000e+04,4.700000000000000000e+01
7.517700000000000000e+04,4.300000000000000000e+01
7.523000000000000000e+04,5.300000000000000000e+01
7.527100000000000000e+04,4.100000000000000000e+01
7.533500000000000000e+04,6.400000000000000000e+01
7.536000000000000000e+04,2.500000000000000000e+01
7.543400000000000000e+04,7.400000000000000000e+01
7.547700000000000000e+04,4.300000000000000000e+01
7.551300000000000000e+04,3.600000000000000000e+01
7.557600000000000000e+04,6.300000000000000000e+01
7.560500000000000000e+04,2.900000000000000000e+01
7.565100000000000000e+04,4.600000000000000000e+01
7.568100000000000000e+04,3.000000000000000000e+01
7.575100000000000000e+04,7.000000000000000000e+01
7.578600000000000000e+04,3.500000000000000000e+01
7.584100000000000000e+04,5.500000000000000000e+01
7.590200000000000000e+04,6.100000000000000000e+01
7.593700000000000000e+04,3.500000000000000000e+01
7.597000000000000000e+04,3.300000000000000000e+01
7.602700000000000000e+04,5.700000000000000000e+01
7.606500000000000000e+04,3.800000000000000000e+01
7.616000000000000000e+04,9.500000000000000000e+01
7.624100000000000000e+04,8.100000000000000000e+01
7.629400000000000000e+04,5.300000000000000000e+01
7.635900000000000000e+04,6.500000000000000000e+01
7.640400000000000000e+04,4.500000000000000000e+01
7.644900000000000000e+04,4.500000000000000000e+01
7.650400000000000000e+04,5.500000000000000000e+01
7.654800000000000000e+04,4.400000000000000000e+01
7.660700000000000000e+04,5.900000000000000000e+01
7.669200000000000000e+04,8.500000000000000000e+01
7.674000000000000000e+04,4.800000000000000000e+01
7.677600000000000000e+04,3.600000000000000000e+01
7.682500000000000000e+04,4.900000000000000000e+01
7.688800000000000000e+04,6.300000000000000000e+01
7.695200000000000000e+04,6.400000000000000000e+01
7.699100000000000000e+04,3.900000000000000000e+01
7.702800000000000000e+04,3.700000000000000000e+01
7.708800000000000000e+04,6.000000000000000000e+01
7.712300000000000000e+04,3.500000000000000000e+01
7.720000000000000000e+04,7.700000000000000000e+01
7.725200000000000000e+04,5.200000000000000000e+01
7.729800000000000000e+04,4.600000000000000000e+01
7.734100000000000000e+04,4.300000000000000000e+01
7.743600000000000000e+04,9.500000000000000000e+01
7.747500000000000000e+04,3.900000000000000000e+01
7.751800000000000000e+04,4.300000000000000000e+01
7.754700000000000000e+04,2.900000000000000000e+01
7.758300000000000000e+04,3.600000000000000000e+01
7.765600000000000000e+04,7.300000000000000000e+01
7.774900000000000000e+04,9.300000000000000000e+01
7.779900000000000000e+04,5.000000000000000000e+01
7.784800000000000000e+04,4.900000000000000000e+01
7.788200000000000000e+04,3.400000000000000000e+01
7.793800000000000000e+04,5.600000000000000000e+01
7.802100000000000000e+04,8.300000000000000000e+01
7.807100000000000000e+04,5.000000000000000000e+01
7.812200000000000000e+04,5.100000000000000000e+01
7.817400000000000000e+04,5.200000000000000000e+01
7.824200000000000000e+04,6.800000000000000000e+01
7.829500000000000000e+04,5.300000000000000000e+01
7.835100000000000000e+04,5.600000000000000000e+01
7.838100000000000000e+04,3.000000000000000000e+01
7.842400000000000000e+04,4.300000000000000000e+01
7.847000000000000000e+04,4.600000000000000000e+01
7.852800000000000000e+04,5.800000000000000000e+01
7.855500000000000000e+04,2.700000000000000000e+01
7.860300000000000000e+04,4.800000000000000000e+01
7.865500000000000000e+04,5.200000000000000000e+01
7.868000000000000000e+04,2.500000000000000000e+01
7.874000000000000000e+04,6.000000000000000000e+01
7.879300000000000000e+04,5.300000000000000000e+01
7.887500000000000000e+04,8.200000000000000000e+01
7.891900000000000000e+04,4.400000000000000000e+01
7.898400000000000000e+04,6.500000000000000000e+01
7.903300000000000000e+04,4.900000000000000000e+01
7.907800000000000000e+04,4.500000000000000000e+01
7.911700000000000000e+04,3.900000000000000000e+01
7.918100000000000000e+04,6.400000000000000000e+01
7.921800000000000000e+04,3.700000000000000000e+01
7.925700000000000000e+04,3.900000000000000000e+01
7.927700000000000000e+04,2.000000000000000000e+01
7.930400000000000000e+04,2.700000000000000000e+01
7.933500000000000000e+04,3.100000000000000000e+01
7.936900000000000000e+04,3.400000000000000000e+01
7.942000000000000000e+04,5.100000000000000000e+01
7.945700000000000000e+04,3.700000000000000000e+01
7.949800000000000000e+04,4.100000000000000000e+01
7.956000000000000000e+04,6.200000000000000000e+01
7.960400000000000000e+04,4.400000000000000000e+01
7.963900000000000000e+04,3.500000000000000000e+01
7.969300000000000000e+04,5.400000000000000000e+01
7.976000000000000000e+04,6.700000000000000000e+01
7.979900000000000000e+04,3.900000000000000000e+01
7.981100000000000000e+04,1.200000000000000000e+01
7.985800000000000000e+04,4.700000000000000000e+01
7.989200000000000000e+04,3.400000000000000000e+01
7.997100000000000000e+04,7.900000000000000000e+01
8.004500000000000000e+04,7.400000000000000000e+01
8.010100000000000000e+04,5.600000000000000000e+01
8.014300000000000000e+04,4.200000000000000000e+01
8.019700000000000000e+04,5.400000000000000000e+01
8.023600000000000000e+04,3.900000000000000000e+01
8.026200000000000000e+04,2.600000000000000000e+01
8.030900000000000000e+04,4.700000000000000000e+01
8.036800000000000000e+04,5.900000000000000000e+01
8.042800000000000000e+04,6.000000000000000000e+01
8.050200000000000000e+04,7.400000000000000000e+01
8.055100000000000000e+04,4.900000000000000000e+01
8.057300000000000000e+04,2.200000000000000000e+01
8.061100000000000000e+04,3.800000000000000000e+01
8.066600000000000000e+04,5.500000000000000000e+01
8.072300000000000000e+04,5.700000000000000000e+01
8.075400000000000000e+04,3.100000000000000000e+01
8.078900000000000000e+04,3.500000000000000000e+01
8.082500000000000000e+04,3.600000000000000000e+01
8.091500000000000000e+04,9.000000000000000000e+01
8.094900000000000000e+04,3.400000000000000000e+01
8.103900000000000000e+04,9.000000000000000000e+01
8.107900000000000000e+04,4.000000000000000000e+01
8.110400000000000000e+04,2.500000000000000000e+01
8.113700000000000000e+04,3.300000000000000000e+01
8.116800000000000000e+04,3.100000000000000000e+01
8.123600000000000000e+04,6.800000000000000000e+01
8.127100000000000000e+04,3.500000000000000000e+01
8.130700000000000000e+04,3.600000000000000000e+01
8.133500000000000000e+04,2.800000000000000000e+01
8.138400000000000000e+04,4.900000000000000000e+01
8.142900000000000000e+04,4.500000000000000000e+01
8.147300000000000000e+04,4.400000000000000000e+01
8.150300000000000000e+04,3.000000000000000000e+01
8.157300000000000000e+04,7.000000000000000000e+01
8.160600000000000000e+04,3.300000000000000000e+01
8.172700000000000000e+04,1.210000000000000000e+02
8.183100000000000000e+04,1.040000000000000000e+02
8.185400000000000000e+04,2.300000000000000000e+01
8.189400000000000000e+04,4.000000000000000000e+01
8.197300000000000000e+04,7.900000000000000000e+01
8.204200000000000000e+04,6.900000000000000000e+01
8.209200000000000000e+04,5.000000000000000000e+01
8.213900000000000000e+04,4.700000000000000000e+01
8.217000000000000000e+04,3.100000000000000000e+01
8.222500000000000000e+04,5.500000000000000000e+01
8.229200000000000000e+04,6.700000000000000000e+01
8.232800000000000000e+04,3.600000000000000000e+01
8.241700000000000000e+04,8.900000000000000000e+01
8.245300000000000000e+04,3.600000000000000000e+01
8.251400000000000000e+04,6.100000000000000000e+01
8.256900000000000000e+04,5.500000000000000000e+01
8.259100000000000000e+04,2.200000000000000000e+01
8.264800000000000000e+04,5.700000000000000000e+01
8.269100000000000000e+04,4.300000000000000000e+01
8.273800000000000000e+04,4.700000000000000000e+01
8.282600000000000000e+04,8.800000000000000000e+01
8.286000000000000000e+04,3.400000000000000000e+01
8.289100000000000000e+04,3.100000000000000000e+01
8.295300000000000000e+04,6.200000000000000000e+01
8.300100000000000000e+04,4.800000000000000000e+01
8.307900000000000000e+04,7.800000000000000000e+01
8.312200000000000000e+04,4.300000000000000000e+01
8.314600000000000000e+04,2.400000000000000000e+01
8.317100000000000000e+04,2.500000000000000000e+01
8.325700000000000000e+04,8.600000000000000000e+01
8.330900000000000000e+04,5.200000000000000000e+01
8.335500000000000000e+04,4.600000000000000000e+01
8.337900000000000000e+04,2.400000000000000000e+01
8.344900000000000000e+04,7.000000000000000000e+01
8.353100000000000000e+04,8.200000000000000000e+01
8.357000000000000000e+04,3.900000000000000000e+01
8.360600000000000000e+04,3.600000000000000000e+01
8.362900000000000000e+04,2.300000000000000000e+01
8.366400000000000000e+04,3.500000000000000000e+01
8.371500000000000000e+04,5.100000000000000000e+01
8.376500000000000000e+04,5.000000000000000000e+01
8.379600000000000000e+04,3.100000000000000000e+01
8.386600000000000000e+04,7.000000000000000000e+01
8.391800000000000000e+04,5.200000000000000000e+01
8.397200000000000000e+04,5.400000000000000000e+01
8.403400000000000000e+04,6.200000000000000000e+01
8.408500000000000000e+04,5.100000000000000000e+01
8.412500000000000000e+04,4.000000000000000000e+01
8.415400000000000000e+04,2.900000000000000000e+01
8.419700000000000000e+04,4.300000000000000000e+01
8.423400000000000000e+04,3.700000000000000000e+01
8.427700000000000000e+04,4.300000000000000000e+01
8.431700000000000000e+04,4.000000000000000000e+01
8.436900000000000000e+04,5.200000000000000000e+01
8.440600000000000000e+04,3.700000000000000000e+01
8.445300000000000000e+04,4.700000000000000000e+01
8.449500000000000000e+04,4.200000000000000000e+01
8.455800000000000000e+04,6.300000000000000000e+01
8.461400000000000000e+04,5.600000000000000000e+01
8.465700000000000000e+04,4.300000000000000000e+01
8.471000000000000000e+04,5.300000000000000000e+01
8.473600000000000000e+04,2.600000000000000000e+01
8.476200000000000000e+04,2.600000000000000000e+01
8.481700000000000000e+04,5.500000000000000000e+01
8.485100000000000000e+04,3.400000000000000000e+01
8.490400000000000000e+04,5.300000000000000000e+01
8.494600000000000000e+04,4.200000000000000000e+01
8.499500000000000000e+04,4.900000000000000000e+01
8.503100000000000000e+04,3.600000000000000000e+01
8.505500000000000000e+04,2.400000000000000000e+01
8.509500000000000000e+04,4.000000000000000000e+01
8.515100000000000000e+04,5.600000000000000000e+01
8.519900000000000000e+04,4.800000000000000000e+01
8.521900000000000000e+04,2.000000000000000000e+01
8.526600000000000000e+04,4.700000000000000000e+01
8.530200000000000000e+04,3.600000000000000000e+01
8.534600000000000000e+04,4.400000000000000000e+01
8.541600000000000000e+04,7.000000000000000000e+01
8.545500000000000000e+04,3.900000000000000000e+01
8.549400000000000000e+04,3.900000000000000000e+01
8.556100000000000000e+04,6.700000000000000000e+01
8.560200000000000000e+04,4.100000000000000000e+01
8.562800000000000000e+04,2.600000000000000000e+01
8.568100000000000000e+04,5.300000000000000000e+01
8.572800000000000000e+04,4.700000000000000000e+01
8.576500000000000000e+04,3.700000000000000000e+01
8.580700000000000000e+04,4.200000000000000000e+01
8.586200000000000000e+04,5.500000000000000000e+01
8.592300000000000000e+04,6.100000000000000000e+01
8.596500000000000000e+04,4.200000000000000000e+01
8.601800000000000000e+04,5.300000000000000000e+01
8.604200000000000000e+04,2.400000000000000000e+01
8.610500000000000000e+04,6.300000000000000000e+01
8.614500000000000000e+04,4.000000000000000000e+01
8.621700000000000000e+04,7.200000000000000000e+01
8.627400000000000000e+04,5.700000000000000000e+01
8.630900000000000000e+04,3.500000000000000000e+01
8.636200000000000000e+04,5.300000000000000000e+01
8.639800000000000000e+04,3.600000000000000000e+01
8.643900000000000000e+04,4.100000000000000000e+01
8.648800000000000000e+04,4.900000000000000000e+01
8.652800000000000000e+04,4.000000000000000000e+01
8.660500000000000000e+04,7.700000000000000000e+01
8.666200000000000000e+04,5.700000000000000000e+01
8.670000000000000000e+04,3.800000000000000000e+01
8.674200000000000000e+04,4.200000000000000000e+01
8.678300000000000000e+04,4.100000000000000000e+01
8.682000000000000000e+04,3.700000000000000000e+01
8.686900000000000000e+04,4.900000000000000000e+01
8.692800000000000000e+04,5.900000000000000000e+01
8.695700000000000000e+04,2.900000000000000000e+01
8.702700000000000000e+04,7.000000000000000000e+01
8.704600000000000000e+04,1.900000000000000000e+01
8.709800000000000000e+04,5.200000000000000000e+01
8.717700000000000000e+04,7.900000000000000000e+01
8.722900000000000000e+04,5.200000000000000000e+01
8.728200000000000000e+04,5.300000000000000000e+01
8.731900000000000000e+04,3.700000000000000000e+01
8.735800000000000000e+04,3.900000000000000000e+01
8.738300000000000000e+04,2.500000000000000000e+01
8.742000000000000000e+04,3.700000000000000000e+01
8.746500000000000000e+04,4.500000000000000000e+01
8.748700000000000000e+04,2.200000000000000000e+01
8.753000000000000000e+04,4.300000000000000000e+01
8.757800000000000000e+04,4.800000000000000000e+01
8.765200000000000000e+04,7.400000000000000000e+01
8.772400000000000000e+04,7.200000000000000000e+01
8.777700000000000000e+04,5.300000000000000000e+01
8.782700000000000000e+04,5.000000000000000000e+01
8.785400000000000000e+04,2.700000000000000000e+01
8.790700000000000000e+04,5.300000000000000000e+01
8.794400000000000000e+04,3.700000000000000000e+01
8.799500000000000000e+04,5.100000000000000000e+01
8.805800000000000000e+04,6.300000000000000000e+01
8.810300000000000000e+04,4.500000000000000000e+01
8.813200000000000000e+04,2.900000000000000000e+01
8.816800000000000000e+04,3.600000000000000000e+01
8.822700000000000000e+04,5.900000000000000000e+01
8.826400000000000000e+04,3.700000000000000000e+01
8.832200000000000000e+04,5.800000000000000000e+01
8.838600000000000000e+04,6.400000000000000000e+01
8.843400000000000000e+04,4.800000000000000000e+01
8.848000000000000000e+04,4.600000000000000000e+01
8.851400000000000000e+04,3.400000000000000000e+01
8.856800000000000000e+04,5.400000000000000000e+01
8.861300000000000000e+04,4.500000000000000000e+01
8.864800000000000000e+04,3.500000000000000000e+01
8.869800000000000000e+04,5.000000000000000000e+01
8.873300000000000000e+04,3.500000000000000000e+01
8.875800000000000000e+04,2.500000000000000000e+01
8.886000000000000000e+04,1.020000000000000000e+02
8.890100000000000000e+04,4.100000000000000000e+01
8.897700000000000000e+04,7.600000000000000000e+01
8.901400000000000000e+04,3.700000000000000000e+01
8.905700000000000000e+04,4.300000000000000000e+01
8.908500000000000000e+04,2.800000000000000000e+01
8.910900000000000000e+04,2.400000000000000000e+01
8.913200000000000000e+04,2.300000000000000000e+01
8.916200000000000000e+04,3.000000000000000000e+01
8.920900000000000000e+04,4.700000000000000000e+01
8.927500000000000000e+04,6.600000000000000000e+01
8.931300000000000000e+04,3.800000000000000000e+01
8.935900000000000000e+04,4.600000000000000000e+01
8.940300000000000000e+04,4.400000000000000000e+01
8.945900000000000000e+04,5.600000000000000000e+01
8.951200000000000000e+04,5.300000000000000000e+01
8.955100000000000000e+04,3.900000000000000000e+01
8.957800000000000000e+04,2.700000000000000000e+01
8.962800000000000000e+04,5.000000000000000000e+01
8.967300000000000000e+04,4.500000000000000000e+01
8.970700000000000000e+04,3.400000000000000000e+01
8.978400000000000000e+04,7.700000000000000000e+01
8.981100000000000000e+04,2.700000000000000000e+01
8.988200000000000000e+04,7.100000000000000000e+01
8.992800000000000000e+04,4.600000000000000000e+01
8.996800000000000000e+04,4.000000000000000000e+01
9.003000000000000000e+04,6.200000000000000000e+01
9.006600000000000000e+04,3.600000000000000000e+01
9.010200000000000000e+04,3.600000000000000000e+01
9.015100000000000000e+04,4.900000000000000000e+01
9.019800000000000000e+04,4.700000000000000000e+01
9.029500000000000000e+04,9.700000000000000000e+01
9.033100000000000000e+04,3.600000000000000000e+01
9.038800000000000000e+04,5.700000000000000000e+01
9.043200000000000000e+04,4.400000000000000000e+01
9.047400000000000000e+04,4.200000000000000000e+01
9.053400000000000000e+04,6.000000000000000000e+01
9.056700000000000000e+04,3.300000000000000000e+01
9.066500000000000000e+04,9.800000000000000000e+01
9.071300000000000000e+04,4.800000000000000000e+01
9.076500000000000000e+04,5.200000000000000000e+01
9.080600000000000000e+04,4.100000000000000000e+01
9.084600000000000000e+04,4.000000000000000000e+01
9.087000000000000000e+04,2.400000000000000000e+01
9.091500000000000000e+04,4.500000000000000000e+01
9.098500000000000000e+04,7.000000000000000000e+01
9.104800000000000000e+04,6.300000000000000000e+01
9.113400000000000000e+04,8.600000000000000000e+01
9.119600000000000000e+04,6.200000000000000000e+01
9.122100000000000000e+04,2.500000000000000000e+01
9.128800000000000000e+04,6.700000000000000000e+01
9.133800000000000000e+04,5.000000000000000000e+01
9.136900000000000000e+04,3.100000000000000000e+01
9.140600000000000000e+04,3.700000000000000000e+01
9.145500000000000000e+04,4.900000000000000000e+01
9.150700000000000000e+04,5.200000000000000000e+01
9.154200000000000000e+04,3.500000000000000000e+01
9.160600000000000000e+04,6.400000000000000000e+01
9.168100000000000000e+04,7.500000000000000000e+01
9.173400000000000000e+04,5.300000000000000000e+01
9.178600000000000000e+04,5.200000000000000000e+01
9.185000000000000000e+04,6.400000000000000000e+01
9.187700000000000000e+04,2.700000000000000000e+01
9.193100000000000000e+04,5.400000000000000000e+01
9.198200000000000000e+04,5.100000000000000000e+01
9.202400000000000000e+04,4.200000000000000000e+01
9.206000000000000000e+04,3.600000000000000000e+01
9.209300000000000000e+04,3.300000000000000000e+01
9.214400000000000000e+04,5.100000000000000000e+01
9.221400000000000000e+04,7.000000000000000000e+01
9.225000000000000000e+04,3.600000000000000000e+01
9.228900000000000000e+04,3.900000000000000000e+01
9.233200000000000000e+04,4.300000000000000000e+01
9.238500000000000000e+04,5.300000000000000000e+01
9.245100000000000000e+04,6.600000000000000000e+01
9.250500000000000000e+04,5.400000000000000000e+01
9.252900000000000000e+04,2.400000000000000000e+01
9.255000000000000000e+04,2.100000000000000000e+01
9.258400000000000000e+04,3.400000000000000000e+01
9.261500000000000000e+04,3.100000000000000000e+01
9.262700000000000000e+04,1.200000000000000000e+01
9.265000000000000000e+04,2.300000000000000000e+01
9.271700000000000000e+04,6.700000000000000000e+01
9.276900000000000000e+04,5.200000000000000000e+01
9.282300000000000000e+04,5.400000000000000000e+01
9.286000000000000000e+04,3.700000000000000000e+01
9.290700000000000000e+04,4.700000000000000000e+01
9.296400000000000000e+04,5.700000000000000000e+01
9.304500000000000000e+04,8.100000000000000000e+01
9.310000000000000000e+04,5.500000000000000000e+01
9.312800000000000000e+04,2.800000000000000000e+01
9.316000000000000000e+04,3.200000000000000000e+01
9.319900000000000000e+04,3.900000000000000000e+01
9.326800000000000000e+04,6.900000000000000000e+01
9.332200000000000000e+04,5.400000000000000000e+01
9.333900000000000000e+04,1.700000000000000000e+01
9.339600000000000000e+04,5.700000000000000000e+01
9.345200000000000000e+04,5.600000000000000000e+01
9.351300000000000000e+04,6.100000000000000000e+01
9.355300000000000000e+04,4.000000000000000000e+01
9.362200000000000000e+04,6.900000000000000000e+01
9.366200000000000000e+04,4.000000000000000000e+01
9.371800000000000000e+04,5.600000000000000000e+01
9.376100000000000000e+04,4.300000000000000000e+01
9.378500000000000000e+04,2.400000000000000000e+01
9.387700000000000000e+04,9.200000000000000000e+01
9.392400000000000000e+04,4.700000000000000000e+01
9.398600000000000000e+04,6.200000000000000000e+01
9.403100000000000000e+04,4.500000000000000000e+01
9.405100000000000000e+04,2.000000000000000000e+01
9.408300000000000000e+04,3.200000000000000000e+01
9.411700000000000000e+04,3.400000000000000000e+01
9.416200000000000000e+04,4.500000000000000000e+01
9.419900000000000000e+04,3.700000000000000000e+01
9.424700000000000000e+04,4.800000000000000000e+01
9.432300000000000000e+04,7.600000000000000000e+01
9.436400000000000000e+04,4.100000000000000000e+01
9.441200000000000000e+04,4.800000000000000000e+01
9.444000000000000000e+04,2.800000000000000000e+01
9.447500000000000000e+04,3.500000000000000000e+01
9.451000000000000000e+04,3.500000000000000000e+01
9.455200000000000000e+04,4.200000000000000000e+01
9.457200000000000000e+04,2.000000000000000000e+01
9.462800000000000000e+04,5.600000000000000000e+01
9.468300000000000000e+04,5.500000000000000000e+01
9.473000000000000000e+04,4.700000000000000000e+01
9.476600000000000000e+04,3.600000000000000000e+01
9.481600000000000000e+04,5.000000000000000000e+01
9.487200000000000000e+04,5.600000000000000000e+01
9.491600000000000000e+04,4.400000000000000000e+01
9.497600000000000000e+04,6.000000000000000000e+01
9.505300000000000000e+04,7.700000000000000000e+01
9.509700000000000000e+04,4.400000000000000000e+01
9.512500000000000000e+04,2.800000000000000000e+01
9.517000000000000000e+04,4.500000000000000000e+01
9.520600000000000000e+04,3.600000000000000000e+01
9.524200000000000000e+04,3.600000000000000000e+01
9.528500000000000000e+04,4.300000000000000000e+01
9.533400000000000000e+04,4.900000000000000000e+01
9.541800000000000000e+04,8.400000000000000000e+01
9.546900000000000000e+04,5.100000000000000000e+01
9.551300000000000000e+04,4.400000000000000000e+01
9.556500000000000000e+04,5.200000000000000000e+01
9.561500000000000000e+04,5.000000000000000000e+01
9.564400000000000000e+04,2.900000000000000000e+01
9.567800000000000000e+04,3.400000000000000000e+01
9.569900000000000000e+04,2.100000000000000000e+01
9.574300000000000000e+04,4.400000000000000000e+01
9.577300000000000000e+04,3.000000000000000000e+01
9.580600000000000000e+04,3.300000000000000000e+01
9.583200000000000000e+04,2.600000000000000000e+01
9.587100000000000000e+04,3.900000000000000000e+01
9.593000000000000000e+04,5.900000000000000000e+01
9.599000000000000000e+04,6.000000000000000000e+01
9.608000000000000000e+04,9.000000000000000000e+01
9.612700000000000000e+04,4.700000000000000000e+01
9.618300000000000000e+04,5.600000000000000000e+01
9.623700000000000000e+04,5.400000000000000000e+01
9.628800000000000000e+04,5.100000000000000000e+01
9.633200000000000000e+04,4.400000000000000000e+01
9.637300000000000000e+04,4.100000000000000000e+01
9.640400000000000000e+04,3.100000000000000000e+01
9.643800000000000000e+04,3.400000000000000000e+01
9.646100000000000000e+04,2.300000000000000000e+01
9.649600000000000000e+04,3.500000000000000000e+01
9.656800000000000000e+04,7.200000000000000000e+01
9.662600000000000000e+04,5.800000000000000000e+01
9.672500000000000000e+04,9.900000000000000000e+01
9.676400000000000000e+04,3.900000000000000000e+01
9.684000000000000000e+04,7.600000000000000000e+01
9.687700000000000000e+04,3.700000000000000000e+01
9.692000000000000000e+04,4.300000000000000000e+01
9.694200000000000000e+04,2.200000000000000000e+01
9.696600000000000000e+04,2.400000000000000000e+01
9.701100000000000000e+04,4.500000000000000000e+01
9.703300000000000000e+04,2.200000000000000000e+01
9.710000000000000000e+04,6.700000000000000000e+01
9.716000000000000000e+04,6.000000000000000000e+01
9.718900000000000000e+04,2.900000000000000000e+01
9.722100000000000000e+04,3.200000000000000000e+01
9.726500000000000000e+04,4.400000000000000000e+01
9.731000000000000000e+04,4.500000000000000000e+01
9.734900000000000000e+04,3.900000000000000000e+01
9.742500000000000000e+04,7.600000000000000000e+01
9.747900000000000000e+04,5.400000000000000000e+01
9.752300000000000000e+04,4.400000000000000000e+01
9.756600000000000000e+04,4.300000000000000000e+01
9.760500000000000000e+04,3.900000000000000000e+01
9.764300000000000000e+04,3.800000000000000000e+01
9.771300000000000000e+04,7.000000000000000000e+01
9.776000000000000000e+04,4.700000000000000000e+01
9.779600000000000000e+04,3.600000000000000000e+01
9.784200000000000000e+04,4.600000000000000000e+01
9.790000000000000000e+04,5.800000000000000000e+01
9.795000000000000000e+04,5.000000000000000000e+01
9.801900000000000000e+04,6.900000000000000000e+01
9.806500000000000000e+04,4.600000000000000000e+01
9.811400000000000000e+04,4.900000000000000000e+01
9.816600000000000000e+04,5.200000000000000000e+01
9.821200000000000000e+04,4.600000000000000000e+01
9.829700000000000000e+04,8.500000000000000000e+01
9.835400000000000000e+04,5.700000000000000000e+01
9.837800000000000000e+04,2.400000000000000000e+01
9.842000000000000000e+04,4.200000000000000000e+01
9.848200000000000000e+04,6.200000000000000000e+01
9.853500000000000000e+04,5.300000000000000000e+01
9.859800000000000000e+04,6.300000000000000000e+01
9.867500000000000000e+04,7.700000000000000000e+01
9.872200000000000000e+04,4.700000000000000000e+01
9.877900000000000000e+04,5.700000000000000000e+01
9.882000000000000000e+04,4.100000000000000000e+01
9.886400000000000000e+04,4.400000000000000000e+01
9.889800000000000000e+04,3.400000000000000000e+01
9.895100000000000000e+04,5.300000000000000000e+01
9.903200000000000000e+04,8.100000000000000000e+01
9.907600000000000000e+04,4.400000000000000000e+01
9.911600000000000000e+04,4.000000000000000000e+01
9.917200000000000000e+04,5.600000000000000000e+01
9.920100000000000000e+04,2.900000000000000000e+01
9.925800000000000000e+04,5.700000000000000000e+01
9.929400000000000000e+04,3.600000000000000000e+01
9.934400000000000000e+04,5.000000000000000000e+01
9.938000000000000000e+04,3.600000000000000000e+01
9.941000000000000000e+04,3.000000000000000000e+01
9.945200000000000000e+04,4.200000000000000000e+01
9.953000000000000000e+04,7.800000000000000000e+01
9.955300000000000000e+04,2.300000000000000000e+01
9.958800000000000000e+04,3.500000000000000000e+01
9.963200000000000000e+04,4.400000000000000000e+01
9.965400000000000000e+04,2.200000000000000000e+01
9.970400000000000000e+04,5.000000000000000000e+01
9.976100000000000000e+04,5.700000000000000000e+01
9.979900000000000000e+04,3.800000000000000000e+01
9.984100000000000000e+04,4.200000000000000000e+01
9.986400000000000000e+04,2.300000000000000000e+01
9.989000000000000000e+04,2.600000000000000000e+01
9.994700000000000000e+04,5.700000000000000000e+01
1.000290000000000000e+05,8.200000000000000000e+01
1.000660000000000000e+05,3.700000000000000000e+01
1.000960000000000000e+05,3.000000000000000000e+01
1.001200000000000000e+05,2.400000000000000000e+01
1.001620000000000000e+05,4.200000000000000000e+01
1.001960000000000000e+05,3.400000000000000000e+01
1.002230000000000000e+05,2.700000000000000000e+01
1.002670000000000000e+05,4.400000000000000000e+01
1.003130000000000000e+05,4.600000000000000000e+01
1.003790000000000000e+05,6.600000000000000000e+01
1.004190000000000000e+05,4.000000000000000000e+01
1.004590000000000000e+05,4.000000000000000000e+01
1.005120000000000000e+05,5.300000000000000000e+01
1.005430000000000000e+05,3.100000000000000000e+01
1.005800000000000000e+05,3.700000000000000000e+01
1.006260000000000000e+05,4.600000000000000000e+01
1.006610000000000000e+05,3.500000000000000000e+01
1.007100000000000000e+05,4.900000000000000000e+01
1.007650000000000000e+05,5.500000000000000000e+01
1.008030000000000000e+05,3.800000000000000000e+01
1.008270000000000000e+05,2.400000000000000000e+01
1.008880000000000000e+05,6.100000000000000000e+01
1.009280000000000000e+05,4.000000000000000000e+01
1.009700000000000000e+05,4.200000000000000000e+01
1.009940000000000000e+05,2.400000000000000000e+01
1.010520000000000000e+05,5.800000000000000000e+01
1.010790000000000000e+05,2.700000000000000000e+01
1.011180000000000000e+05,3.900000000000000000e+01
1.011750000000000000e+05,5.700000000000000000e+01
1.012100000000000000e+05,3.500000000000000000e+01
1.012560000000000000e+05,4.600000000000000000e+01
1.013140000000000000e+05,5.800000000000000000e+01
1.013360000000000000e+05,2.200000000000000000e+01
1.013760000000000000e+05,4.000000000000000000e+01
1.014140000000000000e+05,3.800000000000000000e+01
1.014590000000000000e+05,4.500000000000000000e+01
1.015130000000000000e+05,5.400000000000000000e+01
1.016080000000000000e+05,9.500000000000000000e+01
1.016550000000000000e+05,4.700000000000000000e+01
1.017090000000000000e+05,5.400000000000000000e+01
1.017760000000000000e+05,6.700000000000000000e+01
1.017910000000000000e+05,1.500000000000000000e+01
1.018300000000000000e+05,3.900000000000000000e+01
1.018870000000000000e+05,5.700000000000000000e+01
1.019390000000000000e+05,5.200000000000000000e+01
1.019750000000000000e+05,3.600000000000000000e+01
1.020110000000000000e+05,3.600000000000000000e+01
1.020560000000000000e+05,4.500000000000000000e+01
1.021350000000000000e+05,7.900000000000000000e+01
1.021740000000000000e+05,3.900000000000000000e+01
1.022430000000000000e+05,6.900000000000000000e+01
1.022860000000000000e+05,4.300000000000000000e+01
1.023380000000000000e+05,5.200000000000000000e+01
1.023750000000000000e+05,3.700000000000000000e+01
1.024130000000000000e+05,3.800000000000000000e+01
1.024420000000000000e+05,2.900000000000000000e+01
1.024810000000000000e+05,3.900000000000000000e+01
1.025310000000000000e+05,5.000000000000000000e+01
1.025950000000000000e+05,6.400000000000000000e+01
1.026300000000000000e+05,3.500000000000000000e+01
1.026650000000000000e+05,3.500000000000000000e+01
1.027090000000000000e+05,4.400000000000000000e+01
1.027680000000000000e+05,5.900000000000000000e+01
1.028250000000000000e+05,5.700000000000000000e+01
1.028800000000000000e+05,5.500000000000000000e+01
1.029310000000000000e+05,5.100000000000000000e+01
1.029930000000000000e+05,6.200000000000000000e+01
1.030450000000000000e+05,5.200000000000000000e+01
1.030720000000000000e+05,2.700000000000000000e+01
1.031040000000000000e+05,3.200000000000000000e+01
1.031570000000000000e+05,5.300000000000000000e+01
1.031920000000000000e+05,3.500000000000000000e+01
1.032160000000000000e+05,2.400000000000000000e+01
1.032590000000000000e+05,4.300000000000000000e+01
1.033490000000000000e+05,9.000000000000000000e+01
1.034100000000000000e+05,6.100000000000000000e+01
1.034220000000000000e+05,1.200000000000000000e+01
1.034930000000000000e+05,7.100000000000000000e+01
1.035410000000000000e+05,4.800000000000000000e+01
1.035640000000000000e+05,2.300000000000000000e+01
1.035910000000000000e+05,2.700000000000000000e+01
1.036280000000000000e+05,3.700000000000000000e+01
1.036670000000000000e+05,3.900000000000000000e+01
1.037060000000000000e+05,3.900000000000000000e+01
1.037420000000000000e+05,3.600000000000000000e+01
1.037850000000000000e+05,4.300000000000000000e+01
1.038200000000000000e+05,3.500000000000000000e+01
1.038560000000000000e+05,3.600000000000000000e+01
1.038980000000000000e+05,4.200000000000000000e+01
1.039510000000000000e+05,5.300000000000000000e+01
1.039900000000000000e+05,3.900000000000000000e+01
1.040180000000000000e+05,2.800000000000000000e+01
1.040450000000000000e+05,2.700000000000000000e+01
1.040800000000000000e+05,3.500000000000000000e+01
1.041250000000000000e+05,4.500000000000000000e+01
1.041700000000000000e+05,4.500000000000000000e+01
1.042490000000000000e+05,7.900000000000000000e+01
1.042760000000000000e+05,2.700000000000000000e+01
1.043220000000000000e+05,4.600000000000000000e+01
1.043660000000000000e+05,4.400000000000000000e+01
1.044040000000000000e+05,3.800000000000000000e+01
1.044320000000000000e+05,2.800000000000000000e+01
1.044840000000000000e+05,5.200000000000000000e+01
1.045100000000000000e+05,2.600000000000000000e+01
1.045490000000000000e+05,3.900000000000000000e+01
1.045870000000000000e+05,3.800000000000000000e+01
1.046090000000000000e+05,2.200000000000000000e+01
1.046560000000000000e+05,4.700000000000000000e+01
1.047260000000000000e+05,7.000000000000000000e+01
1.047630000000000000e+05,3.700000000000000000e+01
1.047870000000000000e+05,2.400000000000000000e+01
1.048550000000000000e+05,6.800000000000000000e+01
1.049090000000000000e+05,5.400000000000000000e+01
1.049690000000000000e+05,6.000000000000000000e+01
1.050270000000000000e+05,5.800000000000000000e+01
1.050770000000000000e+05,5.000000000000000000e+01
1.051340000000000000e+05,5.700000000000000000e+01
1.051810000000000000e+05,4.700000000000000000e+01
1.052350000000000000e+05,5.400000000000000000e+01
1.052570000000000000e+05,2.200000000000000000e+01
1.053250000000000000e+05,6.800000000000000000e+01
1.053490000000000000e+05,2.400000000000000000e+01
1.053850000000000000e+05,3.600000000000000000e+01
1.054430000000000000e+05,5.800000000000000000e+01
1.054700000000000000e+05,2.700000000000000000e+01
1.055080000000000000e+05,3.800000000000000000e+01
1.055430000000000000e+05,3.500000000000000000e+01
1.056050000000000000e+05,6.200000000000000000e+01
1.056350000000000000e+05,3.000000000000000000e+01
1.056760000000000000e+05,4.100000000000000000e+01
1.057220000000000000e+05,4.600000000000000000e+01
1.058080000000000000e+05,8.600000000000000000e+01
1.058620000000000000e+05,5.400000000000000000e+01
1.059130000000000000e+05,5.100000000000000000e+01
1.059780000000000000e+05,6.500000000000000000e+01
1.060080000000000000e+05,3.000000000000000000e+01
1.060640000000000000e+05,5.600000000000000000e+01
1.061090000000000000e+05,4.500000000000000000e+01
1.061340000000000000e+05,2.500000000000000000e+01
1.061460000000000000e+05,1.200000000000000000e+01
1.061910000000000000e+05,4.500000000000000000e+01
1.062500000000000000e+05,5.900000000000000000e+01
1.062860000000000000e+05,3.600000000000000000e+01
1.063540000000000000e+05,6.800000000000000000e+01
1.063950000000000000e+05,4.100000000000000000e+01
1.064190000000000000e+05,2.400000000000000000e+01
1.064810000000000000e+05,6.200000000000000000e+01
1.065520000000000000e+05,7.100000000000000000e+01
1.065940000000000000e+05,4.200000000000000000e+01
1.066560000000000000e+05,6.200000000000000000e+01
1.067030000000000000e+05,4.700000000000000000e+01
1.067470000000000000e+05,4.400000000000000000e+01
1.067740000000000000e+05,2.700000000000000000e+01
1.068000000000000000e+05,2.600000000000000000e+01
1.068340000000000000e+05,3.400000000000000000e+01
1.068790000000000000e+05,4.500000000000000000e+01
1.069190000000000000e+05,4.000000000000000000e+01
1.069700000000000000e+05,5.100000000000000000e+01
1.070020000000000000e+05,3.200000000000000000e+01
1.070480000000000000e+05,4.600000000000000000e+01
1.070860000000000000e+05,3.800000000000000000e+01
1.071190000000000000e+05,3.300000000000000000e+01
1.071610000000000000e+05,4.200000000000000000e+01
1.072430000000000000e+05,8.200000000000000000e+01
1.073200000000000000e+05,7.700000000000000000e+01
1.073660000000000000e+05,4.600000000000000000e+01
1.074090000000000000e+05,4.300000000000000000e+01
1.074590000000000000e+05,5.000000000000000000e+01
1.075310000000000000e+05,7.200000000000000000e+01
1.075630000000000000e+05,3.200000000000000000e+01
1.076050000000000000e+05,4.200000000000000000e+01
1.076620000000000000e+05,5.700000000000000000e+01
1.076970000000000000e+05,3.500000000000000000e+01
1.077760000000000000e+05,7.900000000000000000e+01
1.078360000000000000e+05,6.000000000000000000e+01
1.078830000000000000e+05,4.700000000000000000e+01
1.079500000000000000e+05,6.700000000000000000e+01
1.079760000000000000e+05,2.600000000000000000e+01
1.080110000000000000e+05,3.500000000000000000e+01
1.080740000000000000e+05,6.300000000000000000e+01
1.081140000000000000e+05,4.000000000000000000e+01
1.081550000000000000e+05,4.100000000000000000e+01
1.081770000000000000e+05,2.200000000000000000e+01
1.082270000000000000e+05,5.000000000000000000e+01
1.082590000000000000e+05,3.200000000000000000e+01
1.082940000000000000e+05,3.500000000000000000e+01
1.083600000000000000e+05,6.600000000000000000e+01
1.084170000000000000e+05,5.700000000000000000e+01
1.084680000000000000e+05,5.100000000000000000e+01
1.085340000000000000e+05,6.600000000000000000e+01
1.085900000000000000e+05,5.600000000000000000e+01
1.086200000000000000e+05,3.000000000000000000e+01
1.086730000000000000e+05,5.300000000000000000e+01
1.087180000000000000e+05,4.500000000000000000e+01
1.087640000000000000e+05,4.600000000000000000e+01
1.088080000000000000e+05,4.400000000000000000e+01
1.088470000000000000e+05,3.900000000000000000e+01
1.088820000000000000e+05,3.500000000000000000e+01
1.089520000000000000e+05,7.000000000000000000e+01
1.089970000000000000e+05,4.500000000000000000e+01
1.090580000000000000e+05,6.100000000000000000e+01
1.091120000000000000e+05,5.400000000000000000e+01
1.091530000000000000e+05,4.100000000000000000e+01
1.091850000000000000e+05,3.200000000000000000e+01
1.092320000000000000e+05,4.700000000000000000e+01
1.092740000000000000e+05,4.200000000000000000e+01
1.092990000000000000e+05,2.500000000000000000e+01
1.093470000000000000e+05,4.800000000000000000e+01
1.094340000000000000e+05,8.700000000000000000e+01
1.094830000000000000e+05,4.900000000000000000e+01
1.095450000000000000e+05,6.200000000000000000e+01
1.096060000000000000e+05,6.100000000000000000e+01
1.096440000000000000e+05,3.800000000000000000e+01
1.097020000000000000e+05,5.800000000000000000e+01
1.097220000000000000e+05,2.000000000000000000e+01
1.097640000000000000e+05,4.200000000000000000e+01
1.098100000000000000e+05,4.600000000000000000e+01
1.098560000000000000e+05,4.600000000000000000e+01
1.098840000000000000e+05,2.800000000000000000e+01
1.099260000000000000e+05,4.200000000000000000e+01
1.099460000000000000e+05,2.000000000000000000e+01
1.099750000000000000e+05,2.900000000000000000e+01
1.100090000000000000e+05,3.400000000000000000e+01
1.100600000000000000e+05,5.100000000000000000e+01
1.101110000000000000e+05,5.100000000000000000e+01
1.101340000000000000e+05,2.300000000000000000e+01
1.101570000000000000e+05,2.300000000000000000e+01
1.102040000000000000e+05,4.700000000000000000e+01
1.102590000000000000e+05,5.500000000000000000e+01
1.103070000000000000e+05,4.800000000000000000e+01
1.103450000000000000e+05,3.800000000000000000e+01
1.103670000000000000e+05,2.200000000000000000e+01
1.104020000000000000e+05,3.500000000000000000e+01
1.104410000000000000e+05,3.900000000000000000e+01
1.104870000000000000e+05,4.600000000000000000e+01
1.105330000000000000e+05,4.600000000000000000e+01
1.105780000000000000e+05,4.500000000000000000e+01
1.106100000000000000e+05,3.200000000000000000e+01
1.106310000000000000e+05,2.100000000000000000e+01
1.106660000000000000e+05,3.500000000000000000e+01
1.106870000000000000e+05,2.100000000000000000e+01
1.107580000000000000e+05,7.100000000000000000e+01
1.108110000000000000e+05,5.300000000000000000e+01
1.108440000000000000e+05,3.300000000000000000e+01
1.108840000000000000e+05,4.000000000000000000e+01
1.109210000000000000e+05,3.700000000000000000e+01
1.109420000000000000e+05,2.100000000000000000e+01
1.109990000000000000e+05,5.700000000000000000e+01
1.110430000000000000e+05,4.400000000000000000e+01
1.111040000000000000e+05,6.100000000000000000e+01
1.111430000000000000e+05,3.900000000000000000e+01
1.111800000000000000e+05,3.700000000000000000e+01
1.112220000000000000e+05,4.200000000000000000e+01
1.112750000000000000e+05,5.300000000000000000e+01
1.113410000000000000e+05,6.600000000000000000e+01
1.114160000000000000e+05,7.500000000000000000e+01
1.114580000000000000e+05,4.200000000000000000e+01
1.115110000000000000e+05,5.300000000000000000e+01
1.115530000000000000e+05,4.200000000000000000e+01
1.115970000000000000e+05,4.400000000000000000e+01
1.116570000000000000e+05,6.000000000000000000e+01
1.116940000000000000e+05,3.700000000000000000e+01
1.117200000000000000e+05,2.600000000000000000e+01
1.117530000000000000e+05,3.300000000000000000e+01
1.118220000000000000e+05,6.900000000000000000e+01
1.118960000000000000e+05,7.400000000000000000e+01
1.119380000000000000e+05,4.200000000000000000e+01
1.119840000000000000e+05,4.600000000000000000e+01
1.120180000000000000e+05,3.400000000000000000e+01
1.120490000000000000e+05,3.100000000000000000e+01
1.121120000000000000e+05,6.300000000000000000e+01
1.121560000000000000e+05,4.400000000000000000e+01
1.121780000000000000e+05,2.200000000000000000e+01
1.122240000000000000e+05,4.600000000000000000e+01
1.122780000000000000e+05,5.400000000000000000e+01
1.123070000000000000e+05,2.900000000000000000e+01
1.123640000000000000e+05,5.700000000000000000e+01
1.123990000000000000e+05,3.500000000000000000e+01
1.124430000000000000e+05,4.400000000000000000e+01
1.124670000000000000e+05,2.400000000000000000e+01
1.125240000000000000e+05,5.700000000000000000e+01
1.125810000000000000e+05,5.700000000000000000e+01
1.126260000000000000e+05,4.500000000000000000e+01
1.126660000000000000e+05,4.000000000000000000e+01
1.127210000000000000e+05,5.500000000000000000e+01
1.128040000000000000e+05,8.300000000000000000e+01
1.128660000000000000e+05,6.200000000000000000e+01
1.129130000000000000e+05,4.700000000000000000e+01
1.129520000000000000e+05,3.900000000000000000e+01
1.130000000000000000e+05,4.800000000000000000e+01
1.130350000000000000e+05,3.500000000000000000e+01
1.130620000000000000e+05,2.700000000000000000e+01
1.131210000000000000e+05,5.900000000000000000e+01
1.131740000000000000e+05,5.300000000000000000e+01
1.132210000000000000e+05,4.700000000000000000e+01
1.132580000000000000e+05,3.700000000000000000e+01
1.133280000000000000e+05,7.000000000000000000e+01
1.134040000000000000e+05,7.600000000000000000e+01
1.134660000000000000e+05,6.200000000000000000e+01
1.135050000000000000e+05,3.900000000000000000e+01
1.135290000000000000e+05,2.400000000000000000e+01
1.135550000000000000e+05,2.600000000000000000e+01
1.135980000000000000e+05,4.300000000000000000e+01
1.136470000000000000e+05,4.900000000000000000e+01
1.136760000000000000e+05,2.900000000000000000e+01
1.137150000000000000e+05,3.900000000000000000e+01
1.137630000000000000e+05,4.800000000000000000e+01
1.138110000000000000e+05,4.800000000000000000e+01
1.138530000000000000e+05,4.200000000000000000e+01
1.138860000000000000e+05,3.300000000000000000e+01
1.139340000000000000e+05,4.800000000000000000e+01
1.139730000000000000e+05,3.900000000000000000e+01
1.140260000000000000e+05,5.300000000000000000e+01
1.140490000000000000e+05,2.300000000000000000e+01
1.140990000000000000e+05,5.000000000000000000e+01
1.141440000000000000e+05,4.500000000000000000e+01
1.141770000000000000e+05,3.300000000000000000e+01
1.142060000000000000e+05,2.900000000000000000e+01
1.142540000000000000e+05,4.800000000000000000e+01
1.142800000000000000e+05,2.600000000000000000e+01
1.143430000000000000e+05,6.300000000000000000e+01
1.143850000000000000e+05,4.200000000000000000e+01
1.144430000000000000e+05,5.800000000000000000e+01
1.144890000000000000e+05,4.600000000000000000e+01
1.145310000000000000e+05,4.200000000000000000e+01
1.145740000000000000e+05,4.300000000000000000e+01
1.145970000000000000e+05,2.300000000000000000e+01
1.146360000000000000e+05,3.900000000000000000e+01
1.146690000000000000e+05,3.300000000000000000e+01
1.146940000000000000e+05,2.500000000000000000e+01
1.147680000000000000e+05,7.400000000000000000e+01
1.148250000000000000e+05,5.700000000000000000e+01
1.148640000000000000e+05,3.900000000000000000e+01
1.149010000000000000e+05,3.700000000000000000e+01
1.149400000000000000e+05,3.900000000000000000e+01
1.149780000000000000e+05,3.800000000000000000e+01
1.150060000000000000e+05,2.800000000000000000e+01
1.150610000000000000e+05,5.500000000000000000e+01
1.150850000000000000e+05,2.400000000000000000e+01
1.151200000000000000e+05,3.500000000000000000e+01
1.151460000000000000e+05,2.600000000000000000e+01
1.151830000000000000e+05,3.700000000000000000e+01
1.152350000000000000e+05,5.200000000000000000e+01
1.152770000000000000e+05,4.200000000000000000e+01
1.153060000000000000e+05,2.900000000000000000e+01
1.153300000000000000e+05,2.400000000000000000e+01
1.154000000000000000e+05,7.000000000000000000e+01
1.154450000000000000e+05,4.500000000000000000e+01
1.155040000000000000e+05,5.900000000000000000e+01
1.155540000000000000e+05,5.000000000000000000e+01
1.155980000000000000e+05,4.400000000000000000e+01
1.156440000000000000e+05,4.600000000000000000e+01
1.157050000000000000e+05,6.100000000000000000e+01
1.157320000000000000e+05,2.700000000000000000e+01
1.157740000000000000e+05,4.200000000000000000e+01
1.158250000000000000e+05,5.100000000000000000e+01
1.158640000000000000e+05,3.900000000000000000e+01
1.159230000000000000e+05,5.900000000000000000e+01
1.159500000000000000e+05,2.700000000000000000e+01
1.160080000000000000e+05,5.800000000000000000e+01
1.160350000000000000e+05,2.700000000000000000e+01
1.160720000000000000e+05,3.700000000000000000e+01
1.161140000000000000e+05,4.200000000000000000e+01
1.161780000000000000e+05,6.400000000000000000e+01
1.162290000000000000e+05,5.100000000000000000e+01
1.162780000000000000e+05,4.900000000000000000e+01
1.163000000000000000e+05,2.200000000000000000e+01
1.163520000000000000e+05,5.200000000000000000e+01
1.164060000000000000e+05,5.400000000000000000e+01
1.164590000000000000e+05,5.300000000000000000e+01
1.165330000000000000e+05,7.400000000000000000e+01
1.165560000000000000e+05,2.300000000000000000e+01
1.165820000000000000e+05,2.600000000000000000e+01
1.166460000000000000e+05,6.400000000000000000e+01
1.166920000000000000e+05,4.600000000000000000e+01
1.167440000000000000e+05,5.200000000000000000e+01
1.167950000000000000e+05,5.100000000000000000e+01
1.168710000000000000e+05,7.600000000000000000e+01
1.169090000000000000e+05,3.800000000000000000e+01
1.169430000000000000e+05,3.400000000000000000e+01
1.169680000000000000e+05,2.500000000000000000e+01
1.170100000000000000e+05,4.200000000000000000e+01
1.170560000000000000e+05,4.600000000000000000e+01
1.171250000000000000e+05,6.900000000000000000e+01
1.171700000000000000e+05,4.500000000000000000e+01
1.171980000000000000e+05,2.800000000000000000e+01
1.172480000000000000e+05,5.000000000000000000e+01
1.172710000000000000e+05,2.300000000000000000e+01
1.173050000000000000e+05,3.400000000000000000e+01
1.173470000000000000e+05,4.200000000000000000e+01
1.173840000000000000e+05,3.700000000000000000e+01
1.174360000000000000e+05,5.200000000000000000e+01
1.174810000000000000e+05,4.500000000000000000e+01
1.175240000000000000e+05,4.300000000000000000e+01
1.175650000000000000e+05,4.100000000000000000e+01
1.176090000000000000e+05,4.400000000000000000e+01
1.176460000000000000e+05,3.700000000000000000e+01
1.176850000000000000e+05,3.900000000000000000e+01
1.177370000000000000e+05,5.200000000000000000e+01
1.177900000000000000e+05,5.300000000000000000e+01
1.178580000000000000e+05,6.800000000000000000e+01
1.179090000000000000e+05,5.100000000000000000e+01
1.179690000000000000e+05,6.000000000000000000e+01
1.180080000000000000e+05,3.900000000000000000e+01
1.180440000000000000e+05,3.600000000000000000e+01
1.181130000000000000e+05,6.900000000000000000e+01
1.181570000000000000e+05,4.400000000000000000e+01
1.182070000000000000e+05,5.000000000000000000e+01
1.182970000000000000e+05,9.000000000000000000e+01
1.183510000000000000e+05,5.400000000000000000e+01
1.183990000000000000e+05,4.800000000000000000e+01
1.184660000000000000e+05,6.700000000000000000e+01
1.185310000000000000e+05,6.500000000000000000e+01
1.185880000000000000e+05,5.700000000000000000e+01
1.186280000000000000e+05,4.000000000000000000e+01
1.186850000000000000e+05,5.700000000000000000e+01
1.187060000000000000e+05,2.100000000000000000e+01
1.187460000000000000e+05,4.000000000000000000e+01
1.187910000000000000e+05,4.500000000000000000e+01
1.188320000000000000e+05,4.100000000000000000e+01
1.188570000000000000e+05,2.500000000000000000e+01
1.189070000000000000e+05,5.000000000000000000e+01
1.189620000000000000e+05,5.500000000000000000e+01
1.190080000000000000e+05,4.600000000000000000e+01
1.190690000000000000e+05,6.100000000000000000e+01
1.190920000000000000e+05,2.300000000000000000e+01
1.191450000000000000e+05,5.300000000000000000e+01
1.192000000000000000e+05,5.500000000000000000e+01
1.192390000000000000e+05,3.900000000000000000e+01
1.192810000000000000e+05,4.200000000000000000e+01
1.193360000000000000e+05,5.500000000000000000e+01
1.193750000000000000e+05,3.900000000000000000e+01
1.194430000000000000e+05,6.800000000000000000e+01
1.194910000000000000e+05,4.800000000000000000e+01
1.195290000000000000e+05,3.800000000000000000e+01
1.195590000000000000e+05,3.000000000000000000e+01
1.195920000000000000e+05,3.300000000000000000e+01
1.196620000000000000e+05,7.000000000000000000e+01
1.197060000000000000e+05,4.400000000000000000e+01
1.197580000000000000e+05,5.200000000000000000e+01
1.198050000000000000e+05,4.700000000000000000e+01
1.198400000000000000e+05,3.500000000000000000e+01
1.198910000000000000e+05,5.100000000000000000e+01
1.199270000000000000e+05,3.600000000000000000e+01
1.199810000000000000e+05,5.400000000000000000e+01
1.200120000000000000e+05,3.100000000000000000e+01
1.200550000000000000e+05,4.300000000000000000e+01
1.201610000000000000e+05,1.060000000000000000e+02
1.202280000000000000e+05,6.700000000000000000e+01
1.202690000000000000e+05,4.100000000000000000e+01
1.203080000000000000e+05,3.900000000000000000e+01
1.203560000000000000e+05,4.800000000000000000e+01
1.203950000000000000e+05,3.900000000000000000e+01
1.204310000000000000e+05,3.600000000000000000e+01
1.204820000000000000e+05,5.100000000000000000e+01
1.205300000000000000e+05,4.800000000000000000e+01
1.205770000000000000e+05,4.700000000000000000e+01
1.206600000000000000e+05,8.300000000000000000e+01
1.207340000000000000e+05,7.400000000000000000e+01
1.207760000000000000e+05,4.200000000000000000e+01
1.208110000000000000e+05,3.500000000000000000e+01
1.208490000000000000e+05,3.800000000000000000e+01
1.208940000000000000e+05,4.500000000000000000e+01
1.209410000000000000e+05,4.700000000000000000e+01
1.209930000000000000e+05,5.200000000000000000e+01
1.210350000000000000e+05,4.200000000000000000e+01
1.210710000000000000e+05,3.600000000000000000e+01
1.210930000000000000e+05,2.200000000000000000e+01
1.211350000000000000e+05,4.200000000000000000e+01
1.211740000000000000e+05,3.900000000000000000e+01
1.212220000000000000e+05,4.800000000000000000e+01
1.213100000000000000e+05,8.800000000000000000e+01
1.213440000000000000e+05,3.400000000000000000e+01
1.213810000000000000e+05,3.700000000000000000e+01
1.214360000000000000e+05,5.500000000000000000e+01
1.214720000000000000e+05,3.600000000000000000e+01
1.215230000000000000e+05,5.100000000000000000e+01
1.215650000000000000e+05,4.200000000000000000e+01
1.216100000000000000e+05,4.500000000000000000e+01
1.216630000000000000e+05,5.300000000000000000e+01
1.217310000000000000e+05,6.800000000000000000e+01
1.217840000000000000e+05,5.300000000000000000e+01
1.218240000000000000e+05,4.000000000000000000e+01
1.218500000000000000e+05,2.600000000000000000e+01
1.218780000000000000e+05,2.800000000000000000e+01
1.219260000000000000e+05,4.800000000000000000e+01
1.219530000000000000e+05,2.700000000000000000e+01
1.219890000000000000e+05,3.600000000000000000e+01
1.220470000000000000e+05,5.800000000000000000e+01
1.221000000000000000e+05,5.300000000000000000e+01
1.221380000000000000e+05,3.800000000000000000e+01
1.221910000000000000e+05,5.300000000000000000e+01
1.222170000000000000e+05,2.600000000000000000e+01
1.222730000000000000e+05,5.600000000000000000e+01
1.223360000000000000e+05,6.300000000000000000e+01
1.223830000000000000e+05,4.700000000000000000e+01
1.224190000000000000e+05,3.600000000000000000e+01
1.224430000000000000e+05,2.400000000000000000e+01
1.224820000000000000e+05,3.900000000000000000e+01
1.225020000000000000e+05,2.000000000000000000e+01
1.225280000000000000e+05,2.600000000000000000e+01
1.225570000000000000e+05,2.900000000000000000e+01
1.225900000000000000e+05,3.300000000000000000e+01
1.226340000000000000e+05,4.400000000000000000e+01
1.226750000000000000e+05,4.100000000000000000e+01
1.227060000000000000e+05,3.100000000000000000e+01
1.227450000000000000e+05,3.900000000000000000e+01
1.227690000000000000e+05,2.400000000000000000e+01
1.228360000000000000e+05,6.700000000000000000e+01
1.229050000000000000e+05,6.900000000000000000e+01
1.229540000000000000e+05,4.900000000000000000e+01
1.230110000000000000e+05,5.700000000000000000e+01
1.230430000000000000e+05,3.200000000000000000e+01
1.230830000000000000e+05,4.000000000000000000e+01
1.231370000000000000e+05,5.400000000000000000e+01
1.231620000000000000e+05,2.500000000000000000e+01
1.232180000000000000e+05,5.600000000000000000e+01
1.232590000000000000e+05,4.100000000000000000e+01
1.233130000000000000e+05,5.400000000000000000e+01
1.233840000000000000e+05,7.100000000000000000e+01
1.234470000000000000e+05,6.300000000000000000e+01
1.235040000000000000e+05,5.700000000000000000e+01
1.235440000000000000e+05,4.000000000000000000e+01
1.236160000000000000e+05,7.200000000000000000e+01
1.236690000000000000e+05,5.300000000000000000e+01
1.237100000000000000e+05,4.100000000000000000e+01
1.237540000000000000e+05,4.400000000000000000e+01
1.238010000000000000e+05,4.700000000000000000e+01
1.238380000000000000e+05,3.700000000000000000e+01
1.238730000000000000e+05,3.500000000000000000e+01
1.239190000000000000e+05,4.600000000000000000e+01
1.239440000000000000e+05,2.500000000000000000e+01
1.239760000000000000e+05,3.200000000000000000e+01
1.240130000000000000e+05,3.700000000000000000e+01
1.240550000000000000e+05,4.200000000000000000e+01
1.241110000000000000e+05,5.600000000000000000e+01
1.241340000000000000e+05,2.300000000000000000e+01
1.241850000000000000e+05,5.100000000000000000e+01
1.242360000000000000e+05,5.100000000000000000e+01
1.242820000000000000e+05,4.600000000000000000e+01
1.243190000000000000e+05,3.700000000000000000e+01
1.243810000000000000e+05,6.200000000000000000e+01
1.244510000000000000e+05,7.000000000000000000e+01
1.244830000000000000e+05,3.200000000000000000e+01
1.245180000000000000e+05,3.500000000000000000e+01
1.245590000000000000e+05,4.100000000000000000e+01
1.246170000000000000e+05,5.800000000000000000e+01
1.246480000000000000e+05,3.100000000000000000e+01
1.246900000000000000e+05,4.200000000000000000e+01
1.247210000000000000e+05,3.100000000000000000e+01
1.247710000000000000e+05,5.000000000000000000e+01
1.248210000000000000e+05,5.000000000000000000e+01
1.248460000000000000e+05,2.500000000000000000e+01
1.248840000000000000e+05,3.800000000000000000e+01
1.249560000000000000e+05,7.200000000000000000e+01
1.249780000000000000e+05,2.200000000000000000e+01
1.250420000000000000e+05,6.400000000000000000e+01
1.250800000000000000e+05,3.800000000000000000e+01
1.251220000000000000e+05,4.200000000000000000e+01
1.251490000000000000e+05,2.700000000000000000e+01
1.251870000000000000e+05,3.800000000000000000e+01
1.252520000000000000e+05,6.500000000000000000e+01
1.252940000000000000e+05,4.200000000000000000e+01
1.253390000000000000e+05,4.500000000000000000e+01
1.253660000000000000e+05,2.700000000000000000e+01
1.254430000000000000e+05,7.700000000000000000e+01
1.254680000000000000e+05,2.500000000000000000e+01
1.254980000000000000e+05,3.000000000000000000e+01
1.255320000000000000e+05,3.400000000000000000e+01
1.255690000000000000e+05,3.700000000000000000e+01
1.256020000000000000e+05,3.300000000000000000e+01
1.256670000000000000e+05,6.500000000000000000e+01
1.257280000000000000e+05,6.100000000000000000e+01
1.257690000000000000e+05,4.100000000000000000e+01
1.258270000000000000e+05,5.800000000000000000e+01
1.258720000000000000e+05,4.500000000000000000e+01
1.259250000000000000e+05,5.300000000000000000e+01
1.259580000000000000e+05,3.300000000000000000e+01
1.259850000000000000e+05,2.700000000000000000e+01
1.260110000000000000e+05,2.600000000000000000e+01
1.260490000000000000e+05,3.800000000000000000e+01
1.261140000000000000e+05,6.500000000000000000e+01
1.261360000000000000e+05,2.200000000000000000e+01
1.261800000000000000e+05,4.400000000000000000e+01
1.262190000000000000e+05,3.900000000000000000e+01
1.262570000000000000e+05,3.800000000000000000e+01
1.262960000000000000e+05,3.900000000000000000e+01
1.263370000000000000e+05,4.100000000000000000e+01
1.263990000000000000e+05,6.200000000000000000e+01
1.264510000000000000e+05,5.200000000000000000e+01
1.265020000000000000e+05,5.100000000000000000e+01
1.265270000000000000e+05,2.500000000000000000e+01
1.265700000000000000e+05,4.300000000000000000e+01
1.266200000000000000e+05,5.000000000000000000e+01
1.266750000000000000e+05,5.500000000000000000e+01
1.267380000000000000e+05,6.300000000000000000e+01
1.267750000000000000e+05,3.700000000000000000e+01
1.268130000000000000e+05,3.800000000000000000e+01
1.268650000000000000e+05,5.200000000000000000e+01
1.268990000000000000e+05,3.400000000000000000e+01
1.269330000000000000e+05,3.400000000000000000e+01
1.269840000000000000e+05,5.100000000000000000e+01
1.270460000000000000e+05,6.200000000000000000e+01
1.271020000000000000e+05,5.600000000000000000e+01
1.271540000000000000e+05,5.200000000000000000e+01
1.271990000000000000e+05,4.500000000000000000e+01
1.272710000000000000e+05,7.200000000000000000e+01
1.273070000000000000e+05,3.600000000000000000e+01
1.273360000000000000e+05,2.900000000000000000e+01
1.273680000000000000e+05,3.200000000000000000e+01
1.274140000000000000e+05,4.600000000000000000e+01
1.274580000000000000e+05,4.400000000000000000e+01
1.275210000000000000e+05,6.300000000000000000e+01
1.275580000000000000e+05,3.700000000000000000e+01
1.275910000000000000e+05,3.300000000000000000e+01
1.276280000000000000e+05,3.700000000000000000e+01
1.276510000000000000e+05,2.300000000000000000e+01
1.276890000000000000e+05,3.800000000000000000e+01
1.277220000000000000e+05,3.300000000000000000e+01
1.277730000000000000e+05,5.100000000000000000e+01
1.278200000000000000e+05,4.700000000000000000e+01
1.278790000000000000e+05,5.900000000000000000e+01
1.279130000000000000e+05,3.400000000000000000e+01
1.279470000000000000e+05,3.400000000000000000e+01
1.279840000000000000e+05,3.700000000000000000e+01
1.280210000000000000e+05,3.700000000000000000e+01
1.280570000000000000e+05,3.600000000000000000e+01
1.280850000000000000e+05,2.800000000000000000e+01
1.281300000000000000e+05,4.500000000000000000e+01
1.281990000000000000e+05,6.900000000000000000e+01
1.282540000000000000e+05,5.500000000000000000e+01
1.283280000000000000e+05,7.400000000000000000e+01
1.283820000000000000e+05,5.400000000000000000e+01
1.284220000000000000e+05,4.000000000000000000e+01
1.284750000000000000e+05,5.300000000000000000e+01
1.285480000000000000e+05,7.300000000000000000e+01
1.286070000000000000e+05,5.900000000000000000e+01
1.286670000000000000e+05,6.000000000000000000e+01
1.287210000000000000e+05,5.400000000000000000e+01
1.287660000000000000e+05,4.500000000000000000e+01
1.288070000000000000e+05,4.100000000000000000e+01
1.288570000000000000e+05,5.000000000000000000e+01
1.289000000000000000e+05,4.300000000000000000e+01
1.289450000000000000e+05,4.500000000000000000e+01
1.289870000000000000e+05,4.200000000000000000e+01
1.290270000000000000e+05,4.000000000000000000e+01
1.290970000000000000e+05,7.000000000000000000e+01
1.291610000000000000e+05,6.400000000000000000e+01
1.292080000000000000e+05,4.700000000000000000e+01
1.292390000000000000e+05,3.100000000000000000e+01
1.292910000000000000e+05,5.200000000000000000e+01
1.293340000000000000e+05,4.300000000000000000e+01
1.293880000000000000e+05,5.400000000000000000e+01
1.294350000000000000e+05,4.700000000000000000e+01
1.295170000000000000e+05,8.200000000000000000e+01
1.295470000000000000e+05,3.000000000000000000e+01
1.295750000000000000e+05,2.800000000000000000e+01
1.296110000000000000e+05,3.600000000000000000e+01
1.296540000000000000e+05,4.300000000000000000e+01
1.297430000000000000e+05,8.900000000000000000e+01
1.297940000000000000e+05,5.100000000000000000e+01
1.298370000000000000e+05,4.300000000000000000e+01
1.298770000000000000e+05,4.000000000000000000e+01
1.299270000000000000e+05,5.000000000000000000e+01
1.299570000000000000e+05,3.000000000000000000e+01
1.300030000000000000e+05,4.600000000000000000e+01
1.300360000000000000e+05,3.300000000000000000e+01
1.300670000000000000e+05,3.100000000000000000e+01
1.301160000000000000e+05,4.900000000000000000e+01
1.301400000000000000e+05,2.400000000000000000e+01
1.301890000000000000e+05,4.900000000000000000e+01
1.302250000000000000e+05,3.600000000000000000e+01
1.302790000000000000e+05,5.400000000000000000e+01
1.303360000000000000e+05,5.700000000000000000e+01
1.303710000000000000e+05,3.500000000000000000e+01
1.304360000000000000e+05,6.500000000000000000e+01
1.304620000000000000e+05,2.600000000000000000e+01
1.305150000000000000e+05,5.300000000000000000e+01
1.305510000000000000e+05,3.600000000000000000e+01
1.306160000000000000e+05,6.500000000000000000e+01
1.306530000000000000e+05,3.700000000000000000e+01
1.306860000000000000e+05,3.300000000000000000e+01
1.307300000000000000e+05,4.400000000000000000e+01
1.307580000000000000e+05,2.800000000000000000e+01
1.308080000000000000e+05,5.000000000000000000e+01
1.308720000000000000e+05,6.400000000000000000e+01
1.309130000000000000e+05,4.100000000000000000e+01
1.309970000000000000e+05,8.400000000000000000e+01
1.310530000000000000e+05,5.600000000000000000e+01
1.310990000000000000e+05,4.600000000000000000e+01
1.311530000000000000e+05,5.400000000000000000e+01
1.311910000000000000e+05,3.800000000000000000e+01
1.312270000000000000e+05,3.600000000000000000e+01
1.312890000000000000e+05,6.200000000000000000e+01
1.313450000000000000e+05,5.600000000000000000e+01
1.314390000000000000e+05,9.400000000000000000e+01
1.314810000000000000e+05,4.200000000000000000e+01
1.315290000000000000e+05,4.800000000000000000e+01
1.315560000000000000e+05,2.700000000000000000e+01
1.316410000000000000e+05,8.500000000000000000e+01
1.317120000000000000e+05,7.100000000000000000e+01
1.317400000000000000e+05,2.800000000000000000e+01
1.317850000000000000e+05,4.500000000000000000e+01
1.318600000000000000e+05,7.500000000000000000e+01
1.318800000000000000e+05,2.000000000000000000e+01
1.319110000000000000e+05,3.100000000000000000e+01
1.319520000000000000e+05,4.100000000000000000e+01
1.320400000000000000e+05,8.800000000000000000e+01
1.321310000000000000e+05,9.100000000000000000e+01
1.321790000000000000e+05,4.800000000000000000e+01
1.322610000000000000e+05,8.200000000000000000e+01
1.323000000000000000e+05,3.900000000000000000e+01
1.323350000000000000e+05,3.500000000000000000e+01
1.323600000000000000e+05,2.500000000000000000e+01
1.324090000000000000e+05,4.900000000000000000e+01
1.324440000000000000e+05,3.500000000000000000e+01
1.324800000000000000e+05,3.600000000000000000e+01
1.325540000000000000e+05,7.400000000000000000e+01
1.326120000000000000e+05,5.800000000000000000e+01
1.326690000000000000e+05,5.700000000000000000e+01
1.327050000000000000e+05,3.600000000000000000e+01
1.327520000000000000e+05,4.700000000000000000e+01
1.327900000000000000e+05,3.800000000000000000e+01
1.328520000000000000e+05,6.200000000000000000e+01
1.328840000000000000e+05,3.200000000000000000e+01
1.329220000000000000e+05,3.800000000000000000e+01
1.329750000000000000e+05,5.300000000000000000e+01
1.330310000000000000e+05,5.600000000000000000e+01
1.330720000000000000e+05,4.100000000000000000e+01
1.331120000000000000e+05,4.000000000000000000e+01
1.331470000000000000e+05,3.500000000000000000e+01
1.331930000000000000e+05,4.600000000000000000e+01
1.332430000000000000e+05,5.000000000000000000e+01
1.332910000000000000e+05,4.800000000000000000e+01
1.333130000000000000e+05,2.200000000000000000e+01
1.333680000000000000e+05,5.500000000000000000e+01
1.333890000000000000e+05,2.100000000000000000e+01
1.334420000000000000e+05,5.300000000000000000e+01
1.334840000000000000e+05,4.200000000000000000e+01
1.335120000000000000e+05,2.800000000000000000e+01
1.335450000000000000e+05,3.300000000000000000e+01
1.335720000000000000e+05,2.700000000000000000e+01
1.336300000000000000e+05,5.800000000000000000e+01
1.336960000000000000e+05,6.600000000000000000e+01
1.337400000000000000e+05,4.400000000000000000e+01
1.337960000000000000e+05,5.600000000000000000e+01
1.338150000000000000e+05,1.900000000000000000e+01
1.338480000000000000e+05,3.300000000000000000e+01
1.338920000000000000e+05,4.400000000000000000e+01
1.339370000000000000e+05,4.500000000000000000e+01
1.339630000000000000e+05,2.600000000000000000e+01
1.340410000000000000e+05,7.800000000000000000e+01
1.340970000000000000e+05,5.600000000000000000e+01
1.341500000000000000e+05,5.300000000000000000e+01
1.341990000000000000e+05,4.900000000000000000e+01
1.342320000000000000e+05,3.300000000000000000e+01
1.342730000000000000e+05,4.100000000000000000e+01
1.343190000000000000e+05,4.600000000000000000e+01
1.343750000000000000e+05,5.600000000000000000e+01
1.344140000000000000e+05,3.900000000000000000e+01
1.344420000000000000e+05,2.800000000000000000e+01
1.345210000000000000e+05,7.900000000000000000e+01
1.345600000000000000e+05,3.900000000000000000e+01
1.346050000000000000e+05,4.500000000000000000e+01
1.346380000000000000e+05,3.300000000000000000e+01
1.346730000000000000e+05,3.500000000000000000e+01
1.347050000000000000e+05,3.200000000000000000e+01
1.347260000000000000e+05,2.100000000000000000e+01
1.347800000000000000e+05,5.400000000000000000e+01
1.348360000000000000e+05,5.600000000000000000e+01
1.348680000000000000e+05,3.200000000000000000e+01
1.349040000000000000e+05,3.600000000000000000e+01
1.349490000000000000e+05,4.500000000000000000e+01
1.349980000000000000e+05,4.900000000000000000e+01
1.350690000000000000e+05,7.100000000000000000e+01
1.351030000000000000e+05,3.400000000000000000e+01
1.351460000000000000e+05,4.300000000000000000e+01
1.351900000000000000e+05,4.400000000000000000e+01
1.352730000000000000e+05,8.300000000000000000e+01
1.353010000000000000e+05,2.800000000000000000e+01
1.353560000000000000e+05,5.500000000000000000e+01
1.354430000000000000e+05,8.700000000000000000e+01
1.355450000000000000e+05,1.020000000000000000e+02
1.355900000000000000e+05,4.500000000000000000e+01
1.356560000000000000e+05,6.600000000000000000e+01
1.357050000000000000e+05,4.900000000000000000e+01
1.357420000000000000e+05,3.700000000000000000e+01
1.357860000000000000e+05,4.400000000000000000e+01
1.358320000000000000e+05,4.600000000000000000e+01
1.358950000000000000e+05,6.300000000000000000e+01
1.359470000000000000e+05,5.200000000000000000e+01
1.359980000000000000e+05,5.100000000000000000e+01
1.360260000000000000e+05,2.800000000000000000e+01
1.360750000000000000e+05,4.900000000000000000e+01
1.361380000000000000e+05,6.300000000000000000e+01
1.361810000000000000e+05,4.300000000000000000e+01
1.362130000000000000e+05,3.200000000000000000e+01
1.362480000000000000e+05,3.500000000000000000e+01
1.363020000000000000e+05,5.400000000000000000e+01
1.363420000000000000e+05,4.000000000000000000e+01
1.364130000000000000e+05,7.100000000000000000e+01
1.364530000000000000e+05,4.000000000000000000e+01
1.364850000000000000e+05,3.200000000000000000e+01
1.365110000000000000e+05,2.600000000000000000e+01
1.365360000000000000e+05,2.500000000000000000e+01
1.365830000000000000e+05,4.700000000000000000e+01
1.366550000000000000e+05,7.200000000000000000e+01
1.367230000000000000e+05,6.800000000000000000e+01
1.367920000000000000e+05,6.900000000000000000e+01
1.368980000000000000e+05,1.060000000000000000e+02
1.369220000000000000e+05,2.400000000000000000e+01
1.369480000000000000e+05,2.600000000000000000e+01
1.369810000000000000e+05,3.300000000000000000e+01
1.370320000000000000e+05,5.100000000000000000e+01
1.370770000000000000e+05,4.500000000000000000e+01
1.371310000000000000e+05,5.400000000000000000e+01
1.371670000000000000e+05,3.600000000000000000e+01
1.372110000000000000e+05,4.400000000000000000e+01
1.372510000000000000e+05,4.000000000000000000e+01
1.373050000000000000e+05,5.400000000000000000e+01
1.373510000000000000e+05,4.600000000000000000e+01
1.373790000000000000e+05,2.800000000000000000e+01
1.374140000000000000e+05,3.500000000000000000e+01
1.374480000000000000e+05,3.400000000000000000e+01
1.374870000000000000e+05,3.900000000000000000e+01
1.375420000000000000e+05,5.500000000000000000e+01
1.376040000000000000e+05,6.200000000000000000e+01
1.376280000000000000e+05,2.400000000000000000e+01
1.376770000000000000e+05,4.900000000000000000e+01
1.377010000000000000e+05,2.400000000000000000e+01
1.377360000000000000e+05,3.500000000000000000e+01
1.378130000000000000e+05,7.700000000000000000e+01
1.378520000000000000e+05,3.900000000000000000e+01
1.378930000000000000e+05,4.100000000000000000e+01
1.379350000000000000e+05,4.200000000000000000e+01
1.379860000000000000e+05,5.100000000000000000e+01
1.380240000000000000e+05,3.800000000000000000e+01
1.380570000000000000e+05,3.300000000000000000e+01
1.380840000000000000e+05,2.700000000000000000e+01
1.381470000000000000e+05,6.300000000000000000e+01
1.381920000000000000e+05,4.500000000000000000e+01
1.382270000000000000e+05,3.500000000000000000e+01
1.382740000000000000e+05,4.700000000000000000e+01
1.383250000000000000e+05,5.100000000000000000e+01
1.383840000000000000e+05,5.900000000000000000e+01
1.384530000000000000e+05,6.900000000000000000e+01
1.384980000000000000e+05,4.500000000000000000e+01
1.385740000000000000e+05,7.600000000000000000e+01
1.386180000000000000e+05,4.400000000000000000e+01
1.386580000000000000e+05,4.000000000000000000e+01
1.387090000000000000e+05,5.100000000000000000e+01
1.387700000000000000e+05,6.100000000000000000e+01
1.388110000000000000e+05,4.100000000000000000e+01
1.388510000000000000e+05,4.000000000000000000e+01
1.388880000000000000e+05,3.700000000000000000e+01
1.389300000000000000e+05,4.200000000000000000e+01
1.389760000000000000e+05,4.600000000000000000e+01
1.390390000000000000e+05,6.300000000000000000e+01
1.390580000000000000e+05,1.900000000000000000e+01
1.390980000000000000e+05,4.000000000000000000e+01
1.391550000000000000e+05,5.700000000000000000e+01
1.392010000000000000e+05,4.600000000000000000e+01
1.392560000000000000e+05,5.500000000000000000e+01
1.392820000000000000e+05,2.600000000000000000e+01
1.393670000000000000e+05,8.500000000000000000e+01
1.394020000000000000e+05,3.500000000000000000e+01
1.394340000000000000e+05,3.200000000000000000e+01
1.394720000000000000e+05,3.800000000000000000e+01
1.395500000000000000e+05,7.800000000000000000e+01
1.396400000000000000e+05,9.000000000000000000e+01
1.396720000000000000e+05,3.200000000000000000e+01
1.397080000000000000e+05,3.600000000000000000e+01
1.397320000000000000e+05,2.400000000000000000e+01
1.397980000000000000e+05,6.600000000000000000e+01
1.398370000000000000e+05,3.900000000000000000e+01
1.398840000000000000e+05,4.700000000000000000e+01
1.399180000000000000e+05,3.400000000000000000e+01
1.399470000000000000e+05,2.900000000000000000e+01
1.399890000000000000e+05,4.200000000000000000e+01
1.400180000000000000e+05,2.900000000000000000e+01
1.400800000000000000e+05,6.200000000000000000e+01
1.401040000000000000e+05,2.400000000000000000e+01
1.401500000000000000e+05,4.600000000000000000e+01
1.402010000000000000e+05,5.100000000000000000e+01
1.402790000000000000e+05,7.800000000000000000e+01
1.403270000000000000e+05,4.800000000000000000e+01
1.403630000000000000e+05,3.600000000000000000e+01
1.403930000000000000e+05,3.000000000000000000e+01
1.404300000000000000e+05,3.700000000000000000e+01
1.404980000000000000e+05,6.800000000000000000e+01
1.405400000000000000e+05,4.200000000000000000e+01
1.405800000000000000e+05,4.000000000000000000e+01
1.406260000000000000e+05,4.600000000000000000e+01
1.406630000000000000e+05,3.700000000000000000e+01
1.407480000000000000e+05,8.500000000000000000e+01
1.408050000000000000e+05,5.700000000000000000e+01
1.408700000000000000e+05,6.500000000000000000e+01
1.409280000000000000e+05,5.800000000000000000e+01
1.409720000000000000e+05,4.400000000000000000e+01
1.410120000000000000e+05,4.000000000000000000e+01
1.410580000000000000e+05,4.600000000000000000e+01
1.411450000000000000e+05,8.700000000000000000e+01
1.411810000000000000e+05,3.600000000000000000e+01
1.412250000000000000e+05,4.400000000000000000e+01
1.412590000000000000e+05,3.400000000000000000e+01
1.413090000000000000e+05,5.000000000000000000e+01
1.413740000000000000e+05,6.500000000000000000e+01
1.414340000000000000e+05,6.000000000000000000e+01
1.414710000000000000e+05,3.700000000000000000e+01
1.415150000000000000e+05,4.400000000000000000e+01
1.415550000000000000e+05,4.000000000000000000e+01
1.416090000000000000e+05,5.400000000000000000e+01
1.416360000000000000e+05,2.700000000000000000e+01
1.416780000000000000e+05,4.200000000000000000e+01
1.417030000000000000e+05,2.500000000000000000e+01
1.417280000000000000e+05,2.500000000000000000e+01
1.417590000000000000e+05,3.100000000000000000e+01
1.418180000000000000e+05,5.900000000000000000e+01
1.418610000000000000e+05,4.300000000000000000e+01
1.418960000000000000e+05,3.500000000000000000e+01
1.419420000000000000e+05,4.600000000000000000e+01
1.419730000000000000e+05,3.100000000000000000e+01
1.419960000000000000e+05,2.300000000000000000e+01
1.420380000000000000e+05,4.200000000000000000e+01
1.420980000000000000e+05,6.000000000000000000e+01
1.421460000000000000e+05,4.800000000000000000e+01
1.422160000000000000e+05,7.000000000000000000e+01
1.422790000000000000e+05,6.300000000000000000e+01
1.423190000000000000e+05,4.000000000000000000e+01
1.423430000000000000e+05,2.400000000000000000e+01
1.423640000000000000e+05,2.100000000000000000e+01
1.424130000000000000e+05,4.900000000000000000e+01
1.425030000000000000e+05,9.000000000000000000e+01
1.425450000000000000e+05,4.200000000000000000e+01
1.426150000000000000e+05,7.000000000000000000e+01
1.426570000000000000e+05,4.200000000000000000e+01
1.426940000000000000e+05,3.700000000000000000e+01
1.427440000000000000e+05,5.000000000000000000e+01
1.427900000000000000e+05,4.600000000000000000e+01
1.428400000000000000e+05,5.000000000000000000e+01
1.428880000000000000e+05,4.800000000000000000e+01
1.429310000000000000e+05,4.300000000000000000e+01
1.430030000000000000e+05,7.200000000000000000e+01
1.430480000000000000e+05,4.500000000000000000e+01
1.430940000000000000e+05,4.600000000000000000e+01
1.431150000000000000e+05,2.100000000000000000e+01
1.431410000000000000e+05,2.600000000000000000e+01
1.431900000000000000e+05,4.900000000000000000e+01
1.432290000000000000e+05,3.900000000000000000e+01
1.432760000000000000e+05,4.700000000000000000e+01
1.433390000000000000e+05,6.300000000000000000e+01
1.433890000000000000e+05,5.000000000000000000e+01
1.434670000000000000e+05,7.800000000000000000e+01
1.435080000000000000e+05,4.100000000000000000e+01
1.435490000000000000e+05,4.100000000000000000e+01
1.435900000000000000e+05,4.100000000000000000e+01
1.436280000000000000e+05,3.800000000000000000e+01
1.436670000000000000e+05,3.900000000000000000e+01
1.436890000000000000e+05,2.200000000000000000e+01
1.437440000000000000e+05,5.500000000000000000e+01
1.437790000000000000e+05,3.500000000000000000e+01
1.438070000000000000e+05,2.800000000000000000e+01
1.438340000000000000e+05,2.700000000000000000e+01
1.439030000000000000e+05,6.900000000000000000e+01
1.439570000000000000e+05,5.400000000000000000e+01
1.440060000000000000e+05,4.900000000000000000e+01
1.440760000000000000e+05,7.000000000000000000e+01
1.441040000000000000e+05,2.800000000000000000e+01
1.441660000000000000e+05,6.200000000000000000e+01
1.442290000000000000e+05,6.300000000000000000e+01
1.442590000000000000e+05,3.000000000000000000e+01
1.442980000000000000e+05,3.900000000000000000e+01
1.443330000000000000e+05,3.500000000000000000e+01
1.443450000000000000e+05,1.200000000000000000e+01
1.443990000000000000e+05,5.400000000000000000e+01
1.444490000000000000e+05,5.000000000000000000e+01
1.445110000000000000e+05,6.200000000000000000e+01
1.445560000000000000e+05,4.500000000000000000e+01
1.446090000000000000e+05,5.300000000000000000e+01
1.446730000000000000e+05,6.400000000000000000e+01
1.447030000000000000e+05,3.000000000000000000e+01
1.447310000000000000e+05,2.800000000000000000e+01
1.447710000000000000e+05,4.000000000000000000e+01
1.448090000000000000e+05,3.800000000000000000e+01
1.448600000000000000e+05,5.100000000000000000e+01
1.448950000000000000e+05,3.500000000000000000e+01
1.449500000000000000e+05,5.500000000000000000e+01
1.450020000000000000e+05,5.200000000000000000e+01
1.450590000000000000e+05,5.700000000000000000e+01
1.451470000000000000e+05,8.800000000000000000e+01
1.452010000000000000e+05,5.400000000000000000e+01
1.452250000000000000e+05,2.400000000000000000e+01
1.452740000000000000e+05,4.900000000000000000e+01
1.453150000000000000e+05,4.100000000000000000e+01
1.453760000000000000e+05,6.100000000000000000e+01
1.454350000000000000e+05,5.900000000000000000e+01
1.455120000000000000e+05,7.700000000000000000e+01
1.455360000000000000e+05,2.400000000000000000e+01
1.455920000000000000e+05,5.600000000000000000e+01
1.456430000000000000e+05,5.100000000000000000e+01
1.456900000000000000e+05,4.700000000000000000e+01
1.457260000000000000e+05,3.600000000000000000e+01
1.457510000000000000e+05,2.500000000000000000e+01
1.457940000000000000e+05,4.300000000000000000e+01
1.458270000000000000e+05,3.300000000000000000e+01
1.458840000000000000e+05,5.700000000000000000e+01
1.459080000000000000e+05,2.400000000000000000e+01
1.459460000000000000e+05,3.800000000000000000e+01
1.460150000000000000e+05,6.900000000000000000e+01
1.460870000000000000e+05,7.200000000000000000e+01
1.461300000000000000e+05,4.300000000000000000e+01
1.461760000000000000e+05,4.600000000000000000e+01
1.462120000000000000e+05,3.600000000000000000e+01
1.462880000000000000e+05,7.600000000000000000e+01
1.463190000000000000e+05,3.100000000000000000e+01
1.463650000000000000e+05,4.600000000000000000e+01
1.464050000000000000e+05,4.000000000000000000e+01
1.464510000000000000e+05,4.600000000000000000e+01
1.464950000000000000e+05,4.400000000000000000e+01
1.465880000000000000e+05,9.300000000000000000e+01
1.466320000000000000e+05,4.400000000000000000e+01
1.466720000000000000e+05,4.000000000000000000e+01
1.467580000000000000e+05,8.600000000000000000e+01
1.468080000000000000e+05,5.000000000000000000e+01
1.468370000000000000e+05,2.900000000000000000e+01
1.468780000000000000e+05,4.100000000000000000e+01
1.469430000000000000e+05,6.500000000000000000e+01
1.469750000000000000e+05,3.200000000000000000e+01
1.470210000000000000e+05,4.600000000000000000e+01
1.470620000000000000e+05,4.100000000000000000e+01
1.471040000000000000e+05,4.200000000000000000e+01
1.471630000000000000e+05,5.900000000000000000e+01
1.472100000000000000e+05,4.700000000000000000e+01
1.472620000000000000e+05,5.200000000000000000e+01
1.473240000000000000e+05,6.200000000000000000e+01
1.474080000000000000e+05,8.400000000000000000e+01
1.474210000000000000e+05,1.300000000000000000e+01
1.474710000000000000e+05,5.000000000000000000e+01
1.475250000000000000e+05,5.400000000000000000e+01
1.475770000000000000e+05,5.200000000000000000e+01
1.476280000000000000e+05,5.100000000000000000e+01
1.476810000000000000e+05,5.300000000000000000e+01
1.477360000000000000e+05,5.500000000000000000e+01
1.477750000000000000e+05,3.900000000000000000e+01
1.478220000000000000e+05,4.700000000000000000e+01
1.478580000000000000e+05,3.600000000000000000e+01
1.479210000000000000e+05,6.300000000000000000e+01
1.480040000000000000e+05,8.300000000000000000e+01
1.480850000000000000e+05,8.100000000000000000e+01
1.481590000000000000e+05,7.400000000000000000e+01
1.482000000000000000e+05,4.100000000000000000e+01
1.482320000000000000e+05,3.200000000000000000e+01
1.483310000000000000e+05,9.900000000000000000e+01
1.483670000000000000e+05,3.600000000000000000e+01
1.484070000000000000e+05,4.000000000000000000e+01
1.484780000000000000e+05,7.100000000000000000e+01
1.485280000000000000e+05,5.000000000000000000e+01
1.485600000000000000e+05,3.200000000000000000e+01
1.486110000000000000e+05,5.100000000000000000e+01
1.486890000000000000e+05,7.800000000000000000e+01
1.487450000000000000e+05,5.600000000000000000e+01
1.487810000000000000e+05,3.600000000000000000e+01
1.488380000000000000e+05,5.700000000000000000e+01
1.489000000000000000e+05,6.200000000000000000e+01
1.489400000000000000e+05,4.000000000000000000e+01
1.489760000000000000e+05,3.600000000000000000e+01
1.490280000000000000e+05,5.200000000000000000e+01
1.490690000000000000e+05,4.100000000000000000e+01
1.491030000000000000e+05,3.400000000000000000e+01
1.491270000000000000e+05,2.400000000000000000e+01
1.491720000000000000e+05,4.500000000000000000e+01
1.492230000000000000e+05,5.100000000000000000e+01
1.492790000000000000e+05,5.600000000000000000e+01
1.493030000000000000e+05,2.400000000000000000e+01
1.493330000000000000e+05,3.000000000000000000e+01
1.494070000000000000e+05,7.400000000000000000e+01
1.494690000000000000e+05,6.200000000000000000e+01
1.495330000000000000e+05,6.400000000000000000e+01
1.495610000000000000e+05,2.800000000000000000e+01
1.496010000000000000e+05,4.000000000000000000e+01
1.496480000000000000e+05,4.700000000000000000e+01
1.496940000000000000e+05,4.600000000000000000e+01
1.497480000000000000e+05,5.400000000000000000e+01
1.498060000000000000e+05,5.800000000000000000e+01
1.498640000000000000e+05,5.800000000000000000e+01
1.499270000000000000e+05,6.300000000000000000e+01
1.499850000000000000e+05,5.800000000000000000e+01
