timestep,reward
1.600000000000000000e+01,1.600000000000000000e+01
3.200000000000000000e+01,1.600000000000000000e+01
4.700000000000000000e+01,1.500000000000000000e+01
1.010000000000000000e+02,5.400000000000000000e+01
1.270000000000000000e+02,2.600000000000000000e+01
2.190000000000000000e+02,9.200000000000000000e+01
2.330000000000000000e+02,1.400000000000000000e+01
2.870000000000000000e+02,5.400000000000000000e+01
3.130000000000000000e+02,2.600000000000000000e+01
4.110000000000000000e+02,9.800000000000000000e+01
4.320000000000000000e+02,2.100000000000000000e+01
4.450000000000000000e+02,1.300000000000000000e+01
4.670000000000000000e+02,2.200000000000000000e+01
4.770000000000000000e+02,1.000000000000000000e+01
4.890000000000000000e+02,1.200000000000000000e+01
5.050000000000000000e+02,1.600000000000000000e+01
5.200000000000000000e+02,1.500000000000000000e+01
5.330000000000000000e+02,1.300000000000000000e+01
5.570000000000000000e+02,2.400000000000000000e+01
5.690000000000000000e+02,1.200000000000000000e+01
5.860000000000000000e+02,1.700000000000000000e+01
6.000000000000000000e+02,1.400000000000000000e+01
6.560000000000000000e+02,5.600000000000000000e+01
6.700000000000000000e+02,1.400000000000000000e+01
6.840000000000000000e+02,1.400000000000000000e+01
7.050000000000000000e+02,2.100000000000000000e+01
7.360000000000000000e+02,3.100000000000000000e+01
7.800000000000000000e+02,4.400000000000000000e+01
8.250000000000000000e+02,4.500000000000000000e+01
8.580000000000000000e+02,3.300000000000000000e+01
8.700000000000000000e+02,1.200000000000000000e+01
9.030000000000000000e+02,3.300000000000000000e+01
9.310000000000000000e+02,2.800000000000000000e+01
9.570000000000000000e+02,2.600000000000000000e+01
9.680000000000000000e+02,1.100000000000000000e+01
9.910000000000000000e+02,2.300000000000000000e+01
1.026000000000000000e+03,3.500000000000000000e+01
1.080000000000000000e+03,5.400000000000000000e+01
1.091000000000000000e+03,1.100000000000000000e+01
1.173000000000000000e+03,8.200000000000000000e+01
1.220000000000000000e+03,4.700000000000000000e+01
1.280000000000000000e+03,6.000000000000000000e+01
1.293000000000000000e+03,1.300000000000000000e+01
1.303000000000000000e+03,1.000000000000000000e+01
1.324000000000000000e+03,2.100000000000000000e+01
1.345000000000000000e+03,2.100000000000000000e+01
1.358000000000000000e+03,1.300000000000000000e+01
1.389000000000000000e+03,3.100000000000000000e+01
1.405000000000000000e+03,1.600000000000000000e+01
1.427000000000000000e+03,2.200000000000000000e+01
1.450000000000000000e+03,2.300000000000000000e+01
1.463000000000000000e+03,1.300000000000000000e+01
1.487000000000000000e+03,2.400000000000000000e+01
1.502000000000000000e+03,1.500000000000000000e+01
1.518000000000000000e+03,1.600000000000000000e+01
1.558000000000000000e+03,4.000000000000000000e+01
1.571000000000000000e+03,1.300000000000000000e+01
1.592000000000000000e+03,2.100000000000000000e+01
1.601000000000000000e+03,9.000000000000000000e+00
1.631000000000000000e+03,3.000000000000000000e+01
1.670000000000000000e+03,3.900000000000000000e+01
1.767000000000000000e+03,9.700000000000000000e+01
1.778000000000000000e+03,1.100000000000000000e+01
1.797000000000000000e+03,1.900000000000000000e+01
1.818000000000000000e+03,2.100000000000000000e+01
1.843000000000000000e+03,2.500000000000000000e+01
1.869000000000000000e+03,2.600000000000000000e+01
1.883000000000000000e+03,1.400000000000000000e+01
1.895000000000000000e+03,1.200000000000000000e+01
1.913000000000000000e+03,1.800000000000000000e+01
1.924000000000000000e+03,1.100000000000000000e+01
1.950000000000000000e+03,2.600000000000000000e+01
1.969000000000000000e+03,1.900000000000000000e+01
1.982000000000000000e+03,1.300000000000000000e+01
2.000000000000000000e+03,1.800000000000000000e+01
2.019000000000000000e+03,1.900000000000000000e+01
2.033000000000000000e+03,1.400000000000000000e+01
2.056000000000000000e+03,2.300000000000000000e+01
2.077000000000000000e+03,2.100000000000000000e+01
2.109000000000000000e+03,3.200000000000000000e+01
2.126000000000000000e+03,1.700000000000000000e+01
2.148000000000000000e+03,2.200000000000000000e+01
2.160000000000000000e+03,1.200000000000000000e+01
2.181000000000000000e+03,2.100000000000000000e+01
2.224000000000000000e+03,4.300000000000000000e+01
2.241000000000000000e+03,1.700000000000000000e+01
2.260000000000000000e+03,1.900000000000000000e+01
2.280000000000000000e+03,2.000000000000000000e+01
2.290000000000000000e+03,1.000000000000000000e+01
2.304000000000000000e+03,1.400000000000000000e+01
2.314000000000000000e+03,1.000000000000000000e+01
2.342000000000000000e+03,2.800000000000000000e+01
2.379000000000000000e+03,3.700000000000000000e+01
2.434000000000000000e+03,5.500000000000000000e+01
2.477000000000000000e+03,4.300000000000000000e+01
2.521000000000000000e+03,4.400000000000000000e+01
2.543000000000000000e+03,2.200000000000000000e+01
2.579000000000000000e+03,3.600000000000000000e+01
2.597000000000000000e+03,1.800000000000000000e+01
2.633000000000000000e+03,3.600000000000000000e+01
2.659000000000000000e+03,2.600000000000000000e+01
2.695000000000000000e+03,3.600000000000000000e+01
2.707000000000000000e+03,1.200000000000000000e+01
2.725000000000000000e+03,1.800000000000000000e+01
2.740000000000000000e+03,1.500000000000000000e+01
2.854000000000000000e+03,1.140000000000000000e+02
2.864000000000000000e+03,1.000000000000000000e+01
2.876000000000000000e+03,1.200000000000000000e+01
2.959000000000000000e+03,8.300000000000000000e+01
2.973000000000000000e+03,1.400000000000000000e+01
3.010000000000000000e+03,3.700000000000000000e+01
3.033000000000000000e+03,2.300000000000000000e+01
3.086000000000000000e+03,5.300000000000000000e+01
3.100000000000000000e+03,1.400000000000000000e+01
3.154000000000000000e+03,5.400000000000000000e+01
3.184000000000000000e+03,3.000000000000000000e+01
3.261000000000000000e+03,7.700000000000000000e+01
3.279000000000000000e+03,1.800000000000000000e+01
3.297000000000000000e+03,1.800000000000000000e+01
3.315000000000000000e+03,1.800000000000000000e+01
3.364000000000000000e+03,4.900000000000000000e+01
3.382000000000000000e+03,1.800000000000000000e+01
3.408000000000000000e+03,2.600000000000000000e+01
3.424000000000000000e+03,1.600000000000000000e+01
3.521000000000000000e+03,9.700000000000000000e+01
3.561000000000000000e+03,4.000000000000000000e+01
3.646000000000000000e+03,8.500000000000000000e+01
3.671000000000000000e+03,2.500000000000000000e+01
3.709000000000000000e+03,3.800000000000000000e+01
3.726000000000000000e+03,1.700000000000000000e+01
3.755000000000000000e+03,2.900000000000000000e+01
3.779000000000000000e+03,2.400000000000000000e+01
3.850000000000000000e+03,7.100000000000000000e+01
3.866000000000000000e+03,1.600000000000000000e+01
3.984000000000000000e+03,1.180000000000000000e+02
4.057000000000000000e+03,7.300000000000000000e+01
4.073000000000000000e+03,1.600000000000000000e+01
4.129000000000000000e+03,5.600000000000000000e+01
4.140000000000000000e+03,1.100000000000000000e+01
4.176000000000000000e+03,3.600000000000000000e+01
4.197000000000000000e+03,2.100000000000000000e+01
4.235000000000000000e+03,3.800000000000000000e+01
4.339000000000000000e+03,1.040000000000000000e+02
4.359000000000000000e+03,2.000000000000000000e+01
4.389000000000000000e+03,3.000000000000000000e+01
4.446000000000000000e+03,5.700000000000000000e+01
4.479000000000000000e+03,3.300000000000000000e+01
4.492000000000000000e+03,1.300000000000000000e+01
4.534000000000000000e+03,4.200000000000000000e+01
4.549000000000000000e+03,1.500000000000000000e+01
4.600000000000000000e+03,5.100000000000000000e+01
4.630000000000000000e+03,3.000000000000000000e+01
4.672000000000000000e+03,4.200000000000000000e+01
4.686000000000000000e+03,1.400000000000000000e+01
4.714000000000000000e+03,2.800000000000000000e+01
4.772000000000000000e+03,5.800000000000000000e+01
4.789000000000000000e+03,1.700000000000000000e+01
4.816000000000000000e+03,2.700000000000000000e+01
4.874000000000000000e+03,5.800000000000000000e+01
4.933000000000000000e+03,5.900000000000000000e+01
4.995000000000000000e+03,6.200000000000000000e+01
5.006000000000000000e+03,1.100000000000000000e+01
5.031000000000000000e+03,2.500000000000000000e+01
5.044000000000000000e+03,1.300000000000000000e+01
5.064000000000000000e+03,2.000000000000000000e+01
5.103000000000000000e+03,3.900000000000000000e+01
5.135000000000000000e+03,3.200000000000000000e+01
5.180000000000000000e+03,4.500000000000000000e+01
5.216000000000000000e+03,3.600000000000000000e+01
5.258000000000000000e+03,4.200000000000000000e+01
5.270000000000000000e+03,1.200000000000000000e+01
5.327000000000000000e+03,5.700000000000000000e+01
5.339000000000000000e+03,1.200000000000000000e+01
5.388000000000000000e+03,4.900000000000000000e+01
5.433000000000000000e+03,4.500000000000000000e+01
5.463000000000000000e+03,3.000000000000000000e+01
5.547000000000000000e+03,8.400000000000000000e+01
5.606000000000000000e+03,5.900000000000000000e+01
5.624000000000000000e+03,1.800000000000000000e+01
5.655000000000000000e+03,3.100000000000000000e+01
5.697000000000000000e+03,4.200000000000000000e+01
5.742000000000000000e+03,4.500000000000000000e+01
5.798000000000000000e+03,5.600000000000000000e+01
5.896000000000000000e+03,9.800000000000000000e+01
5.913000000000000000e+03,1.700000000000000000e+01
5.990000000000000000e+03,7.700000000000000000e+01
6.057000000000000000e+03,6.700000000000000000e+01
6.086000000000000000e+03,2.900000000000000000e+01
6.102000000000000000e+03,1.600000000000000000e+01
6.146000000000000000e+03,4.400000000000000000e+01
6.206000000000000000e+03,6.000000000000000000e+01
6.239000000000000000e+03,3.300000000000000000e+01
6.337000000000000000e+03,9.800000000000000000e+01
6.374000000000000000e+03,3.700000000000000000e+01
6.414000000000000000e+03,4.000000000000000000e+01
6.429000000000000000e+03,1.500000000000000000e+01
6.487000000000000000e+03,5.800000000000000000e+01
6.577000000000000000e+03,9.000000000000000000e+01
6.669000000000000000e+03,9.200000000000000000e+01
6.735000000000000000e+03,6.600000000000000000e+01
6.764000000000000000e+03,2.900000000000000000e+01
6.791000000000000000e+03,2.700000000000000000e+01
6.866000000000000000e+03,7.500000000000000000e+01
6.945000000000000000e+03,7.900000000000000000e+01
6.982000000000000000e+03,3.700000000000000000e+01
6.992000000000000000e+03,1.000000000000000000e+01
7.069000000000000000e+03,7.700000000000000000e+01
7.124000000000000000e+03,5.500000000000000000e+01
7.166000000000000000e+03,4.200000000000000000e+01
7.185000000000000000e+03,1.900000000000000000e+01
7.226000000000000000e+03,4.100000000000000000e+01
7.256000000000000000e+03,3.000000000000000000e+01
7.267000000000000000e+03,1.100000000000000000e+01
7.312000000000000000e+03,4.500000000000000000e+01
7.336000000000000000e+03,2.400000000000000000e+01
7.397000000000000000e+03,6.100000000000000000e+01
7.488000000000000000e+03,9.100000000000000000e+01
7.568000000000000000e+03,8.000000000000000000e+01
7.596000000000000000e+03,2.800000000000000000e+01
7.636000000000000000e+03,4.000000000000000000e+01
7.716000000000000000e+03,8.000000000000000000e+01
7.834000000000000000e+03,1.180000000000000000e+02
7.862000000000000000e+03,2.800000000000000000e+01
7.939000000000000000e+03,7.700000000000000000e+01
7.953000000000000000e+03,1.400000000000000000e+01
8.036000000000000000e+03,8.300000000000000000e+01
8.080000000000000000e+03,4.400000000000000000e+01
8.124000000000000000e+03,4.400000000000000000e+01
8.197000000000000000e+03,7.300000000000000000e+01
8.229000000000000000e+03,3.200000000000000000e+01
8.285000000000000000e+03,5.600000000000000000e+01
8.313000000000000000e+03,2.800000000000000000e+01
8.345000000000000000e+03,3.200000000000000000e+01
8.432000000000000000e+03,8.700000000000000000e+01
8.499000000000000000e+03,6.700000000000000000e+01
8.567000000000000000e+03,6.800000000000000000e+01
8.591000000000000000e+03,2.400000000000000000e+01
8.612000000000000000e+03,2.100000000000000000e+01
8.679000000000000000e+03,6.700000000000000000e+01
8.694000000000000000e+03,1.500000000000000000e+01
8.744000000000000000e+03,5.000000000000000000e+01
8.831000000000000000e+03,8.700000000000000000e+01
8.851000000000000000e+03,2.000000000000000000e+01
8.869000000000000000e+03,1.800000000000000000e+01
8.897000000000000000e+03,2.800000000000000000e+01
8.910000000000000000e+03,1.300000000000000000e+01
8.924000000000000000e+03,1.400000000000000000e+01
8.940000000000000000e+03,1.600000000000000000e+01
9.010000000000000000e+03,7.000000000000000000e+01
9.079000000000000000e+03,6.900000000000000000e+01
9.114000000000000000e+03,3.500000000000000000e+01
9.133000000000000000e+03,1.900000000000000000e+01
9.172000000000000000e+03,3.900000000000000000e+01
9.205000000000000000e+03,3.300000000000000000e+01
9.291000000000000000e+03,8.600000000000000000e+01
9.392000000000000000e+03,1.010000000000000000e+02
9.469000000000000000e+03,7.700000000000000000e+01
9.589000000000000000e+03,1.200000000000000000e+02
9.643000000000000000e+03,5.400000000000000000e+01
9.671000000000000000e+03,2.800000000000000000e+01
9.728000000000000000e+03,5.700000000000000000e+01
9.798000000000000000e+03,7.000000000000000000e+01
9.920000000000000000e+03,1.220000000000000000e+02
9.960000000000000000e+03,4.000000000000000000e+01
1.002700000000000000e+04,6.700000000000000000e+01
1.009800000000000000e+04,7.100000000000000000e+01
1.012700000000000000e+04,2.900000000000000000e+01
1.014900000000000000e+04,2.200000000000000000e+01
1.018700000000000000e+04,3.800000000000000000e+01
1.024200000000000000e+04,5.500000000000000000e+01
1.027400000000000000e+04,3.200000000000000000e+01
1.028600000000000000e+04,1.200000000000000000e+01
1.032100000000000000e+04,3.500000000000000000e+01
1.036400000000000000e+04,4.300000000000000000e+01
1.037900000000000000e+04,1.500000000000000000e+01
1.042500000000000000e+04,4.600000000000000000e+01
1.047900000000000000e+04,5.400000000000000000e+01
1.050000000000000000e+04,2.100000000000000000e+01
1.056700000000000000e+04,6.700000000000000000e+01
1.060300000000000000e+04,3.600000000000000000e+01
1.072100000000000000e+04,1.180000000000000000e+02
1.081800000000000000e+04,9.700000000000000000e+01
1.091300000000000000e+04,9.500000000000000000e+01
1.094400000000000000e+04,3.100000000000000000e+01
1.102000000000000000e+04,7.600000000000000000e+01
1.109100000000000000e+04,7.100000000000000000e+01
1.117600000000000000e+04,8.500000000000000000e+01
1.122900000000000000e+04,5.300000000000000000e+01
1.128600000000000000e+04,5.700000000000000000e+01
1.132600000000000000e+04,4.000000000000000000e+01
1.138100000000000000e+04,5.500000000000000000e+01
1.144500000000000000e+04,6.400000000000000000e+01
1.149400000000000000e+04,4.900000000000000000e+01
1.153200000000000000e+04,3.800000000000000000e+01
1.158800000000000000e+04,5.600000000000000000e+01
1.165200000000000000e+04,6.400000000000000000e+01
1.167200000000000000e+04,2.000000000000000000e+01
1.169500000000000000e+04,2.300000000000000000e+01
1.182600000000000000e+04,1.310000000000000000e+02
1.187800000000000000e+04,5.200000000000000000e+01
1.191000000000000000e+04,3.200000000000000000e+01
1.198100000000000000e+04,7.100000000000000000e+01
1.201000000000000000e+04,2.900000000000000000e+01
1.204400000000000000e+04,3.400000000000000000e+01
1.206700000000000000e+04,2.300000000000000000e+01
1.213100000000000000e+04,6.400000000000000000e+01
1.219800000000000000e+04,6.700000000000000000e+01
1.224600000000000000e+04,4.800000000000000000e+01
1.228500000000000000e+04,3.900000000000000000e+01
1.232100000000000000e+04,3.600000000000000000e+01
1.237400000000000000e+04,5.300000000000000000e+01
1.241500000000000000e+04,4.100000000000000000e+01
1.246200000000000000e+04,4.700000000000000000e+01
1.247200000000000000e+04,1.000000000000000000e+01
1.253700000000000000e+04,6.500000000000000000e+01
1.257300000000000000e+04,3.600000000000000000e+01
1.264500000000000000e+04,7.200000000000000000e+01
1.271800000000000000e+04,7.300000000000000000e+01
1.274500000000000000e+04,2.700000000000000000e+01
1.278400000000000000e+04,3.900000000000000000e+01
1.284800000000000000e+04,6.400000000000000000e+01
1.286900000000000000e+04,2.100000000000000000e+01
1.298200000000000000e+04,1.130000000000000000e+02
1.300900000000000000e+04,2.700000000000000000e+01
1.303600000000000000e+04,2.700000000000000000e+01
1.306600000000000000e+04,3.000000000000000000e+01
1.311000000000000000e+04,4.400000000000000000e+01
1.314500000000000000e+04,3.500000000000000000e+01
1.316700000000000000e+04,2.200000000000000000e+01
1.319700000000000000e+04,3.000000000000000000e+01
1.321600000000000000e+04,1.900000000000000000e+01
1.326100000000000000e+04,4.500000000000000000e+01
1.331300000000000000e+04,5.200000000000000000e+01
1.335300000000000000e+04,4.000000000000000000e+01
1.341000000000000000e+04,5.700000000000000000e+01
1.347700000000000000e+04,6.700000000000000000e+01
1.351900000000000000e+04,4.200000000000000000e+01
1.357900000000000000e+04,6.000000000000000000e+01
1.363100000000000000e+04,5.200000000000000000e+01
1.367300000000000000e+04,4.200000000000000000e+01
1.369400000000000000e+04,2.100000000000000000e+01
1.370800000000000000e+04,1.400000000000000000e+01
1.374000000000000000e+04,3.200000000000000000e+01
1.377800000000000000e+04,3.800000000000000000e+01
1.381600000000000000e+04,3.800000000000000000e+01
1.382800000000000000e+04,1.200000000000000000e+01
1.385800000000000000e+04,3.000000000000000000e+01
1.391400000000000000e+04,5.600000000000000000e+01
1.403700000000000000e+04,1.230000000000000000e+02
1.409600000000000000e+04,5.900000000000000000e+01
1.416400000000000000e+04,6.800000000000000000e+01
1.420400000000000000e+04,4.000000000000000000e+01
1.429600000000000000e+04,9.200000000000000000e+01
1.435300000000000000e+04,5.700000000000000000e+01
1.444900000000000000e+04,9.600000000000000000e+01
1.448900000000000000e+04,4.000000000000000000e+01
1.453300000000000000e+04,4.400000000000000000e+01
1.463000000000000000e+04,9.700000000000000000e+01
1.470500000000000000e+04,7.500000000000000000e+01
1.476500000000000000e+04,6.000000000000000000e+01
1.480600000000000000e+04,4.100000000000000000e+01
1.483500000000000000e+04,2.900000000000000000e+01
1.489100000000000000e+04,5.600000000000000000e+01
1.492100000000000000e+04,3.000000000000000000e+01
1.495800000000000000e+04,3.700000000000000000e+01
1.497300000000000000e+04,1.500000000000000000e+01
1.500700000000000000e+04,3.400000000000000000e+01
1.503700000000000000e+04,3.000000000000000000e+01
1.509000000000000000e+04,5.300000000000000000e+01
1.513200000000000000e+04,4.200000000000000000e+01
1.517700000000000000e+04,4.500000000000000000e+01
1.522000000000000000e+04,4.300000000000000000e+01
1.523400000000000000e+04,1.400000000000000000e+01
1.528300000000000000e+04,4.900000000000000000e+01
1.536800000000000000e+04,8.500000000000000000e+01
1.540400000000000000e+04,3.600000000000000000e+01
1.543500000000000000e+04,3.100000000000000000e+01
1.554700000000000000e+04,1.120000000000000000e+02
1.564000000000000000e+04,9.300000000000000000e+01
1.571100000000000000e+04,7.100000000000000000e+01
1.577500000000000000e+04,6.400000000000000000e+01
1.582600000000000000e+04,5.100000000000000000e+01
1.589900000000000000e+04,7.300000000000000000e+01
1.599600000000000000e+04,9.700000000000000000e+01
1.604000000000000000e+04,4.400000000000000000e+01
1.606900000000000000e+04,2.900000000000000000e+01
1.610900000000000000e+04,4.000000000000000000e+01
1.613700000000000000e+04,2.800000000000000000e+01
1.618600000000000000e+04,4.900000000000000000e+01
1.621100000000000000e+04,2.500000000000000000e+01
1.628700000000000000e+04,7.600000000000000000e+01
1.630100000000000000e+04,1.400000000000000000e+01
1.634000000000000000e+04,3.900000000000000000e+01
1.637500000000000000e+04,3.500000000000000000e+01
1.643900000000000000e+04,6.400000000000000000e+01
1.649600000000000000e+04,5.700000000000000000e+01
1.654000000000000000e+04,4.400000000000000000e+01
1.660100000000000000e+04,6.100000000000000000e+01
1.664400000000000000e+04,4.300000000000000000e+01
1.669100000000000000e+04,4.700000000000000000e+01
1.673900000000000000e+04,4.800000000000000000e+01
1.675500000000000000e+04,1.600000000000000000e+01
1.684000000000000000e+04,8.500000000000000000e+01
1.689600000000000000e+04,5.600000000000000000e+01
1.696000000000000000e+04,6.400000000000000000e+01
1.698900000000000000e+04,2.900000000000000000e+01
1.704200000000000000e+04,5.300000000000000000e+01
1.712900000000000000e+04,8.700000000000000000e+01
1.717000000000000000e+04,4.100000000000000000e+01
1.722200000000000000e+04,5.200000000000000000e+01
1.724800000000000000e+04,2.600000000000000000e+01
1.730700000000000000e+04,5.900000000000000000e+01
1.737100000000000000e+04,6.400000000000000000e+01
1.739900000000000000e+04,2.800000000000000000e+01
1.746200000000000000e+04,6.300000000000000000e+01
1.748500000000000000e+04,2.300000000000000000e+01
1.751800000000000000e+04,3.300000000000000000e+01
1.756200000000000000e+04,4.400000000000000000e+01
1.766900000000000000e+04,1.070000000000000000e+02
1.774900000000000000e+04,8.000000000000000000e+01
1.777100000000000000e+04,2.200000000000000000e+01
1.779800000000000000e+04,2.700000000000000000e+01
1.786900000000000000e+04,7.100000000000000000e+01
1.797300000000000000e+04,1.040000000000000000e+02
1.801300000000000000e+04,4.000000000000000000e+01
1.803900000000000000e+04,2.600000000000000000e+01
1.809000000000000000e+04,5.100000000000000000e+01
1.816800000000000000e+04,7.800000000000000000e+01
1.818700000000000000e+04,1.900000000000000000e+01
1.825300000000000000e+04,6.600000000000000000e+01
1.829100000000000000e+04,3.800000000000000000e+01
1.833600000000000000e+04,4.500000000000000000e+01
1.841000000000000000e+04,7.400000000000000000e+01
1.842100000000000000e+04,1.100000000000000000e+01
1.847700000000000000e+04,5.600000000000000000e+01
1.849900000000000000e+04,2.200000000000000000e+01
1.854200000000000000e+04,4.300000000000000000e+01
1.857300000000000000e+04,3.100000000000000000e+01
1.861500000000000000e+04,4.200000000000000000e+01
1.864000000000000000e+04,2.500000000000000000e+01
1.866000000000000000e+04,2.000000000000000000e+01
1.875200000000000000e+04,9.200000000000000000e+01
1.876400000000000000e+04,1.200000000000000000e+01
1.881700000000000000e+04,5.300000000000000000e+01
1.883800000000000000e+04,2.100000000000000000e+01
1.889600000000000000e+04,5.800000000000000000e+01
1.895000000000000000e+04,5.400000000000000000e+01
1.899500000000000000e+04,4.500000000000000000e+01
1.904000000000000000e+04,4.500000000000000000e+01
1.911400000000000000e+04,7.400000000000000000e+01
1.916400000000000000e+04,5.000000000000000000e+01
1.920500000000000000e+04,4.100000000000000000e+01
1.924600000000000000e+04,4.100000000000000000e+01
1.929000000000000000e+04,4.400000000000000000e+01
1.936700000000000000e+04,7.700000000000000000e+01
1.941200000000000000e+04,4.500000000000000000e+01
1.947300000000000000e+04,6.100000000000000000e+01
1.950900000000000000e+04,3.600000000000000000e+01
1.957400000000000000e+04,6.500000000000000000e+01
1.962000000000000000e+04,4.600000000000000000e+01
1.966900000000000000e+04,4.900000000000000000e+01
1.971400000000000000e+04,4.500000000000000000e+01
1.974100000000000000e+04,2.700000000000000000e+01
1.978900000000000000e+04,4.800000000000000000e+01
1.987000000000000000e+04,8.100000000000000000e+01
1.990400000000000000e+04,3.400000000000000000e+01
1.995000000000000000e+04,4.600000000000000000e+01
2.000300000000000000e+04,5.300000000000000000e+01
2.006500000000000000e+04,6.200000000000000000e+01
2.009500000000000000e+04,3.000000000000000000e+01
2.013100000000000000e+04,3.600000000000000000e+01
2.017100000000000000e+04,4.000000000000000000e+01
2.023500000000000000e+04,6.400000000000000000e+01
2.025200000000000000e+04,1.700000000000000000e+01
2.031200000000000000e+04,6.000000000000000000e+01
2.036400000000000000e+04,5.200000000000000000e+01
2.041300000000000000e+04,4.900000000000000000e+01
2.046700000000000000e+04,5.400000000000000000e+01
2.050100000000000000e+04,3.400000000000000000e+01
2.053200000000000000e+04,3.100000000000000000e+01
2.056100000000000000e+04,2.900000000000000000e+01
2.059600000000000000e+04,3.500000000000000000e+01
2.062600000000000000e+04,3.000000000000000000e+01
2.068600000000000000e+04,6.000000000000000000e+01
2.071700000000000000e+04,3.100000000000000000e+01
2.075200000000000000e+04,3.500000000000000000e+01
2.079900000000000000e+04,4.700000000000000000e+01
2.084200000000000000e+04,4.300000000000000000e+01
2.099000000000000000e+04,1.480000000000000000e+02
2.107800000000000000e+04,8.800000000000000000e+01
2.111300000000000000e+04,3.500000000000000000e+01
2.114900000000000000e+04,3.600000000000000000e+01
2.117400000000000000e+04,2.500000000000000000e+01
2.126600000000000000e+04,9.200000000000000000e+01
2.129100000000000000e+04,2.500000000000000000e+01
2.134000000000000000e+04,4.900000000000000000e+01
2.139900000000000000e+04,5.900000000000000000e+01
2.144200000000000000e+04,4.300000000000000000e+01
2.148700000000000000e+04,4.500000000000000000e+01
2.152700000000000000e+04,4.000000000000000000e+01
2.157400000000000000e+04,4.700000000000000000e+01
2.165300000000000000e+04,7.900000000000000000e+01
2.167800000000000000e+04,2.500000000000000000e+01
2.176200000000000000e+04,8.400000000000000000e+01
2.181300000000000000e+04,5.100000000000000000e+01
2.184600000000000000e+04,3.300000000000000000e+01
2.192200000000000000e+04,7.600000000000000000e+01
2.198900000000000000e+04,6.700000000000000000e+01
2.203500000000000000e+04,4.600000000000000000e+01
2.208500000000000000e+04,5.000000000000000000e+01
2.213900000000000000e+04,5.400000000000000000e+01
2.217800000000000000e+04,3.900000000000000000e+01
2.224800000000000000e+04,7.000000000000000000e+01
2.233300000000000000e+04,8.500000000000000000e+01
2.238500000000000000e+04,5.200000000000000000e+01
2.245000000000000000e+04,6.500000000000000000e+01
2.248500000000000000e+04,3.500000000000000000e+01
2.251400000000000000e+04,2.900000000000000000e+01
2.254700000000000000e+04,3.300000000000000000e+01
2.257900000000000000e+04,3.200000000000000000e+01
2.260400000000000000e+04,2.500000000000000000e+01
2.263200000000000000e+04,2.800000000000000000e+01
2.268500000000000000e+04,5.300000000000000000e+01
2.275500000000000000e+04,7.000000000000000000e+01
2.278900000000000000e+04,3.400000000000000000e+01
2.282400000000000000e+04,3.500000000000000000e+01
2.284000000000000000e+04,1.600000000000000000e+01
2.286300000000000000e+04,2.300000000000000000e+01
2.293200000000000000e+04,6.900000000000000000e+01
2.296100000000000000e+04,2.900000000000000000e+01
2.299800000000000000e+04,3.700000000000000000e+01
2.302800000000000000e+04,3.000000000000000000e+01
2.305500000000000000e+04,2.700000000000000000e+01
2.311900000000000000e+04,6.400000000000000000e+01
2.316400000000000000e+04,4.500000000000000000e+01
2.323100000000000000e+04,6.700000000000000000e+01
2.324400000000000000e+04,1.300000000000000000e+01
2.328700000000000000e+04,4.300000000000000000e+01
2.329800000000000000e+04,1.100000000000000000e+01
2.338900000000000000e+04,9.100000000000000000e+01
2.344900000000000000e+04,6.000000000000000000e+01
2.350900000000000000e+04,6.000000000000000000e+01
2.353700000000000000e+04,2.800000000000000000e+01
2.358500000000000000e+04,4.800000000000000000e+01
2.363000000000000000e+04,4.500000000000000000e+01
2.369000000000000000e+04,6.000000000000000000e+01
2.374000000000000000e+04,5.000000000000000000e+01
2.377000000000000000e+04,3.000000000000000000e+01
2.380000000000000000e+04,3.000000000000000000e+01
2.384900000000000000e+04,4.900000000000000000e+01
2.387800000000000000e+04,2.900000000000000000e+01
2.398900000000000000e+04,1.110000000000000000e+02
2.404900000000000000e+04,6.000000000000000000e+01
2.416300000000000000e+04,1.140000000000000000e+02
2.419900000000000000e+04,3.600000000000000000e+01
2.423800000000000000e+04,3.900000000000000000e+01
2.428200000000000000e+04,4.400000000000000000e+01
2.431200000000000000e+04,3.000000000000000000e+01
2.440600000000000000e+04,9.400000000000000000e+01
2.442700000000000000e+04,2.100000000000000000e+01
2.445400000000000000e+04,2.700000000000000000e+01
2.447500000000000000e+04,2.100000000000000000e+01
2.455400000000000000e+04,7.900000000000000000e+01
2.458100000000000000e+04,2.700000000000000000e+01
2.470900000000000000e+04,1.280000000000000000e+02
2.478000000000000000e+04,7.100000000000000000e+01
2.479100000000000000e+04,1.100000000000000000e+01
2.483500000000000000e+04,4.400000000000000000e+01
2.486300000000000000e+04,2.800000000000000000e+01
2.489000000000000000e+04,2.700000000000000000e+01
2.498300000000000000e+04,9.300000000000000000e+01
2.501600000000000000e+04,3.300000000000000000e+01
2.503500000000000000e+04,1.900000000000000000e+01
2.505700000000000000e+04,2.200000000000000000e+01
2.512600000000000000e+04,6.900000000000000000e+01
2.521800000000000000e+04,9.200000000000000000e+01
2.526200000000000000e+04,4.400000000000000000e+01
2.529200000000000000e+04,3.000000000000000000e+01
2.531700000000000000e+04,2.500000000000000000e+01
2.544100000000000000e+04,1.240000000000000000e+02
2.548600000000000000e+04,4.500000000000000000e+01
2.550400000000000000e+04,1.800000000000000000e+01
2.551600000000000000e+04,1.200000000000000000e+01
2.555500000000000000e+04,3.900000000000000000e+01
2.559000000000000000e+04,3.500000000000000000e+01
2.562800000000000000e+04,3.800000000000000000e+01
2.566700000000000000e+04,3.900000000000000000e+01
2.569800000000000000e+04,3.100000000000000000e+01
2.574900000000000000e+04,5.100000000000000000e+01
2.582000000000000000e+04,7.100000000000000000e+01
2.584700000000000000e+04,2.700000000000000000e+01
2.588800000000000000e+04,4.100000000000000000e+01
2.593700000000000000e+04,4.900000000000000000e+01
2.596400000000000000e+04,2.700000000000000000e+01
2.602200000000000000e+04,5.800000000000000000e+01
2.606100000000000000e+04,3.900000000000000000e+01
2.611900000000000000e+04,5.800000000000000000e+01
2.614700000000000000e+04,2.800000000000000000e+01
2.619500000000000000e+04,4.800000000000000000e+01
2.627100000000000000e+04,7.600000000000000000e+01
2.640500000000000000e+04,1.340000000000000000e+02
2.645000000000000000e+04,4.500000000000000000e+01
2.648700000000000000e+04,3.700000000000000000e+01
2.658800000000000000e+04,1.010000000000000000e+02
2.664900000000000000e+04,6.100000000000000000e+01
2.667900000000000000e+04,3.000000000000000000e+01
2.670900000000000000e+04,3.000000000000000000e+01
2.673900000000000000e+04,3.000000000000000000e+01
2.683600000000000000e+04,9.700000000000000000e+01
2.685900000000000000e+04,2.300000000000000000e+01
2.687200000000000000e+04,1.300000000000000000e+01
2.692400000000000000e+04,5.200000000000000000e+01
2.700700000000000000e+04,8.300000000000000000e+01
2.704400000000000000e+04,3.700000000000000000e+01
2.707300000000000000e+04,2.900000000000000000e+01
2.709500000000000000e+04,2.200000000000000000e+01
2.712600000000000000e+04,3.100000000000000000e+01
2.723600000000000000e+04,1.100000000000000000e+02
2.729200000000000000e+04,5.600000000000000000e+01
2.738700000000000000e+04,9.500000000000000000e+01
2.750800000000000000e+04,1.210000000000000000e+02
2.756200000000000000e+04,5.400000000000000000e+01
2.761100000000000000e+04,4.900000000000000000e+01
2.768500000000000000e+04,7.400000000000000000e+01
2.774400000000000000e+04,5.900000000000000000e+01
2.778100000000000000e+04,3.700000000000000000e+01
2.782400000000000000e+04,4.300000000000000000e+01
2.786900000000000000e+04,4.500000000000000000e+01
2.792300000000000000e+04,5.400000000000000000e+01
2.794400000000000000e+04,2.100000000000000000e+01
2.797600000000000000e+04,3.200000000000000000e+01
2.802300000000000000e+04,4.700000000000000000e+01
2.808200000000000000e+04,5.900000000000000000e+01
2.813600000000000000e+04,5.400000000000000000e+01
2.818200000000000000e+04,4.600000000000000000e+01
2.821900000000000000e+04,3.700000000000000000e+01
2.823900000000000000e+04,2.000000000000000000e+01
2.833500000000000000e+04,9.600000000000000000e+01
2.838500000000000000e+04,5.000000000000000000e+01
2.840900000000000000e+04,2.400000000000000000e+01
2.845000000000000000e+04,4.100000000000000000e+01
2.847900000000000000e+04,2.900000000000000000e+01
2.851500000000000000e+04,3.600000000000000000e+01
2.854700000000000000e+04,3.200000000000000000e+01
2.857300000000000000e+04,2.600000000000000000e+01
2.860800000000000000e+04,3.500000000000000000e+01
2.863200000000000000e+04,2.400000000000000000e+01
2.866600000000000000e+04,3.400000000000000000e+01
2.872300000000000000e+04,5.700000000000000000e+01
2.878500000000000000e+04,6.200000000000000000e+01
2.883200000000000000e+04,4.700000000000000000e+01
2.887400000000000000e+04,4.200000000000000000e+01
2.892100000000000000e+04,4.700000000000000000e+01
2.894800000000000000e+04,2.700000000000000000e+01
2.896100000000000000e+04,1.300000000000000000e+01
2.899400000000000000e+04,3.300000000000000000e+01
2.902800000000000000e+04,3.400000000000000000e+01
2.905900000000000000e+04,3.100000000000000000e+01
2.911600000000000000e+04,5.700000000000000000e+01
2.917200000000000000e+04,5.600000000000000000e+01
2.923100000000000000e+04,5.900000000000000000e+01
2.926000000000000000e+04,2.900000000000000000e+01
2.931000000000000000e+04,5.000000000000000000e+01
2.934900000000000000e+04,3.900000000000000000e+01
2.939400000000000000e+04,4.500000000000000000e+01
2.944900000000000000e+04,5.500000000000000000e+01
2.949000000000000000e+04,4.100000000000000000e+01
2.957400000000000000e+04,8.400000000000000000e+01
2.958500000000000000e+04,1.100000000000000000e+01
2.963000000000000000e+04,4.500000000000000000e+01
2.968800000000000000e+04,5.800000000000000000e+01
2.970200000000000000e+04,1.400000000000000000e+01
2.973100000000000000e+04,2.900000000000000000e+01
2.979600000000000000e+04,6.500000000000000000e+01
2.984400000000000000e+04,4.800000000000000000e+01
2.992000000000000000e+04,7.600000000000000000e+01
2.996700000000000000e+04,4.700000000000000000e+01
3.000500000000000000e+04,3.800000000000000000e+01
3.008800000000000000e+04,8.300000000000000000e+01
3.011700000000000000e+04,2.900000000000000000e+01
3.016400000000000000e+04,4.700000000000000000e+01
3.026100000000000000e+04,9.700000000000000000e+01
3.027400000000000000e+04,1.300000000000000000e+01
3.029900000000000000e+04,2.500000000000000000e+01
3.040200000000000000e+04,1.030000000000000000e+02
3.042900000000000000e+04,2.700000000000000000e+01
3.044200000000000000e+04,1.300000000000000000e+01
3.049300000000000000e+04,5.100000000000000000e+01
3.051700000000000000e+04,2.400000000000000000e+01
3.053100000000000000e+04,1.400000000000000000e+01
3.054700000000000000e+04,1.600000000000000000e+01
3.059800000000000000e+04,5.100000000000000000e+01
3.063500000000000000e+04,3.700000000000000000e+01
3.066600000000000000e+04,3.100000000000000000e+01
3.074200000000000000e+04,7.600000000000000000e+01
3.076500000000000000e+04,2.300000000000000000e+01
3.080400000000000000e+04,3.900000000000000000e+01
3.084200000000000000e+04,3.800000000000000000e+01
3.088400000000000000e+04,4.200000000000000000e+01
3.094100000000000000e+04,5.700000000000000000e+01
3.096400000000000000e+04,2.300000000000000000e+01
3.107400000000000000e+04,1.100000000000000000e+02
3.110500000000000000e+04,3.100000000000000000e+01
3.116900000000000000e+04,6.400000000000000000e+01
3.120700000000000000e+04,3.800000000000000000e+01
3.125800000000000000e+04,5.100000000000000000e+01
3.133700000000000000e+04,7.900000000000000000e+01
3.138400000000000000e+04,4.700000000000000000e+01
3.142900000000000000e+04,4.500000000000000000e+01
3.145200000000000000e+04,2.300000000000000000e+01
3.146400000000000000e+04,1.200000000000000000e+01
3.150900000000000000e+04,4.500000000000000000e+01
3.158000000000000000e+04,7.100000000000000000e+01
3.160400000000000000e+04,2.400000000000000000e+01
3.163500000000000000e+04,3.100000000000000000e+01
3.167200000000000000e+04,3.700000000000000000e+01
3.176700000000000000e+04,9.500000000000000000e+01
3.182000000000000000e+04,5.300000000000000000e+01
3.194300000000000000e+04,1.230000000000000000e+02
3.200500000000000000e+04,6.200000000000000000e+01
3.204400000000000000e+04,3.900000000000000000e+01
3.206900000000000000e+04,2.500000000000000000e+01
3.210300000000000000e+04,3.400000000000000000e+01
3.213100000000000000e+04,2.800000000000000000e+01
3.216600000000000000e+04,3.500000000000000000e+01
3.224500000000000000e+04,7.900000000000000000e+01
3.235400000000000000e+04,1.090000000000000000e+02
3.240600000000000000e+04,5.200000000000000000e+01
3.244000000000000000e+04,3.400000000000000000e+01
3.248900000000000000e+04,4.900000000000000000e+01
3.250400000000000000e+04,1.500000000000000000e+01
3.255900000000000000e+04,5.500000000000000000e+01
3.258500000000000000e+04,2.600000000000000000e+01
3.264600000000000000e+04,6.100000000000000000e+01
3.268500000000000000e+04,3.900000000000000000e+01
3.272900000000000000e+04,4.400000000000000000e+01
3.279300000000000000e+04,6.400000000000000000e+01
3.286000000000000000e+04,6.700000000000000000e+01
3.293200000000000000e+04,7.200000000000000000e+01
3.305100000000000000e+04,1.190000000000000000e+02
3.307600000000000000e+04,2.500000000000000000e+01
3.311000000000000000e+04,3.400000000000000000e+01
3.314500000000000000e+04,3.500000000000000000e+01
3.317400000000000000e+04,2.900000000000000000e+01
3.326100000000000000e+04,8.700000000000000000e+01
3.332200000000000000e+04,6.100000000000000000e+01
3.339200000000000000e+04,7.000000000000000000e+01
3.344200000000000000e+04,5.000000000000000000e+01
3.350600000000000000e+04,6.400000000000000000e+01
3.359200000000000000e+04,8.600000000000000000e+01
3.364200000000000000e+04,5.000000000000000000e+01
3.367000000000000000e+04,2.800000000000000000e+01
3.371900000000000000e+04,4.900000000000000000e+01
3.376400000000000000e+04,4.500000000000000000e+01
3.380000000000000000e+04,3.600000000000000000e+01
3.382500000000000000e+04,2.500000000000000000e+01
3.386500000000000000e+04,4.000000000000000000e+01
3.390600000000000000e+04,4.100000000000000000e+01
3.397900000000000000e+04,7.300000000000000000e+01
3.402500000000000000e+04,4.600000000000000000e+01
3.406700000000000000e+04,4.200000000000000000e+01
3.410500000000000000e+04,3.800000000000000000e+01
3.412700000000000000e+04,2.200000000000000000e+01
3.416200000000000000e+04,3.500000000000000000e+01
3.420400000000000000e+04,4.200000000000000000e+01
3.425300000000000000e+04,4.900000000000000000e+01
3.433400000000000000e+04,8.100000000000000000e+01
3.436300000000000000e+04,2.900000000000000000e+01
3.439200000000000000e+04,2.900000000000000000e+01
3.447300000000000000e+04,8.100000000000000000e+01
3.449800000000000000e+04,2.500000000000000000e+01
3.454600000000000000e+04,4.800000000000000000e+01
3.458200000000000000e+04,3.600000000000000000e+01
3.462200000000000000e+04,4.000000000000000000e+01
3.468100000000000000e+04,5.900000000000000000e+01
3.471900000000000000e+04,3.800000000000000000e+01
3.476600000000000000e+04,4.700000000000000000e+01
3.481400000000000000e+04,4.800000000000000000e+01
3.486800000000000000e+04,5.400000000000000000e+01
3.489200000000000000e+04,2.400000000000000000e+01
3.493300000000000000e+04,4.100000000000000000e+01
3.496100000000000000e+04,2.800000000000000000e+01
3.499800000000000000e+04,3.700000000000000000e+01
3.507900000000000000e+04,8.100000000000000000e+01
3.511400000000000000e+04,3.500000000000000000e+01
3.516900000000000000e+04,5.500000000000000000e+01
3.519900000000000000e+04,3.000000000000000000e+01
3.523100000000000000e+04,3.200000000000000000e+01
3.527200000000000000e+04,4.100000000000000000e+01
3.533900000000000000e+04,6.700000000000000000e+01
3.538500000000000000e+04,4.600000000000000000e+01
3.542800000000000000e+04,4.300000000000000000e+01
3.547100000000000000e+04,4.300000000000000000e+01
3.551500000000000000e+04,4.400000000000000000e+01
3.557600000000000000e+04,6.100000000000000000e+01
3.564600000000000000e+04,7.000000000000000000e+01
3.569500000000000000e+04,4.900000000000000000e+01
3.572100000000000000e+04,2.600000000000000000e+01
3.575700000000000000e+04,3.600000000000000000e+01
3.578300000000000000e+04,2.600000000000000000e+01
3.582200000000000000e+04,3.900000000000000000e+01
3.591900000000000000e+04,9.700000000000000000e+01
3.599000000000000000e+04,7.100000000000000000e+01
3.601600000000000000e+04,2.600000000000000000e+01
3.603700000000000000e+04,2.100000000000000000e+01
3.606900000000000000e+04,3.200000000000000000e+01
3.611900000000000000e+04,5.000000000000000000e+01
3.616400000000000000e+04,4.500000000000000000e+01
3.620000000000000000e+04,3.600000000000000000e+01
3.625700000000000000e+04,5.700000000000000000e+01
3.632000000000000000e+04,6.300000000000000000e+01
3.633100000000000000e+04,1.100000000000000000e+01
3.641300000000000000e+04,8.200000000000000000e+01
3.645500000000000000e+04,4.200000000000000000e+01
3.649300000000000000e+04,3.800000000000000000e+01
3.654000000000000000e+04,4.700000000000000000e+01
3.656200000000000000e+04,2.200000000000000000e+01
3.661700000000000000e+04,5.500000000000000000e+01
3.664500000000000000e+04,2.800000000000000000e+01
3.668600000000000000e+04,4.100000000000000000e+01
3.674900000000000000e+04,6.300000000000000000e+01
3.678100000000000000e+04,3.200000000000000000e+01
3.681100000000000000e+04,3.000000000000000000e+01
3.685500000000000000e+04,4.400000000000000000e+01
3.689300000000000000e+04,3.800000000000000000e+01
3.693100000000000000e+04,3.800000000000000000e+01
3.696400000000000000e+04,3.300000000000000000e+01
3.700800000000000000e+04,4.400000000000000000e+01
3.704700000000000000e+04,3.900000000000000000e+01
3.708800000000000000e+04,4.100000000000000000e+01
3.711600000000000000e+04,2.800000000000000000e+01
3.717400000000000000e+04,5.800000000000000000e+01
3.724500000000000000e+04,7.100000000000000000e+01
3.728600000000000000e+04,4.100000000000000000e+01
3.730900000000000000e+04,2.300000000000000000e+01
3.734200000000000000e+04,3.300000000000000000e+01
3.737400000000000000e+04,3.200000000000000000e+01
3.740100000000000000e+04,2.700000000000000000e+01
3.744400000000000000e+04,4.300000000000000000e+01
3.749600000000000000e+04,5.200000000000000000e+01
3.755100000000000000e+04,5.500000000000000000e+01
3.761400000000000000e+04,6.300000000000000000e+01
3.766500000000000000e+04,5.100000000000000000e+01
3.768900000000000000e+04,2.400000000000000000e+01
3.778000000000000000e+04,9.100000000000000000e+01
3.781700000000000000e+04,3.700000000000000000e+01
3.788000000000000000e+04,6.300000000000000000e+01
3.792300000000000000e+04,4.300000000000000000e+01
3.799700000000000000e+04,7.400000000000000000e+01
3.811600000000000000e+04,1.190000000000000000e+02
3.814900000000000000e+04,3.300000000000000000e+01
3.818000000000000000e+04,3.100000000000000000e+01
3.823100000000000000e+04,5.100000000000000000e+01
3.824500000000000000e+04,1.400000000000000000e+01
3.833400000000000000e+04,8.900000000000000000e+01
3.834600000000000000e+04,1.200000000000000000e+01
3.848100000000000000e+04,1.350000000000000000e+02
3.850100000000000000e+04,2.000000000000000000e+01
3.854600000000000000e+04,4.500000000000000000e+01
3.859200000000000000e+04,4.600000000000000000e+01
3.864400000000000000e+04,5.200000000000000000e+01
3.867300000000000000e+04,2.900000000000000000e+01
3.872400000000000000e+04,5.100000000000000000e+01
3.874400000000000000e+04,2.000000000000000000e+01
3.879000000000000000e+04,4.600000000000000000e+01
3.881600000000000000e+04,2.600000000000000000e+01
3.884900000000000000e+04,3.300000000000000000e+01
3.888000000000000000e+04,3.100000000000000000e+01
3.892500000000000000e+04,4.500000000000000000e+01
3.898200000000000000e+04,5.700000000000000000e+01
3.902800000000000000e+04,4.600000000000000000e+01
3.909600000000000000e+04,6.800000000000000000e+01
3.912500000000000000e+04,2.900000000000000000e+01
3.917000000000000000e+04,4.500000000000000000e+01
3.923500000000000000e+04,6.500000000000000000e+01
3.925900000000000000e+04,2.400000000000000000e+01
3.929900000000000000e+04,4.000000000000000000e+01
3.939400000000000000e+04,9.500000000000000000e+01
3.947900000000000000e+04,8.500000000000000000e+01
3.952400000000000000e+04,4.500000000000000000e+01
3.957600000000000000e+04,5.200000000000000000e+01
3.959900000000000000e+04,2.300000000000000000e+01
3.966900000000000000e+04,7.000000000000000000e+01
3.972700000000000000e+04,5.800000000000000000e+01
3.976700000000000000e+04,4.000000000000000000e+01
3.981400000000000000e+04,4.700000000000000000e+01
3.983900000000000000e+04,2.500000000000000000e+01
3.987000000000000000e+04,3.100000000000000000e+01
3.990800000000000000e+04,3.800000000000000000e+01
3.995100000000000000e+04,4.300000000000000000e+01
3.997800000000000000e+04,2.700000000000000000e+01
4.001200000000000000e+04,3.400000000000000000e+01
4.005600000000000000e+04,4.400000000000000000e+01
4.011400000000000000e+04,5.800000000000000000e+01
4.015700000000000000e+04,4.300000000000000000e+01
4.021600000000000000e+04,5.900000000000000000e+01
4.032600000000000000e+04,1.100000000000000000e+02
4.037400000000000000e+04,4.800000000000000000e+01
4.041600000000000000e+04,4.200000000000000000e+01
4.048000000000000000e+04,6.400000000000000000e+01
4.051000000000000000e+04,3.000000000000000000e+01
4.052800000000000000e+04,1.800000000000000000e+01
4.055500000000000000e+04,2.700000000000000000e+01
4.058600000000000000e+04,3.100000000000000000e+01
4.065700000000000000e+04,7.100000000000000000e+01
4.069000000000000000e+04,3.300000000000000000e+01
4.073100000000000000e+04,4.100000000000000000e+01
4.078000000000000000e+04,4.900000000000000000e+01
4.084400000000000000e+04,6.400000000000000000e+01
4.088300000000000000e+04,3.900000000000000000e+01
4.092600000000000000e+04,4.300000000000000000e+01
4.095600000000000000e+04,3.000000000000000000e+01
4.100200000000000000e+04,4.600000000000000000e+01
4.102600000000000000e+04,2.400000000000000000e+01
4.105800000000000000e+04,3.200000000000000000e+01
4.109800000000000000e+04,4.000000000000000000e+01
4.114300000000000000e+04,4.500000000000000000e+01
4.118600000000000000e+04,4.300000000000000000e+01
4.122700000000000000e+04,4.100000000000000000e+01
4.127500000000000000e+04,4.800000000000000000e+01
4.129800000000000000e+04,2.300000000000000000e+01
4.133900000000000000e+04,4.100000000000000000e+01
4.138500000000000000e+04,4.600000000000000000e+01
4.141100000000000000e+04,2.600000000000000000e+01
4.151700000000000000e+04,1.060000000000000000e+02
4.159000000000000000e+04,7.300000000000000000e+01
4.160500000000000000e+04,1.500000000000000000e+01
4.165000000000000000e+04,4.500000000000000000e+01
4.167000000000000000e+04,2.000000000000000000e+01
4.170800000000000000e+04,3.800000000000000000e+01
4.173800000000000000e+04,3.000000000000000000e+01
4.179400000000000000e+04,5.600000000000000000e+01
4.182000000000000000e+04,2.600000000000000000e+01
4.186800000000000000e+04,4.800000000000000000e+01
4.193400000000000000e+04,6.600000000000000000e+01
4.200200000000000000e+04,6.800000000000000000e+01
4.204200000000000000e+04,4.000000000000000000e+01
4.208900000000000000e+04,4.700000000000000000e+01
4.211600000000000000e+04,2.700000000000000000e+01
4.218900000000000000e+04,7.300000000000000000e+01
4.222400000000000000e+04,3.500000000000000000e+01
4.229500000000000000e+04,7.100000000000000000e+01
4.234500000000000000e+04,5.000000000000000000e+01
4.236600000000000000e+04,2.100000000000000000e+01
4.239600000000000000e+04,3.000000000000000000e+01
4.247100000000000000e+04,7.500000000000000000e+01
4.255300000000000000e+04,8.200000000000000000e+01
4.263200000000000000e+04,7.900000000000000000e+01
4.268300000000000000e+04,5.100000000000000000e+01
4.274400000000000000e+04,6.100000000000000000e+01
4.277500000000000000e+04,3.100000000000000000e+01
4.280400000000000000e+04,2.900000000000000000e+01
4.285800000000000000e+04,5.400000000000000000e+01
4.293700000000000000e+04,7.900000000000000000e+01
4.298100000000000000e+04,4.400000000000000000e+01
4.305800000000000000e+04,7.700000000000000000e+01
4.311400000000000000e+04,5.600000000000000000e+01
4.316800000000000000e+04,5.400000000000000000e+01
4.319600000000000000e+04,2.800000000000000000e+01
4.323600000000000000e+04,4.000000000000000000e+01
4.326100000000000000e+04,2.500000000000000000e+01
4.328700000000000000e+04,2.600000000000000000e+01
4.334400000000000000e+04,5.700000000000000000e+01
4.336500000000000000e+04,2.100000000000000000e+01
4.341500000000000000e+04,5.000000000000000000e+01
4.345500000000000000e+04,4.000000000000000000e+01
4.349500000000000000e+04,4.000000000000000000e+01
4.353100000000000000e+04,3.600000000000000000e+01
4.360000000000000000e+04,6.900000000000000000e+01
4.363800000000000000e+04,3.800000000000000000e+01
4.366200000000000000e+04,2.400000000000000000e+01
4.369100000000000000e+04,2.900000000000000000e+01
4.374300000000000000e+04,5.200000000000000000e+01
4.378100000000000000e+04,3.800000000000000000e+01
4.381100000000000000e+04,3.000000000000000000e+01
4.390100000000000000e+04,9.000000000000000000e+01
4.397400000000000000e+04,7.300000000000000000e+01
4.400100000000000000e+04,2.700000000000000000e+01
4.404500000000000000e+04,4.400000000000000000e+01
4.409800000000000000e+04,5.300000000000000000e+01
4.416000000000000000e+04,6.200000000000000000e+01
4.422100000000000000e+04,6.100000000000000000e+01
4.429900000000000000e+04,7.800000000000000000e+01
4.436200000000000000e+04,6.300000000000000000e+01
4.442900000000000000e+04,6.700000000000000000e+01
4.449600000000000000e+04,6.700000000000000000e+01
4.457000000000000000e+04,7.400000000000000000e+01
4.463400000000000000e+04,6.400000000000000000e+01
4.471600000000000000e+04,8.200000000000000000e+01
4.473900000000000000e+04,2.300000000000000000e+01
4.479600000000000000e+04,5.700000000000000000e+01
4.483300000000000000e+04,3.700000000000000000e+01
4.487000000000000000e+04,3.700000000000000000e+01
4.495100000000000000e+04,8.100000000000000000e+01
4.498400000000000000e+04,3.300000000000000000e+01
4.500800000000000000e+04,2.400000000000000000e+01
4.503900000000000000e+04,3.100000000000000000e+01
4.507900000000000000e+04,4.000000000000000000e+01
4.512200000000000000e+04,4.300000000000000000e+01
4.516500000000000000e+04,4.300000000000000000e+01
4.519500000000000000e+04,3.000000000000000000e+01
4.521800000000000000e+04,2.300000000000000000e+01
4.524900000000000000e+04,3.100000000000000000e+01
4.527700000000000000e+04,2.800000000000000000e+01
4.533400000000000000e+04,5.700000000000000000e+01
4.537000000000000000e+04,3.600000000000000000e+01
4.542000000000000000e+04,5.000000000000000000e+01
4.544600000000000000e+04,2.600000000000000000e+01
4.545700000000000000e+04,1.100000000000000000e+01
4.549200000000000000e+04,3.500000000000000000e+01
4.556400000000000000e+04,7.200000000000000000e+01
4.561900000000000000e+04,5.500000000000000000e+01
4.566700000000000000e+04,4.800000000000000000e+01
4.570900000000000000e+04,4.200000000000000000e+01
4.573700000000000000e+04,2.800000000000000000e+01
4.578600000000000000e+04,4.900000000000000000e+01
4.584000000000000000e+04,5.400000000000000000e+01
4.587500000000000000e+04,3.500000000000000000e+01
4.593200000000000000e+04,5.700000000000000000e+01
4.596300000000000000e+04,3.100000000000000000e+01
4.600800000000000000e+04,4.500000000000000000e+01
4.606700000000000000e+04,5.900000000000000000e+01
4.613500000000000000e+04,6.800000000000000000e+01
4.614700000000000000e+04,1.200000000000000000e+01
4.617700000000000000e+04,3.000000000000000000e+01
4.623600000000000000e+04,5.900000000000000000e+01
4.630100000000000000e+04,6.500000000000000000e+01
4.639300000000000000e+04,9.200000000000000000e+01
4.641300000000000000e+04,2.000000000000000000e+01
4.646700000000000000e+04,5.400000000000000000e+01
4.653300000000000000e+04,6.600000000000000000e+01
4.658700000000000000e+04,5.400000000000000000e+01
4.660000000000000000e+04,1.300000000000000000e+01
4.662500000000000000e+04,2.500000000000000000e+01
4.664900000000000000e+04,2.400000000000000000e+01
4.668500000000000000e+04,3.600000000000000000e+01
4.673900000000000000e+04,5.400000000000000000e+01
4.676500000000000000e+04,2.600000000000000000e+01
4.679500000000000000e+04,3.000000000000000000e+01
4.687100000000000000e+04,7.600000000000000000e+01
4.690500000000000000e+04,3.400000000000000000e+01
4.693800000000000000e+04,3.300000000000000000e+01
4.698300000000000000e+04,4.500000000000000000e+01
4.699600000000000000e+04,1.300000000000000000e+01
4.702400000000000000e+04,2.800000000000000000e+01
4.703800000000000000e+04,1.400000000000000000e+01
4.713100000000000000e+04,9.300000000000000000e+01
4.722400000000000000e+04,9.300000000000000000e+01
4.724900000000000000e+04,2.500000000000000000e+01
4.728500000000000000e+04,3.600000000000000000e+01
4.733700000000000000e+04,5.200000000000000000e+01
4.736700000000000000e+04,3.000000000000000000e+01
4.740900000000000000e+04,4.200000000000000000e+01
4.743800000000000000e+04,2.900000000000000000e+01
4.747600000000000000e+04,3.800000000000000000e+01
4.751300000000000000e+04,3.700000000000000000e+01
4.755400000000000000e+04,4.100000000000000000e+01
4.760100000000000000e+04,4.700000000000000000e+01
4.764800000000000000e+04,4.700000000000000000e+01
4.768000000000000000e+04,3.200000000000000000e+01
4.778600000000000000e+04,1.060000000000000000e+02
4.782200000000000000e+04,3.600000000000000000e+01
4.788700000000000000e+04,6.500000000000000000e+01
4.793500000000000000e+04,4.800000000000000000e+01
4.797600000000000000e+04,4.100000000000000000e+01
4.804800000000000000e+04,7.200000000000000000e+01
4.806500000000000000e+04,1.700000000000000000e+01
4.811100000000000000e+04,4.600000000000000000e+01
4.818000000000000000e+04,6.900000000000000000e+01
4.821400000000000000e+04,3.400000000000000000e+01
4.826400000000000000e+04,5.000000000000000000e+01
4.828800000000000000e+04,2.400000000000000000e+01
4.835100000000000000e+04,6.300000000000000000e+01
4.840300000000000000e+04,5.200000000000000000e+01
4.851300000000000000e+04,1.100000000000000000e+02
4.855900000000000000e+04,4.600000000000000000e+01
4.859700000000000000e+04,3.800000000000000000e+01
4.864400000000000000e+04,4.700000000000000000e+01
4.868400000000000000e+04,4.000000000000000000e+01
4.875000000000000000e+04,6.600000000000000000e+01
4.879300000000000000e+04,4.300000000000000000e+01
4.884500000000000000e+04,5.200000000000000000e+01
4.888200000000000000e+04,3.700000000000000000e+01
4.890900000000000000e+04,2.700000000000000000e+01
4.896000000000000000e+04,5.100000000000000000e+01
4.902000000000000000e+04,6.000000000000000000e+01
4.904600000000000000e+04,2.600000000000000000e+01
4.908300000000000000e+04,3.700000000000000000e+01
4.911700000000000000e+04,3.400000000000000000e+01
4.918500000000000000e+04,6.800000000000000000e+01
4.922600000000000000e+04,4.100000000000000000e+01
4.927300000000000000e+04,4.700000000000000000e+01
4.934700000000000000e+04,7.400000000000000000e+01
4.940300000000000000e+04,5.600000000000000000e+01
4.946300000000000000e+04,6.000000000000000000e+01
4.947900000000000000e+04,1.600000000000000000e+01
4.955400000000000000e+04,7.500000000000000000e+01
4.960600000000000000e+04,5.200000000000000000e+01
4.967900000000000000e+04,7.300000000000000000e+01
4.971100000000000000e+04,3.200000000000000000e+01
4.973700000000000000e+04,2.600000000000000000e+01
4.981100000000000000e+04,7.400000000000000000e+01
4.986600000000000000e+04,5.500000000000000000e+01
4.987900000000000000e+04,1.300000000000000000e+01
4.992400000000000000e+04,4.500000000000000000e+01
4.997100000000000000e+04,4.700000000000000000e+01
5.000400000000000000e+04,3.300000000000000000e+01
5.006400000000000000e+04,6.000000000000000000e+01
5.009800000000000000e+04,3.400000000000000000e+01
5.013300000000000000e+04,3.500000000000000000e+01
5.016700000000000000e+04,3.400000000000000000e+01
5.020900000000000000e+04,4.200000000000000000e+01
5.026200000000000000e+04,5.300000000000000000e+01
5.038100000000000000e+04,1.190000000000000000e+02
5.042900000000000000e+04,4.800000000000000000e+01
5.052500000000000000e+04,9.600000000000000000e+01
5.057700000000000000e+04,5.200000000000000000e+01
5.062900000000000000e+04,5.200000000000000000e+01
5.068300000000000000e+04,5.400000000000000000e+01
5.071700000000000000e+04,3.400000000000000000e+01
5.078200000000000000e+04,6.500000000000000000e+01
5.082100000000000000e+04,3.900000000000000000e+01
5.089100000000000000e+04,7.000000000000000000e+01
5.093500000000000000e+04,4.400000000000000000e+01
5.099900000000000000e+04,6.400000000000000000e+01
5.104300000000000000e+04,4.400000000000000000e+01
5.108400000000000000e+04,4.100000000000000000e+01
5.112500000000000000e+04,4.100000000000000000e+01
5.118600000000000000e+04,6.100000000000000000e+01
5.122900000000000000e+04,4.300000000000000000e+01
5.124200000000000000e+04,1.300000000000000000e+01
5.130500000000000000e+04,6.300000000000000000e+01
5.136400000000000000e+04,5.900000000000000000e+01
5.140500000000000000e+04,4.100000000000000000e+01
5.143000000000000000e+04,2.500000000000000000e+01
5.149900000000000000e+04,6.900000000000000000e+01
5.164700000000000000e+04,1.480000000000000000e+02
5.172100000000000000e+04,7.400000000000000000e+01
5.175200000000000000e+04,3.100000000000000000e+01
5.182900000000000000e+04,7.700000000000000000e+01
5.189000000000000000e+04,6.100000000000000000e+01
5.197700000000000000e+04,8.700000000000000000e+01
5.202900000000000000e+04,5.200000000000000000e+01
5.207400000000000000e+04,4.500000000000000000e+01
5.211200000000000000e+04,3.800000000000000000e+01
5.215300000000000000e+04,4.100000000000000000e+01
5.218900000000000000e+04,3.600000000000000000e+01
5.220100000000000000e+04,1.200000000000000000e+01
5.224500000000000000e+04,4.400000000000000000e+01
5.229700000000000000e+04,5.200000000000000000e+01
5.233900000000000000e+04,4.200000000000000000e+01
5.239200000000000000e+04,5.300000000000000000e+01
5.244500000000000000e+04,5.300000000000000000e+01
5.249600000000000000e+04,5.100000000000000000e+01
5.255300000000000000e+04,5.700000000000000000e+01
5.259700000000000000e+04,4.400000000000000000e+01
5.263800000000000000e+04,4.100000000000000000e+01
5.270800000000000000e+04,7.000000000000000000e+01
5.273200000000000000e+04,2.400000000000000000e+01
5.275900000000000000e+04,2.700000000000000000e+01
5.279800000000000000e+04,3.900000000000000000e+01
5.284100000000000000e+04,4.300000000000000000e+01
5.285600000000000000e+04,1.500000000000000000e+01
5.288100000000000000e+04,2.500000000000000000e+01
5.289400000000000000e+04,1.300000000000000000e+01
5.294500000000000000e+04,5.100000000000000000e+01
5.297400000000000000e+04,2.900000000000000000e+01
5.301100000000000000e+04,3.700000000000000000e+01
5.303500000000000000e+04,2.400000000000000000e+01
5.304700000000000000e+04,1.200000000000000000e+01
5.309200000000000000e+04,4.500000000000000000e+01
5.313300000000000000e+04,4.100000000000000000e+01
5.318400000000000000e+04,5.100000000000000000e+01
5.325500000000000000e+04,7.100000000000000000e+01
5.329600000000000000e+04,4.100000000000000000e+01
5.335600000000000000e+04,6.000000000000000000e+01
5.340100000000000000e+04,4.500000000000000000e+01
5.345300000000000000e+04,5.200000000000000000e+01
5.349200000000000000e+04,3.900000000000000000e+01
5.355000000000000000e+04,5.800000000000000000e+01
5.357800000000000000e+04,2.800000000000000000e+01
5.360700000000000000e+04,2.900000000000000000e+01
5.364700000000000000e+04,4.000000000000000000e+01
5.369800000000000000e+04,5.100000000000000000e+01
5.373700000000000000e+04,3.900000000000000000e+01
5.378700000000000000e+04,5.000000000000000000e+01
5.381200000000000000e+04,2.500000000000000000e+01
5.385300000000000000e+04,4.100000000000000000e+01
5.386400000000000000e+04,1.100000000000000000e+01
5.393900000000000000e+04,7.500000000000000000e+01
5.397900000000000000e+04,4.000000000000000000e+01
5.401000000000000000e+04,3.100000000000000000e+01
5.406400000000000000e+04,5.400000000000000000e+01
5.410400000000000000e+04,4.000000000000000000e+01
5.414900000000000000e+04,4.500000000000000000e+01
5.419300000000000000e+04,4.400000000000000000e+01
5.423200000000000000e+04,3.900000000000000000e+01
5.425700000000000000e+04,2.500000000000000000e+01
5.431000000000000000e+04,5.300000000000000000e+01
5.436100000000000000e+04,5.100000000000000000e+01
5.439800000000000000e+04,3.700000000000000000e+01
5.443300000000000000e+04,3.500000000000000000e+01
5.446700000000000000e+04,3.400000000000000000e+01
5.450400000000000000e+04,3.700000000000000000e+01
5.456100000000000000e+04,5.700000000000000000e+01
5.459700000000000000e+04,3.600000000000000000e+01
5.466100000000000000e+04,6.400000000000000000e+01
5.472700000000000000e+04,6.600000000000000000e+01
5.480500000000000000e+04,7.800000000000000000e+01
5.486400000000000000e+04,5.900000000000000000e+01
5.491700000000000000e+04,5.300000000000000000e+01
5.495400000000000000e+04,3.700000000000000000e+01
5.498800000000000000e+04,3.400000000000000000e+01
5.502900000000000000e+04,4.100000000000000000e+01
5.507800000000000000e+04,4.900000000000000000e+01
5.510300000000000000e+04,2.500000000000000000e+01
5.515500000000000000e+04,5.200000000000000000e+01
5.519600000000000000e+04,4.100000000000000000e+01
5.522000000000000000e+04,2.400000000000000000e+01
5.525700000000000000e+04,3.700000000000000000e+01
5.530100000000000000e+04,4.400000000000000000e+01
5.533000000000000000e+04,2.900000000000000000e+01
5.536200000000000000e+04,3.200000000000000000e+01
5.539900000000000000e+04,3.700000000000000000e+01
5.544300000000000000e+04,4.400000000000000000e+01
5.550800000000000000e+04,6.500000000000000000e+01
5.555600000000000000e+04,4.800000000000000000e+01
5.562700000000000000e+04,7.100000000000000000e+01
5.565200000000000000e+04,2.500000000000000000e+01
5.571600000000000000e+04,6.400000000000000000e+01
5.578500000000000000e+04,6.900000000000000000e+01
5.581900000000000000e+04,3.400000000000000000e+01
5.585500000000000000e+04,3.600000000000000000e+01
5.591200000000000000e+04,5.700000000000000000e+01
5.597400000000000000e+04,6.200000000000000000e+01
5.603200000000000000e+04,5.800000000000000000e+01
5.606900000000000000e+04,3.700000000000000000e+01
5.613700000000000000e+04,6.800000000000000000e+01
5.618900000000000000e+04,5.200000000000000000e+01
5.623500000000000000e+04,4.600000000000000000e+01
5.631600000000000000e+04,8.100000000000000000e+01
5.634200000000000000e+04,2.600000000000000000e+01
5.640200000000000000e+04,6.000000000000000000e+01
5.644900000000000000e+04,4.700000000000000000e+01
5.650500000000000000e+04,5.600000000000000000e+01
5.654800000000000000e+04,4.300000000000000000e+01
5.659300000000000000e+04,4.500000000000000000e+01
5.662600000000000000e+04,3.300000000000000000e+01
5.666100000000000000e+04,3.500000000000000000e+01
5.669900000000000000e+04,3.800000000000000000e+01
5.672100000000000000e+04,2.200000000000000000e+01
5.673200000000000000e+04,1.100000000000000000e+01
5.678200000000000000e+04,5.000000000000000000e+01
5.683100000000000000e+04,4.900000000000000000e+01
5.686800000000000000e+04,3.700000000000000000e+01
5.691800000000000000e+04,5.000000000000000000e+01
5.697400000000000000e+04,5.600000000000000000e+01
5.700100000000000000e+04,2.700000000000000000e+01
5.704500000000000000e+04,4.400000000000000000e+01
5.708300000000000000e+04,3.800000000000000000e+01
5.713700000000000000e+04,5.400000000000000000e+01
5.718500000000000000e+04,4.800000000000000000e+01
5.725500000000000000e+04,7.000000000000000000e+01
5.730400000000000000e+04,4.900000000000000000e+01
5.733000000000000000e+04,2.600000000000000000e+01
5.738500000000000000e+04,5.500000000000000000e+01
5.745400000000000000e+04,6.900000000000000000e+01
5.750800000000000000e+04,5.400000000000000000e+01
5.753200000000000000e+04,2.400000000000000000e+01
5.757000000000000000e+04,3.800000000000000000e+01
5.759700000000000000e+04,2.700000000000000000e+01
5.763100000000000000e+04,3.400000000000000000e+01
5.765700000000000000e+04,2.600000000000000000e+01
5.771800000000000000e+04,6.100000000000000000e+01
5.774200000000000000e+04,2.400000000000000000e+01
5.778400000000000000e+04,4.200000000000000000e+01
5.781700000000000000e+04,3.300000000000000000e+01
5.787300000000000000e+04,5.600000000000000000e+01
5.791400000000000000e+04,4.100000000000000000e+01
5.800100000000000000e+04,8.700000000000000000e+01
5.805600000000000000e+04,5.500000000000000000e+01
5.810900000000000000e+04,5.300000000000000000e+01
5.812000000000000000e+04,1.100000000000000000e+01
5.816100000000000000e+04,4.100000000000000000e+01
5.820100000000000000e+04,4.000000000000000000e+01
5.824300000000000000e+04,4.200000000000000000e+01
5.829600000000000000e+04,5.300000000000000000e+01
5.833300000000000000e+04,3.700000000000000000e+01
5.837100000000000000e+04,3.800000000000000000e+01
5.840500000000000000e+04,3.400000000000000000e+01
5.843700000000000000e+04,3.200000000000000000e+01
5.849000000000000000e+04,5.300000000000000000e+01
5.856300000000000000e+04,7.300000000000000000e+01
5.862000000000000000e+04,5.700000000000000000e+01
5.866200000000000000e+04,4.200000000000000000e+01
5.870600000000000000e+04,4.400000000000000000e+01
5.874200000000000000e+04,3.600000000000000000e+01
5.877900000000000000e+04,3.700000000000000000e+01
5.882400000000000000e+04,4.500000000000000000e+01
5.886900000000000000e+04,4.500000000000000000e+01
5.894900000000000000e+04,8.000000000000000000e+01
5.897900000000000000e+04,3.000000000000000000e+01
5.901700000000000000e+04,3.800000000000000000e+01
5.903600000000000000e+04,1.900000000000000000e+01
5.906300000000000000e+04,2.700000000000000000e+01
5.908500000000000000e+04,2.200000000000000000e+01
5.914900000000000000e+04,6.400000000000000000e+01
5.918600000000000000e+04,3.700000000000000000e+01
5.921100000000000000e+04,2.500000000000000000e+01
5.925500000000000000e+04,4.400000000000000000e+01
5.930200000000000000e+04,4.700000000000000000e+01
5.935100000000000000e+04,4.900000000000000000e+01
5.943200000000000000e+04,8.100000000000000000e+01
5.951100000000000000e+04,7.900000000000000000e+01
5.955300000000000000e+04,4.200000000000000000e+01
5.959400000000000000e+04,4.100000000000000000e+01
5.962900000000000000e+04,3.500000000000000000e+01
5.967300000000000000e+04,4.400000000000000000e+01
5.973100000000000000e+04,5.800000000000000000e+01
5.977200000000000000e+04,4.100000000000000000e+01
5.979600000000000000e+04,2.400000000000000000e+01
5.986700000000000000e+04,7.100000000000000000e+01
5.990400000000000000e+04,3.700000000000000000e+01
5.992800000000000000e+04,2.400000000000000000e+01
5.998100000000000000e+04,5.300000000000000000e+01
6.000300000000000000e+04,2.200000000000000000e+01
6.008900000000000000e+04,8.600000000000000000e+01
6.011400000000000000e+04,2.500000000000000000e+01
6.015500000000000000e+04,4.100000000000000000e+01
6.018800000000000000e+04,3.300000000000000000e+01
6.023700000000000000e+04,4.900000000000000000e+01
6.026500000000000000e+04,2.800000000000000000e+01
6.030000000000000000e+04,3.500000000000000000e+01
6.031200000000000000e+04,1.200000000000000000e+01
6.034800000000000000e+04,3.600000000000000000e+01
6.038400000000000000e+04,3.600000000000000000e+01
6.043200000000000000e+04,4.800000000000000000e+01
6.050200000000000000e+04,7.000000000000000000e+01
6.052700000000000000e+04,2.500000000000000000e+01
6.057800000000000000e+04,5.100000000000000000e+01
6.064100000000000000e+04,6.300000000000000000e+01
6.067400000000000000e+04,3.300000000000000000e+01
6.077900000000000000e+04,1.050000000000000000e+02
6.084300000000000000e+04,6.400000000000000000e+01
6.090000000000000000e+04,5.700000000000000000e+01
6.095900000000000000e+04,5.900000000000000000e+01
6.100400000000000000e+04,4.500000000000000000e+01
6.104700000000000000e+04,4.300000000000000000e+01
6.107100000000000000e+04,2.400000000000000000e+01
6.111300000000000000e+04,4.200000000000000000e+01
6.117800000000000000e+04,6.500000000000000000e+01
6.120200000000000000e+04,2.400000000000000000e+01
6.124200000000000000e+04,4.000000000000000000e+01
6.128000000000000000e+04,3.800000000000000000e+01
6.131000000000000000e+04,3.000000000000000000e+01
6.137500000000000000e+04,6.500000000000000000e+01
6.142200000000000000e+04,4.700000000000000000e+01
6.146700000000000000e+04,4.500000000000000000e+01
6.152200000000000000e+04,5.500000000000000000e+01
6.157200000000000000e+04,5.000000000000000000e+01
6.161600000000000000e+04,4.400000000000000000e+01
6.168600000000000000e+04,7.000000000000000000e+01
6.172300000000000000e+04,3.700000000000000000e+01
6.177600000000000000e+04,5.300000000000000000e+01
6.181800000000000000e+04,4.200000000000000000e+01
6.190700000000000000e+04,8.900000000000000000e+01
6.196600000000000000e+04,5.900000000000000000e+01
6.201400000000000000e+04,4.800000000000000000e+01
6.204100000000000000e+04,2.700000000000000000e+01
6.208300000000000000e+04,4.200000000000000000e+01
6.214300000000000000e+04,6.000000000000000000e+01
6.219500000000000000e+04,5.200000000000000000e+01
6.224700000000000000e+04,5.200000000000000000e+01
6.228400000000000000e+04,3.700000000000000000e+01
6.230800000000000000e+04,2.400000000000000000e+01
6.234800000000000000e+04,4.000000000000000000e+01
6.238400000000000000e+04,3.600000000000000000e+01
6.241900000000000000e+04,3.500000000000000000e+01
6.245800000000000000e+04,3.900000000000000000e+01
6.253000000000000000e+04,7.200000000000000000e+01
6.255100000000000000e+04,2.100000000000000000e+01
6.260500000000000000e+04,5.400000000000000000e+01
6.263400000000000000e+04,2.900000000000000000e+01
6.267500000000000000e+04,4.100000000000000000e+01
6.270100000000000000e+04,2.600000000000000000e+01
6.278200000000000000e+04,8.100000000000000000e+01
6.282300000000000000e+04,4.100000000000000000e+01
6.284600000000000000e+04,2.300000000000000000e+01
6.289200000000000000e+04,4.600000000000000000e+01
6.295200000000000000e+04,6.000000000000000000e+01
6.297300000000000000e+04,2.100000000000000000e+01
6.301800000000000000e+04,4.500000000000000000e+01
6.305900000000000000e+04,4.100000000000000000e+01
6.311400000000000000e+04,5.500000000000000000e+01
6.314400000000000000e+04,3.000000000000000000e+01
6.316800000000000000e+04,2.400000000000000000e+01
6.321200000000000000e+04,4.400000000000000000e+01
6.326100000000000000e+04,4.900000000000000000e+01
6.329300000000000000e+04,3.200000000000000000e+01
6.334600000000000000e+04,5.300000000000000000e+01
6.336800000000000000e+04,2.200000000000000000e+01
6.342600000000000000e+04,5.800000000000000000e+01
6.345100000000000000e+04,2.500000000000000000e+01
6.351600000000000000e+04,6.500000000000000000e+01
6.356000000000000000e+04,4.400000000000000000e+01
6.358700000000000000e+04,2.700000000000000000e+01
6.361500000000000000e+04,2.800000000000000000e+01
6.365400000000000000e+04,3.900000000000000000e+01
6.374100000000000000e+04,8.700000000000000000e+01
6.383300000000000000e+04,9.200000000000000000e+01
6.388900000000000000e+04,5.600000000000000000e+01
6.392700000000000000e+04,3.800000000000000000e+01
6.396700000000000000e+04,4.000000000000000000e+01
6.401300000000000000e+04,4.600000000000000000e+01
6.403700000000000000e+04,2.400000000000000000e+01
6.406600000000000000e+04,2.900000000000000000e+01
6.411200000000000000e+04,4.600000000000000000e+01
6.415100000000000000e+04,3.900000000000000000e+01
6.418900000000000000e+04,3.800000000000000000e+01
6.422300000000000000e+04,3.400000000000000000e+01
6.428200000000000000e+04,5.900000000000000000e+01
6.432000000000000000e+04,3.800000000000000000e+01
6.437300000000000000e+04,5.300000000000000000e+01
6.442400000000000000e+04,5.100000000000000000e+01
6.451800000000000000e+04,9.400000000000000000e+01
6.457400000000000000e+04,5.600000000000000000e+01
6.460700000000000000e+04,3.300000000000000000e+01
6.467000000000000000e+04,6.300000000000000000e+01
6.473100000000000000e+04,6.100000000000000000e+01
6.476700000000000000e+04,3.600000000000000000e+01
6.480600000000000000e+04,3.900000000000000000e+01
6.487300000000000000e+04,6.700000000000000000e+01
6.493500000000000000e+04,6.200000000000000000e+01
6.499900000000000000e+04,6.400000000000000000e+01
6.503900000000000000e+04,4.000000000000000000e+01
6.507800000000000000e+04,3.900000000000000000e+01
6.510600000000000000e+04,2.800000000000000000e+01
6.517400000000000000e+04,6.800000000000000000e+01
6.521300000000000000e+04,3.900000000000000000e+01
6.523900000000000000e+04,2.600000000000000000e+01
6.527600000000000000e+04,3.700000000000000000e+01
6.530300000000000000e+04,2.700000000000000000e+01
6.534400000000000000e+04,4.100000000000000000e+01
6.541400000000000000e+04,7.000000000000000000e+01
6.544600000000000000e+04,3.200000000000000000e+01
6.547100000000000000e+04,2.500000000000000000e+01
6.551400000000000000e+04,4.300000000000000000e+01
6.559100000000000000e+04,7.700000000000000000e+01
6.561500000000000000e+04,2.400000000000000000e+01
6.566700000000000000e+04,5.200000000000000000e+01
6.570400000000000000e+04,3.700000000000000000e+01
6.575000000000000000e+04,4.600000000000000000e+01
6.580200000000000000e+04,5.200000000000000000e+01
6.586000000000000000e+04,5.800000000000000000e+01
6.590400000000000000e+04,4.400000000000000000e+01
6.595200000000000000e+04,4.800000000000000000e+01
6.599000000000000000e+04,3.800000000000000000e+01
6.606100000000000000e+04,7.100000000000000000e+01
6.608800000000000000e+04,2.700000000000000000e+01
6.615000000000000000e+04,6.200000000000000000e+01
6.618800000000000000e+04,3.800000000000000000e+01
6.624300000000000000e+04,5.500000000000000000e+01
6.629600000000000000e+04,5.300000000000000000e+01
6.633100000000000000e+04,3.500000000000000000e+01
6.639000000000000000e+04,5.900000000000000000e+01
6.643100000000000000e+04,4.100000000000000000e+01
6.650600000000000000e+04,7.500000000000000000e+01
6.653600000000000000e+04,3.000000000000000000e+01
6.658900000000000000e+04,5.300000000000000000e+01
6.663800000000000000e+04,4.900000000000000000e+01
6.669800000000000000e+04,6.000000000000000000e+01
6.672100000000000000e+04,2.300000000000000000e+01
6.675700000000000000e+04,3.600000000000000000e+01
6.678700000000000000e+04,3.000000000000000000e+01
6.684600000000000000e+04,5.900000000000000000e+01
6.687700000000000000e+04,3.100000000000000000e+01
6.694700000000000000e+04,7.000000000000000000e+01
6.698200000000000000e+04,3.500000000000000000e+01
6.703300000000000000e+04,5.100000000000000000e+01
6.710000000000000000e+04,6.700000000000000000e+01
6.712100000000000000e+04,2.100000000000000000e+01
6.716500000000000000e+04,4.400000000000000000e+01
6.721500000000000000e+04,5.000000000000000000e+01
6.726900000000000000e+04,5.400000000000000000e+01
6.736200000000000000e+04,9.300000000000000000e+01
6.738900000000000000e+04,2.700000000000000000e+01
6.743000000000000000e+04,4.100000000000000000e+01
6.745600000000000000e+04,2.600000000000000000e+01
6.749400000000000000e+04,3.800000000000000000e+01
6.754900000000000000e+04,5.500000000000000000e+01
6.761700000000000000e+04,6.800000000000000000e+01
6.765000000000000000e+04,3.300000000000000000e+01
6.769000000000000000e+04,4.000000000000000000e+01
6.773400000000000000e+04,4.400000000000000000e+01
6.776200000000000000e+04,2.800000000000000000e+01
6.792100000000000000e+04,1.590000000000000000e+02
6.794700000000000000e+04,2.600000000000000000e+01
6.798600000000000000e+04,3.900000000000000000e+01
6.799800000000000000e+04,1.200000000000000000e+01
6.802600000000000000e+04,2.800000000000000000e+01
6.808400000000000000e+04,5.800000000000000000e+01
6.812600000000000000e+04,4.200000000000000000e+01
6.816200000000000000e+04,3.600000000000000000e+01
6.821900000000000000e+04,5.700000000000000000e+01
6.824300000000000000e+04,2.400000000000000000e+01
6.828400000000000000e+04,4.100000000000000000e+01
6.830800000000000000e+04,2.400000000000000000e+01
6.834900000000000000e+04,4.100000000000000000e+01
6.840100000000000000e+04,5.200000000000000000e+01
6.843800000000000000e+04,3.700000000000000000e+01
6.846200000000000000e+04,2.400000000000000000e+01
6.848900000000000000e+04,2.700000000000000000e+01
6.857500000000000000e+04,8.600000000000000000e+01
6.862100000000000000e+04,4.600000000000000000e+01
6.866600000000000000e+04,4.500000000000000000e+01
6.872200000000000000e+04,5.600000000000000000e+01
6.878100000000000000e+04,5.900000000000000000e+01
6.883700000000000000e+04,5.600000000000000000e+01
6.887600000000000000e+04,3.900000000000000000e+01
6.894200000000000000e+04,6.600000000000000000e+01
6.897900000000000000e+04,3.700000000000000000e+01
6.905600000000000000e+04,7.700000000000000000e+01
6.912100000000000000e+04,6.500000000000000000e+01
6.916900000000000000e+04,4.800000000000000000e+01
6.921500000000000000e+04,4.600000000000000000e+01
6.928400000000000000e+04,6.900000000000000000e+01
6.933700000000000000e+04,5.300000000000000000e+01
6.938400000000000000e+04,4.700000000000000000e+01
6.947400000000000000e+04,9.000000000000000000e+01
6.952700000000000000e+04,5.300000000000000000e+01
6.956600000000000000e+04,3.900000000000000000e+01
6.963500000000000000e+04,6.900000000000000000e+01
6.971500000000000000e+04,8.000000000000000000e+01
6.974600000000000000e+04,3.100000000000000000e+01
6.978600000000000000e+04,4.000000000000000000e+01
6.981000000000000000e+04,2.400000000000000000e+01
6.985700000000000000e+04,4.700000000000000000e+01
6.990700000000000000e+04,5.000000000000000000e+01
6.993600000000000000e+04,2.900000000000000000e+01
7.007200000000000000e+04,1.360000000000000000e+02
7.012300000000000000e+04,5.100000000000000000e+01
7.015100000000000000e+04,2.800000000000000000e+01
7.025400000000000000e+04,1.030000000000000000e+02
7.036300000000000000e+04,1.090000000000000000e+02
7.045700000000000000e+04,9.400000000000000000e+01
7.050300000000000000e+04,4.600000000000000000e+01
7.053800000000000000e+04,3.500000000000000000e+01
7.056500000000000000e+04,2.700000000000000000e+01
7.062300000000000000e+04,5.800000000000000000e+01
7.066300000000000000e+04,4.000000000000000000e+01
7.070000000000000000e+04,3.700000000000000000e+01
7.072400000000000000e+04,2.400000000000000000e+01
7.077200000000000000e+04,4.800000000000000000e+01
7.079600000000000000e+04,2.400000000000000000e+01
7.081400000000000000e+04,1.800000000000000000e+01
7.086800000000000000e+04,5.400000000000000000e+01
7.090900000000000000e+04,4.100000000000000000e+01
7.095100000000000000e+04,4.200000000000000000e+01
7.102100000000000000e+04,7.000000000000000000e+01
7.114400000000000000e+04,1.230000000000000000e+02
7.119700000000000000e+04,5.300000000000000000e+01
7.122100000000000000e+04,2.400000000000000000e+01
7.124800000000000000e+04,2.700000000000000000e+01
7.128700000000000000e+04,3.900000000000000000e+01
7.135200000000000000e+04,6.500000000000000000e+01
7.141900000000000000e+04,6.700000000000000000e+01
7.145500000000000000e+04,3.600000000000000000e+01
7.148200000000000000e+04,2.700000000000000000e+01
7.152200000000000000e+04,4.000000000000000000e+01
7.157700000000000000e+04,5.500000000000000000e+01
7.164500000000000000e+04,6.800000000000000000e+01
7.169900000000000000e+04,5.400000000000000000e+01
7.174800000000000000e+04,4.900000000000000000e+01
7.180200000000000000e+04,5.400000000000000000e+01
7.184600000000000000e+04,4.400000000000000000e+01
7.189600000000000000e+04,5.000000000000000000e+01
7.198200000000000000e+04,8.600000000000000000e+01
7.202700000000000000e+04,4.500000000000000000e+01
7.205400000000000000e+04,2.700000000000000000e+01
7.210600000000000000e+04,5.200000000000000000e+01
7.222700000000000000e+04,1.210000000000000000e+02
7.227600000000000000e+04,4.900000000000000000e+01
7.233100000000000000e+04,5.500000000000000000e+01
7.240900000000000000e+04,7.800000000000000000e+01
7.249800000000000000e+04,8.900000000000000000e+01
7.256300000000000000e+04,6.500000000000000000e+01
7.261800000000000000e+04,5.500000000000000000e+01
7.265600000000000000e+04,3.800000000000000000e+01
7.269300000000000000e+04,3.700000000000000000e+01
7.273300000000000000e+04,4.000000000000000000e+01
7.278800000000000000e+04,5.500000000000000000e+01
7.283000000000000000e+04,4.200000000000000000e+01
7.286900000000000000e+04,3.900000000000000000e+01
7.298000000000000000e+04,1.110000000000000000e+02
7.302000000000000000e+04,4.000000000000000000e+01
7.308500000000000000e+04,6.500000000000000000e+01
7.311600000000000000e+04,3.100000000000000000e+01
7.316200000000000000e+04,4.600000000000000000e+01
7.322000000000000000e+04,5.800000000000000000e+01
7.324600000000000000e+04,2.600000000000000000e+01
7.333300000000000000e+04,8.700000000000000000e+01
7.337600000000000000e+04,4.300000000000000000e+01
7.346700000000000000e+04,9.100000000000000000e+01
7.352700000000000000e+04,6.000000000000000000e+01
7.356500000000000000e+04,3.800000000000000000e+01
7.359400000000000000e+04,2.900000000000000000e+01
7.363000000000000000e+04,3.600000000000000000e+01
7.370400000000000000e+04,7.400000000000000000e+01
7.375700000000000000e+04,5.300000000000000000e+01
7.379200000000000000e+04,3.500000000000000000e+01
7.384100000000000000e+04,4.900000000000000000e+01
7.389600000000000000e+04,5.500000000000000000e+01
7.394000000000000000e+04,4.400000000000000000e+01
7.401500000000000000e+04,7.500000000000000000e+01
7.408900000000000000e+04,7.400000000000000000e+01
7.412800000000000000e+04,3.900000000000000000e+01
7.415500000000000000e+04,2.700000000000000000e+01
7.419200000000000000e+04,3.700000000000000000e+01
7.422700000000000000e+04,3.500000000000000000e+01
7.427400000000000000e+04,4.700000000000000000e+01
7.432900000000000000e+04,5.500000000000000000e+01
7.436400000000000000e+04,3.500000000000000000e+01
7.440200000000000000e+04,3.800000000000000000e+01
7.444400000000000000e+04,4.200000000000000000e+01
7.451000000000000000e+04,6.600000000000000000e+01
7.453300000000000000e+04,2.300000000000000000e+01
7.455600000000000000e+04,2.300000000000000000e+01
7.463000000000000000e+04,7.400000000000000000e+01
7.466900000000000000e+04,3.900000000000000000e+01
7.475100000000000000e+04,8.200000000000000000e+01
7.486900000000000000e+04,1.180000000000000000e+02
7.489400000000000000e+04,2.500000000000000000e+01
7.492800000000000000e+04,3.400000000000000000e+01
7.498900000000000000e+04,6.100000000000000000e+01
7.507000000000000000e+04,8.100000000000000000e+01
7.510300000000000000e+04,3.300000000000000000e+01
7.513600000000000000e+04,3.300000000000000000e+01
7.519400000000000000e+04,5.800000000000000000e+01
7.524100000000000000e+04,4.700000000000000000e+01
7.527500000000000000e+04,3.400000000000000000e+01
7.532600000000000000e+04,5.100000000000000000e+01
7.537800000000000000e+04,5.200000000000000000e+01
7.543900000000000000e+04,6.100000000000000000e+01
7.548500000000000000e+04,4.600000000000000000e+01
7.553100000000000000e+04,4.600000000000000000e+01
7.559300000000000000e+04,6.200000000000000000e+01
7.562100000000000000e+04,2.800000000000000000e+01
7.568400000000000000e+04,6.300000000000000000e+01
7.574400000000000000e+04,6.000000000000000000e+01
7.579800000000000000e+04,5.400000000000000000e+01
7.583500000000000000e+04,3.700000000000000000e+01
7.588200000000000000e+04,4.700000000000000000e+01
7.594800000000000000e+04,6.600000000000000000e+01
7.601500000000000000e+04,6.700000000000000000e+01
7.605900000000000000e+04,4.400000000000000000e+01
7.608200000000000000e+04,2.300000000000000000e+01
7.610800000000000000e+04,2.600000000000000000e+01
7.615300000000000000e+04,4.500000000000000000e+01
7.619900000000000000e+04,4.600000000000000000e+01
7.624300000000000000e+04,4.400000000000000000e+01
7.629500000000000000e+04,5.200000000000000000e+01
7.632800000000000000e+04,3.300000000000000000e+01
7.637900000000000000e+04,5.100000000000000000e+01
7.640500000000000000e+04,2.600000000000000000e+01
7.645400000000000000e+04,4.900000000000000000e+01
7.652400000000000000e+04,7.000000000000000000e+01
7.657900000000000000e+04,5.500000000000000000e+01
7.662200000000000000e+04,4.300000000000000000e+01
7.668300000000000000e+04,6.100000000000000000e+01
7.672500000000000000e+04,4.200000000000000000e+01
7.678000000000000000e+04,5.500000000000000000e+01
7.681500000000000000e+04,3.500000000000000000e+01
7.685700000000000000e+04,4.200000000000000000e+01
7.691500000000000000e+04,5.800000000000000000e+01
7.695300000000000000e+04,3.800000000000000000e+01
7.700200000000000000e+04,4.900000000000000000e+01
7.704900000000000000e+04,4.700000000000000000e+01
7.708900000000000000e+04,4.000000000000000000e+01
7.715500000000000000e+04,6.600000000000000000e+01
7.720600000000000000e+04,5.100000000000000000e+01
7.723900000000000000e+04,3.300000000000000000e+01
7.729400000000000000e+04,5.500000000000000000e+01
7.731600000000000000e+04,2.200000000000000000e+01
7.740900000000000000e+04,9.300000000000000000e+01
7.748200000000000000e+04,7.300000000000000000e+01
7.753200000000000000e+04,5.000000000000000000e+01
7.758500000000000000e+04,5.300000000000000000e+01
7.762500000000000000e+04,4.000000000000000000e+01
7.766900000000000000e+04,4.400000000000000000e+01
7.772500000000000000e+04,5.600000000000000000e+01
7.779600000000000000e+04,7.100000000000000000e+01
7.782500000000000000e+04,2.900000000000000000e+01
7.790000000000000000e+04,7.500000000000000000e+01
7.793900000000000000e+04,3.900000000000000000e+01
7.801200000000000000e+04,7.300000000000000000e+01
7.809800000000000000e+04,8.600000000000000000e+01
7.812500000000000000e+04,2.700000000000000000e+01
7.815800000000000000e+04,3.300000000000000000e+01
7.820600000000000000e+04,4.800000000000000000e+01
7.823600000000000000e+04,3.000000000000000000e+01
7.827900000000000000e+04,4.300000000000000000e+01
7.841700000000000000e+04,1.380000000000000000e+02
7.847400000000000000e+04,5.700000000000000000e+01
7.852700000000000000e+04,5.300000000000000000e+01
7.858700000000000000e+04,6.000000000000000000e+01
7.862500000000000000e+04,3.800000000000000000e+01
7.865000000000000000e+04,2.500000000000000000e+01
7.869100000000000000e+04,4.100000000000000000e+01
7.873000000000000000e+04,3.900000000000000000e+01
7.875500000000000000e+04,2.500000000000000000e+01
7.877800000000000000e+04,2.300000000000000000e+01
7.884900000000000000e+04,7.100000000000000000e+01
7.886900000000000000e+04,2.000000000000000000e+01
7.890000000000000000e+04,3.100000000000000000e+01
7.898700000000000000e+04,8.700000000000000000e+01
7.902400000000000000e+04,3.700000000000000000e+01
7.908400000000000000e+04,6.000000000000000000e+01
7.914600000000000000e+04,6.200000000000000000e+01
7.918300000000000000e+04,3.700000000000000000e+01
7.921200000000000000e+04,2.900000000000000000e+01
7.926100000000000000e+04,4.900000000000000000e+01
7.930200000000000000e+04,4.100000000000000000e+01
7.935100000000000000e+04,4.900000000000000000e+01
7.940300000000000000e+04,5.200000000000000000e+01
7.942500000000000000e+04,2.200000000000000000e+01
7.946300000000000000e+04,3.800000000000000000e+01
7.951700000000000000e+04,5.400000000000000000e+01
7.958600000000000000e+04,6.900000000000000000e+01
7.964000000000000000e+04,5.400000000000000000e+01
7.967500000000000000e+04,3.500000000000000000e+01
7.973200000000000000e+04,5.700000000000000000e+01
7.977200000000000000e+04,4.000000000000000000e+01
7.981300000000000000e+04,4.100000000000000000e+01
7.988300000000000000e+04,7.000000000000000000e+01
7.992300000000000000e+04,4.000000000000000000e+01
7.994600000000000000e+04,2.300000000000000000e+01
8.001500000000000000e+04,6.900000000000000000e+01
8.009500000000000000e+04,8.000000000000000000e+01
8.012800000000000000e+04,3.300000000000000000e+01
8.015600000000000000e+04,2.800000000000000000e+01
8.018600000000000000e+04,3.000000000000000000e+01
8.022100000000000000e+04,3.500000000000000000e+01
8.023200000000000000e+04,1.100000000000000000e+01
8.026200000000000000e+04,3.000000000000000000e+01
8.032600000000000000e+04,6.400000000000000000e+01
8.038300000000000000e+04,5.700000000000000000e+01
8.042500000000000000e+04,4.200000000000000000e+01
8.045200000000000000e+04,2.700000000000000000e+01
8.049600000000000000e+04,4.400000000000000000e+01
8.053900000000000000e+04,4.300000000000000000e+01
8.057300000000000000e+04,3.400000000000000000e+01
8.060600000000000000e+04,3.300000000000000000e+01
8.064600000000000000e+04,4.000000000000000000e+01
8.069900000000000000e+04,5.300000000000000000e+01
8.073200000000000000e+04,3.300000000000000000e+01
8.078100000000000000e+04,4.900000000000000000e+01
8.086100000000000000e+04,8.000000000000000000e+01
8.093000000000000000e+04,6.900000000000000000e+01
8.095400000000000000e+04,2.400000000000000000e+01
8.103000000000000000e+04,7.600000000000000000e+01
8.105900000000000000e+04,2.900000000000000000e+01
8.111400000000000000e+04,5.500000000000000000e+01
8.113900000000000000e+04,2.500000000000000000e+01
8.119700000000000000e+04,5.800000000000000000e+01
8.123700000000000000e+04,4.000000000000000000e+01
8.127800000000000000e+04,4.100000000000000000e+01
8.135000000000000000e+04,7.200000000000000000e+01
8.139200000000000000e+04,4.200000000000000000e+01
8.143000000000000000e+04,3.800000000000000000e+01
8.147900000000000000e+04,4.900000000000000000e+01
8.150600000000000000e+04,2.700000000000000000e+01
8.153200000000000000e+04,2.600000000000000000e+01
8.156500000000000000e+04,3.300000000000000000e+01
8.159700000000000000e+04,3.200000000000000000e+01
8.165000000000000000e+04,5.300000000000000000e+01
8.170600000000000000e+04,5.600000000000000000e+01
8.176900000000000000e+04,6.300000000000000000e+01
8.180800000000000000e+04,3.900000000000000000e+01
8.183600000000000000e+04,2.800000000000000000e+01
8.188800000000000000e+04,5.200000000000000000e+01
8.191900000000000000e+04,3.100000000000000000e+01
8.195400000000000000e+04,3.500000000000000000e+01
8.204900000000000000e+04,9.500000000000000000e+01
8.209000000000000000e+04,4.100000000000000000e+01
8.213500000000000000e+04,4.500000000000000000e+01
8.216800000000000000e+04,3.300000000000000000e+01
8.221300000000000000e+04,4.500000000000000000e+01
8.227300000000000000e+04,6.000000000000000000e+01
8.233300000000000000e+04,6.000000000000000000e+01
8.236300000000000000e+04,3.000000000000000000e+01
8.240500000000000000e+04,4.200000000000000000e+01
8.245800000000000000e+04,5.300000000000000000e+01
8.249700000000000000e+04,3.900000000000000000e+01
8.254200000000000000e+04,4.500000000000000000e+01
8.258600000000000000e+04,4.400000000000000000e+01
8.261500000000000000e+04,2.900000000000000000e+01
8.266800000000000000e+04,5.300000000000000000e+01
8.271600000000000000e+04,4.800000000000000000e+01
8.277300000000000000e+04,5.700000000000000000e+01
8.283800000000000000e+04,6.500000000000000000e+01
8.289300000000000000e+04,5.500000000000000000e+01
8.292900000000000000e+04,3.600000000000000000e+01
8.297700000000000000e+04,4.800000000000000000e+01
8.302000000000000000e+04,4.300000000000000000e+01
8.306100000000000000e+04,4.100000000000000000e+01
8.311000000000000000e+04,4.900000000000000000e+01
8.315500000000000000e+04,4.500000000000000000e+01
8.320600000000000000e+04,5.100000000000000000e+01
8.323200000000000000e+04,2.600000000000000000e+01
8.327000000000000000e+04,3.800000000000000000e+01
8.330800000000000000e+04,3.800000000000000000e+01
8.334700000000000000e+04,3.900000000000000000e+01
8.337900000000000000e+04,3.200000000000000000e+01
8.344300000000000000e+04,6.400000000000000000e+01
8.348700000000000000e+04,4.400000000000000000e+01
8.354100000000000000e+04,5.400000000000000000e+01
8.357000000000000000e+04,2.900000000000000000e+01
8.363500000000000000e+04,6.500000000000000000e+01
8.366800000000000000e+04,3.300000000000000000e+01
8.371300000000000000e+04,4.500000000000000000e+01
8.374400000000000000e+04,3.100000000000000000e+01
8.379000000000000000e+04,4.600000000000000000e+01
8.381400000000000000e+04,2.400000000000000000e+01
8.391700000000000000e+04,1.030000000000000000e+02
8.394200000000000000e+04,2.500000000000000000e+01
8.398800000000000000e+04,4.600000000000000000e+01
8.401600000000000000e+04,2.800000000000000000e+01
8.405700000000000000e+04,4.100000000000000000e+01
8.412300000000000000e+04,6.600000000000000000e+01
8.416900000000000000e+04,4.600000000000000000e+01
8.423700000000000000e+04,6.800000000000000000e+01
8.424900000000000000e+04,1.200000000000000000e+01
8.430100000000000000e+04,5.200000000000000000e+01
8.432800000000000000e+04,2.700000000000000000e+01
8.436100000000000000e+04,3.300000000000000000e+01
8.441300000000000000e+04,5.200000000000000000e+01
8.444100000000000000e+04,2.800000000000000000e+01
8.446200000000000000e+04,2.100000000000000000e+01
8.454100000000000000e+04,7.900000000000000000e+01
8.456900000000000000e+04,2.800000000000000000e+01
8.461400000000000000e+04,4.500000000000000000e+01
8.464700000000000000e+04,3.300000000000000000e+01
8.469500000000000000e+04,4.800000000000000000e+01
8.474800000000000000e+04,5.300000000000000000e+01
8.477500000000000000e+04,2.700000000000000000e+01
8.481100000000000000e+04,3.600000000000000000e+01
8.490500000000000000e+04,9.400000000000000000e+01
8.493500000000000000e+04,3.000000000000000000e+01
8.495900000000000000e+04,2.400000000000000000e+01
8.499100000000000000e+04,3.200000000000000000e+01
8.506200000000000000e+04,7.100000000000000000e+01
8.510400000000000000e+04,4.200000000000000000e+01
8.516600000000000000e+04,6.200000000000000000e+01
8.524500000000000000e+04,7.900000000000000000e+01
8.527500000000000000e+04,3.000000000000000000e+01
8.535200000000000000e+04,7.700000000000000000e+01
8.540200000000000000e+04,5.000000000000000000e+01
8.542700000000000000e+04,2.500000000000000000e+01
8.546900000000000000e+04,4.200000000000000000e+01
8.549100000000000000e+04,2.200000000000000000e+01
8.553000000000000000e+04,3.900000000000000000e+01
8.557500000000000000e+04,4.500000000000000000e+01
8.559900000000000000e+04,2.400000000000000000e+01
8.565500000000000000e+04,5.600000000000000000e+01
8.572300000000000000e+04,6.800000000000000000e+01
8.576300000000000000e+04,4.000000000000000000e+01
8.583500000000000000e+04,7.200000000000000000e+01
8.586400000000000000e+04,2.900000000000000000e+01
8.589700000000000000e+04,3.300000000000000000e+01
8.595700000000000000e+04,6.000000000000000000e+01
8.604700000000000000e+04,9.000000000000000000e+01
8.612700000000000000e+04,8.000000000000000000e+01
8.616000000000000000e+04,3.300000000000000000e+01
8.629900000000000000e+04,1.390000000000000000e+02
8.632900000000000000e+04,3.000000000000000000e+01
8.639100000000000000e+04,6.200000000000000000e+01
8.644700000000000000e+04,5.600000000000000000e+01
8.649900000000000000e+04,5.200000000000000000e+01
8.652400000000000000e+04,2.500000000000000000e+01
8.658300000000000000e+04,5.900000000000000000e+01
8.662500000000000000e+04,4.200000000000000000e+01
8.665400000000000000e+04,2.900000000000000000e+01
8.668200000000000000e+04,2.800000000000000000e+01
8.673200000000000000e+04,5.000000000000000000e+01
8.678500000000000000e+04,5.300000000000000000e+01
8.683600000000000000e+04,5.100000000000000000e+01
8.689500000000000000e+04,5.900000000000000000e+01
8.693600000000000000e+04,4.100000000000000000e+01
8.698500000000000000e+04,4.900000000000000000e+01
8.709300000000000000e+04,1.080000000000000000e+02
8.715700000000000000e+04,6.400000000000000000e+01
8.718300000000000000e+04,2.600000000000000000e+01
8.721000000000000000e+04,2.700000000000000000e+01
8.725000000000000000e+04,4.000000000000000000e+01
8.731300000000000000e+04,6.300000000000000000e+01
8.737800000000000000e+04,6.500000000000000000e+01
8.741700000000000000e+04,3.900000000000000000e+01
8.745300000000000000e+04,3.600000000000000000e+01
8.748200000000000000e+04,2.900000000000000000e+01
8.752800000000000000e+04,4.600000000000000000e+01
8.757000000000000000e+04,4.200000000000000000e+01
8.759400000000000000e+04,2.400000000000000000e+01
8.764300000000000000e+04,4.900000000000000000e+01
8.766900000000000000e+04,2.600000000000000000e+01
8.769600000000000000e+04,2.700000000000000000e+01
8.771800000000000000e+04,2.200000000000000000e+01
8.774800000000000000e+04,3.000000000000000000e+01
8.778800000000000000e+04,4.000000000000000000e+01
8.782500000000000000e+04,3.700000000000000000e+01
8.788900000000000000e+04,6.400000000000000000e+01
8.793400000000000000e+04,4.500000000000000000e+01
8.795900000000000000e+04,2.500000000000000000e+01
8.801700000000000000e+04,5.800000000000000000e+01
8.808500000000000000e+04,6.800000000000000000e+01
8.814200000000000000e+04,5.700000000000000000e+01
8.816700000000000000e+04,2.500000000000000000e+01
8.825100000000000000e+04,8.400000000000000000e+01
8.827800000000000000e+04,2.700000000000000000e+01
8.835700000000000000e+04,7.900000000000000000e+01
8.838700000000000000e+04,3.000000000000000000e+01
8.841300000000000000e+04,2.600000000000000000e+01
8.848200000000000000e+04,6.900000000000000000e+01
8.851900000000000000e+04,3.700000000000000000e+01
8.857700000000000000e+04,5.800000000000000000e+01
8.862500000000000000e+04,4.800000000000000000e+01
8.867500000000000000e+04,5.000000000000000000e+01
8.870400000000000000e+04,2.900000000000000000e+01
8.874500000000000000e+04,4.100000000000000000e+01
8.876700000000000000e+04,2.200000000000000000e+01
8.882000000000000000e+04,5.300000000000000000e+01
8.891000000000000000e+04,9.000000000000000000e+01
8.896500000000000000e+04,5.500000000000000000e+01
8.900900000000000000e+04,4.400000000000000000e+01
8.903600000000000000e+04,2.700000000000000000e+01
8.910500000000000000e+04,6.900000000000000000e+01
8.914900000000000000e+04,4.400000000000000000e+01
8.919300000000000000e+04,4.400000000000000000e+01
8.921000000000000000e+04,1.700000000000000000e+01
8.923500000000000000e+04,2.500000000000000000e+01
8.928300000000000000e+04,4.800000000000000000e+01
8.933200000000000000e+04,4.900000000000000000e+01
8.936900000000000000e+04,3.700000000000000000e+01
8.939900000000000000e+04,3.000000000000000000e+01
8.944600000000000000e+04,4.700000000000000000e+01
8.949900000000000000e+04,5.300000000000000000e+01
8.955000000000000000e+04,5.100000000000000000e+01
8.959700000000000000e+04,4.700000000000000000e+01
8.966800000000000000e+04,7.100000000000000000e+01
8.970500000000000000e+04,3.700000000000000000e+01
8.975000000000000000e+04,4.500000000000000000e+01
8.980600000000000000e+04,5.600000000000000000e+01
8.985900000000000000e+04,5.300000000000000000e+01
8.990300000000000000e+04,4.400000000000000000e+01
8.994800000000000000e+04,4.500000000000000000e+01
8.998000000000000000e+04,3.200000000000000000e+01
9.004500000000000000e+04,6.500000000000000000e+01
9.009500000000000000e+04,5.000000000000000000e+01
9.014900000000000000e+04,5.400000000000000000e+01
9.020300000000000000e+04,5.400000000000000000e+01
9.025500000000000000e+04,5.200000000000000000e+01
9.031000000000000000e+04,5.500000000000000000e+01
9.035600000000000000e+04,4.600000000000000000e+01
9.038500000000000000e+04,2.900000000000000000e+01
9.044700000000000000e+04,6.200000000000000000e+01
9.054200000000000000e+04,9.500000000000000000e+01
9.058300000000000000e+04,4.100000000000000000e+01
9.062000000000000000e+04,3.700000000000000000e+01
9.065500000000000000e+04,3.500000000000000000e+01
9.071600000000000000e+04,6.100000000000000000e+01
9.077800000000000000e+04,6.200000000000000000e+01
9.084800000000000000e+04,7.000000000000000000e+01
9.091900000000000000e+04,7.100000000000000000e+01
9.098100000000000000e+04,6.200000000000000000e+01
9.103100000000000000e+04,5.000000000000000000e+01
9.111100000000000000e+04,8.000000000000000000e+01
9.113500000000000000e+04,2.400000000000000000e+01
9.118100000000000000e+04,4.600000000000000000e+01
9.121700000000000000e+04,3.600000000000000000e+01
9.127800000000000000e+04,6.100000000000000000e+01
9.134800000000000000e+04,7.000000000000000000e+01
9.138600000000000000e+04,3.800000000000000000e+01
9.140600000000000000e+04,2.000000000000000000e+01
9.144600000000000000e+04,4.000000000000000000e+01
9.148400000000000000e+04,3.800000000000000000e+01
9.152600000000000000e+04,4.200000000000000000e+01
9.155600000000000000e+04,3.000000000000000000e+01
9.160100000000000000e+04,4.500000000000000000e+01
9.164600000000000000e+04,4.500000000000000000e+01
9.168300000000000000e+04,3.700000000000000000e+01
9.174300000000000000e+04,6.000000000000000000e+01
9.182500000000000000e+04,8.200000000000000000e+01
9.188400000000000000e+04,5.900000000000000000e+01
9.193600000000000000e+04,5.200000000000000000e+01
9.198000000000000000e+04,4.400000000000000000e+01
9.201200000000000000e+04,3.200000000000000000e+01
9.204700000000000000e+04,3.500000000000000000e+01
9.207000000000000000e+04,2.300000000000000000e+01
9.211100000000000000e+04,4.100000000000000000e+01
9.214400000000000000e+04,3.300000000000000000e+01
9.219100000000000000e+04,4.700000000000000000e+01
9.222000000000000000e+04,2.900000000000000000e+01
9.225700000000000000e+04,3.700000000000000000e+01
9.229700000000000000e+04,4.000000000000000000e+01
9.236600000000000000e+04,6.900000000000000000e+01
9.241100000000000000e+04,4.500000000000000000e+01
9.246200000000000000e+04,5.100000000000000000e+01
9.250200000000000000e+04,4.000000000000000000e+01
9.255500000000000000e+04,5.300000000000000000e+01
9.258200000000000000e+04,2.700000000000000000e+01
9.261200000000000000e+04,3.000000000000000000e+01
9.264200000000000000e+04,3.000000000000000000e+01
9.270200000000000000e+04,6.000000000000000000e+01
9.272900000000000000e+04,2.700000000000000000e+01
9.276100000000000000e+04,3.200000000000000000e+01
9.279600000000000000e+04,3.500000000000000000e+01
9.283800000000000000e+04,4.200000000000000000e+01
9.294900000000000000e+04,1.110000000000000000e+02
9.301500000000000000e+04,6.600000000000000000e+01
9.306100000000000000e+04,4.600000000000000000e+01
9.311500000000000000e+04,5.400000000000000000e+01
9.317200000000000000e+04,5.700000000000000000e+01
9.321100000000000000e+04,3.900000000000000000e+01
9.331200000000000000e+04,1.010000000000000000e+02
9.335500000000000000e+04,4.300000000000000000e+01
9.340000000000000000e+04,4.500000000000000000e+01
9.344500000000000000e+04,4.500000000000000000e+01
9.348100000000000000e+04,3.600000000000000000e+01
9.350800000000000000e+04,2.700000000000000000e+01
9.353900000000000000e+04,3.100000000000000000e+01
9.359800000000000000e+04,5.900000000000000000e+01
9.367600000000000000e+04,7.800000000000000000e+01
9.370800000000000000e+04,3.200000000000000000e+01
9.379200000000000000e+04,8.400000000000000000e+01
9.388500000000000000e+04,9.300000000000000000e+01
9.391400000000000000e+04,2.900000000000000000e+01
9.395800000000000000e+04,4.400000000000000000e+01
9.400300000000000000e+04,4.500000000000000000e+01
9.408500000000000000e+04,8.200000000000000000e+01
9.413900000000000000e+04,5.400000000000000000e+01
9.420200000000000000e+04,6.300000000000000000e+01
9.424400000000000000e+04,4.200000000000000000e+01
9.427300000000000000e+04,2.900000000000000000e+01
9.429900000000000000e+04,2.600000000000000000e+01
9.432800000000000000e+04,2.900000000000000000e+01
9.435700000000000000e+04,2.900000000000000000e+01
9.442400000000000000e+04,6.700000000000000000e+01
9.446600000000000000e+04,4.200000000000000000e+01
9.453800000000000000e+04,7.200000000000000000e+01
9.459900000000000000e+04,6.100000000000000000e+01
9.464200000000000000e+04,4.300000000000000000e+01
9.467600000000000000e+04,3.400000000000000000e+01
9.472400000000000000e+04,4.800000000000000000e+01
9.482500000000000000e+04,1.010000000000000000e+02
9.491400000000000000e+04,8.900000000000000000e+01
9.498300000000000000e+04,6.900000000000000000e+01
9.502100000000000000e+04,3.800000000000000000e+01
9.507100000000000000e+04,5.000000000000000000e+01
9.509700000000000000e+04,2.600000000000000000e+01
9.514700000000000000e+04,5.000000000000000000e+01
9.520900000000000000e+04,6.200000000000000000e+01
9.523900000000000000e+04,3.000000000000000000e+01
9.528600000000000000e+04,4.700000000000000000e+01
9.533800000000000000e+04,5.200000000000000000e+01
9.541100000000000000e+04,7.300000000000000000e+01
9.546700000000000000e+04,5.600000000000000000e+01
9.550800000000000000e+04,4.100000000000000000e+01
9.552700000000000000e+04,1.900000000000000000e+01
9.556600000000000000e+04,3.900000000000000000e+01
9.561800000000000000e+04,5.200000000000000000e+01
9.565900000000000000e+04,4.100000000000000000e+01
9.567200000000000000e+04,1.300000000000000000e+01
9.569500000000000000e+04,2.300000000000000000e+01
9.573300000000000000e+04,3.800000000000000000e+01
9.577100000000000000e+04,3.800000000000000000e+01
9.582800000000000000e+04,5.700000000000000000e+01
9.588600000000000000e+04,5.800000000000000000e+01
9.592500000000000000e+04,3.900000000000000000e+01
9.596800000000000000e+04,4.300000000000000000e+01
9.599100000000000000e+04,2.300000000000000000e+01
9.604800000000000000e+04,5.700000000000000000e+01
9.607300000000000000e+04,2.500000000000000000e+01
9.613100000000000000e+04,5.800000000000000000e+01
9.618300000000000000e+04,5.200000000000000000e+01
9.624100000000000000e+04,5.800000000000000000e+01
9.632300000000000000e+04,8.200000000000000000e+01
9.641500000000000000e+04,9.200000000000000000e+01
9.644200000000000000e+04,2.700000000000000000e+01
9.646800000000000000e+04,2.600000000000000000e+01
9.650100000000000000e+04,3.300000000000000000e+01
9.653300000000000000e+04,3.200000000000000000e+01
9.659600000000000000e+04,6.300000000000000000e+01
9.665500000000000000e+04,5.900000000000000000e+01
9.669000000000000000e+04,3.500000000000000000e+01
9.672000000000000000e+04,3.000000000000000000e+01
9.677400000000000000e+04,5.400000000000000000e+01
9.682000000000000000e+04,4.600000000000000000e+01
9.689800000000000000e+04,7.800000000000000000e+01
9.696900000000000000e+04,7.100000000000000000e+01
9.704200000000000000e+04,7.300000000000000000e+01
9.709200000000000000e+04,5.000000000000000000e+01
9.714100000000000000e+04,4.900000000000000000e+01
9.717800000000000000e+04,3.700000000000000000e+01
9.722800000000000000e+04,5.000000000000000000e+01
9.727500000000000000e+04,4.700000000000000000e+01
9.733200000000000000e+04,5.700000000000000000e+01
9.737000000000000000e+04,3.800000000000000000e+01
9.742200000000000000e+04,5.200000000000000000e+01
9.746200000000000000e+04,4.000000000000000000e+01
9.752900000000000000e+04,6.700000000000000000e+01
9.758400000000000000e+04,5.500000000000000000e+01
9.763100000000000000e+04,4.700000000000000000e+01
9.767800000000000000e+04,4.700000000000000000e+01
9.771800000000000000e+04,4.000000000000000000e+01
9.776200000000000000e+04,4.400000000000000000e+01
9.780600000000000000e+04,4.400000000000000000e+01
9.787700000000000000e+04,7.100000000000000000e+01
9.791600000000000000e+04,3.900000000000000000e+01
9.794000000000000000e+04,2.400000000000000000e+01
9.801000000000000000e+04,7.000000000000000000e+01
9.806300000000000000e+04,5.300000000000000000e+01
9.814100000000000000e+04,7.800000000000000000e+01
9.822100000000000000e+04,8.000000000000000000e+01
9.826100000000000000e+04,4.000000000000000000e+01
9.832300000000000000e+04,6.200000000000000000e+01
9.837000000000000000e+04,4.700000000000000000e+01
9.842100000000000000e+04,5.100000000000000000e+01
9.847500000000000000e+04,5.400000000000000000e+01
9.851400000000000000e+04,3.900000000000000000e+01
9.856000000000000000e+04,4.600000000000000000e+01
9.858800000000000000e+04,2.800000000000000000e+01
9.864400000000000000e+04,5.600000000000000000e+01
9.870600000000000000e+04,6.200000000000000000e+01
9.874700000000000000e+04,4.100000000000000000e+01
9.878900000000000000e+04,4.200000000000000000e+01
9.885000000000000000e+04,6.100000000000000000e+01
9.887800000000000000e+04,2.800000000000000000e+01
9.894000000000000000e+04,6.200000000000000000e+01
9.897700000000000000e+04,3.700000000000000000e+01
9.903200000000000000e+04,5.500000000000000000e+01
9.905600000000000000e+04,2.400000000000000000e+01
9.911100000000000000e+04,5.500000000000000000e+01
9.915300000000000000e+04,4.200000000000000000e+01
9.918200000000000000e+04,2.900000000000000000e+01
9.922200000000000000e+04,4.000000000000000000e+01
9.927000000000000000e+04,4.800000000000000000e+01
9.930900000000000000e+04,3.900000000000000000e+01
9.935500000000000000e+04,4.600000000000000000e+01
9.940700000000000000e+04,5.200000000000000000e+01
9.943500000000000000e+04,2.800000000000000000e+01
9.946100000000000000e+04,2.600000000000000000e+01
9.950000000000000000e+04,3.900000000000000000e+01
9.952400000000000000e+04,2.400000000000000000e+01
9.954600000000000000e+04,2.200000000000000000e+01
9.957100000000000000e+04,2.500000000000000000e+01
9.959600000000000000e+04,2.500000000000000000e+01
9.964000000000000000e+04,4.400000000000000000e+01
9.968900000000000000e+04,4.900000000000000000e+01
9.971000000000000000e+04,2.100000000000000000e+01
9.975600000000000000e+04,4.600000000000000000e+01
9.979200000000000000e+04,3.600000000000000000e+01
9.984300000000000000e+04,5.100000000000000000e+01
9.989400000000000000e+04,5.100000000000000000e+01
9.991900000000000000e+04,2.500000000000000000e+01
9.995800000000000000e+04,3.900000000000000000e+01
1.000280000000000000e+05,7.000000000000000000e+01
1.000630000000000000e+05,3.500000000000000000e+01
1.001000000000000000e+05,3.700000000000000000e+01
1.001420000000000000e+05,4.200000000000000000e+01
1.002000000000000000e+05,5.800000000000000000e+01
1.002670000000000000e+05,6.700000000000000000e+01
1.003760000000000000e+05,1.090000000000000000e+02
1.004080000000000000e+05,3.200000000000000000e+01
1.004420000000000000e+05,3.400000000000000000e+01
1.005090000000000000e+05,6.700000000000000000e+01
1.005660000000000000e+05,5.700000000000000000e+01
1.006080000000000000e+05,4.200000000000000000e+01
1.006730000000000000e+05,6.500000000000000000e+01
1.007560000000000000e+05,8.300000000000000000e+01
1.007880000000000000e+05,3.200000000000000000e+01
1.008240000000000000e+05,3.600000000000000000e+01
1.008860000000000000e+05,6.200000000000000000e+01
1.009340000000000000e+05,4.800000000000000000e+01
1.009610000000000000e+05,2.700000000000000000e+01
1.010280000000000000e+05,6.700000000000000000e+01
1.010550000000000000e+05,2.700000000000000000e+01
1.011070000000000000e+05,5.200000000000000000e+01
1.011710000000000000e+05,6.400000000000000000e+01
1.012460000000000000e+05,7.500000000000000000e+01
1.013400000000000000e+05,9.400000000000000000e+01
1.014070000000000000e+05,6.700000000000000000e+01
1.014490000000000000e+05,4.200000000000000000e+01
1.015200000000000000e+05,7.100000000000000000e+01
1.015780000000000000e+05,5.800000000000000000e+01
1.016410000000000000e+05,6.300000000000000000e+01
1.016770000000000000e+05,3.600000000000000000e+01
1.017160000000000000e+05,3.900000000000000000e+01
1.017560000000000000e+05,4.000000000000000000e+01
1.017850000000000000e+05,2.900000000000000000e+01
1.018530000000000000e+05,6.800000000000000000e+01
1.019030000000000000e+05,5.000000000000000000e+01
1.019390000000000000e+05,3.600000000000000000e+01
1.019780000000000000e+05,3.900000000000000000e+01
1.020130000000000000e+05,3.500000000000000000e+01
1.020790000000000000e+05,6.600000000000000000e+01
1.021270000000000000e+05,4.800000000000000000e+01
1.021680000000000000e+05,4.100000000000000000e+01
1.022320000000000000e+05,6.400000000000000000e+01
1.022930000000000000e+05,6.100000000000000000e+01
1.023400000000000000e+05,4.700000000000000000e+01
1.023700000000000000e+05,3.000000000000000000e+01
1.024570000000000000e+05,8.700000000000000000e+01
1.024950000000000000e+05,3.800000000000000000e+01
1.025700000000000000e+05,7.500000000000000000e+01
1.026110000000000000e+05,4.100000000000000000e+01
1.026480000000000000e+05,3.700000000000000000e+01
1.027150000000000000e+05,6.700000000000000000e+01
1.027580000000000000e+05,4.300000000000000000e+01
1.027870000000000000e+05,2.900000000000000000e+01
1.028280000000000000e+05,4.100000000000000000e+01
1.029260000000000000e+05,9.800000000000000000e+01
1.029510000000000000e+05,2.500000000000000000e+01
1.030060000000000000e+05,5.500000000000000000e+01
1.030310000000000000e+05,2.500000000000000000e+01
1.030540000000000000e+05,2.300000000000000000e+01
1.031060000000000000e+05,5.200000000000000000e+01
1.031340000000000000e+05,2.800000000000000000e+01
1.031760000000000000e+05,4.200000000000000000e+01
1.032330000000000000e+05,5.700000000000000000e+01
1.032730000000000000e+05,4.000000000000000000e+01
1.033240000000000000e+05,5.100000000000000000e+01
1.033580000000000000e+05,3.400000000000000000e+01
1.033820000000000000e+05,2.400000000000000000e+01
1.034470000000000000e+05,6.500000000000000000e+01
1.034870000000000000e+05,4.000000000000000000e+01
1.035630000000000000e+05,7.600000000000000000e+01
1.036240000000000000e+05,6.100000000000000000e+01
1.036490000000000000e+05,2.500000000000000000e+01
1.036900000000000000e+05,4.100000000000000000e+01
1.037120000000000000e+05,2.200000000000000000e+01
1.037690000000000000e+05,5.700000000000000000e+01
1.038050000000000000e+05,3.600000000000000000e+01
1.038620000000000000e+05,5.700000000000000000e+01
1.039060000000000000e+05,4.400000000000000000e+01
1.039640000000000000e+05,5.800000000000000000e+01
1.040010000000000000e+05,3.700000000000000000e+01
1.040550000000000000e+05,5.400000000000000000e+01
1.041160000000000000e+05,6.100000000000000000e+01
1.041510000000000000e+05,3.500000000000000000e+01
1.042000000000000000e+05,4.900000000000000000e+01
1.042330000000000000e+05,3.300000000000000000e+01
1.042800000000000000e+05,4.700000000000000000e+01
1.043350000000000000e+05,5.500000000000000000e+01
1.044160000000000000e+05,8.100000000000000000e+01
1.044520000000000000e+05,3.600000000000000000e+01
1.045070000000000000e+05,5.500000000000000000e+01
1.045550000000000000e+05,4.800000000000000000e+01
1.045890000000000000e+05,3.400000000000000000e+01
1.046550000000000000e+05,6.600000000000000000e+01
1.047000000000000000e+05,4.500000000000000000e+01
1.047390000000000000e+05,3.900000000000000000e+01
1.048050000000000000e+05,6.600000000000000000e+01
1.048560000000000000e+05,5.100000000000000000e+01
1.048820000000000000e+05,2.600000000000000000e+01
1.049630000000000000e+05,8.100000000000000000e+01
1.050030000000000000e+05,4.000000000000000000e+01
1.050800000000000000e+05,7.700000000000000000e+01
1.051480000000000000e+05,6.800000000000000000e+01
1.051760000000000000e+05,2.800000000000000000e+01
1.052250000000000000e+05,4.900000000000000000e+01
1.052600000000000000e+05,3.500000000000000000e+01
1.053050000000000000e+05,4.500000000000000000e+01
1.053570000000000000e+05,5.200000000000000000e+01
1.054040000000000000e+05,4.700000000000000000e+01
1.054290000000000000e+05,2.500000000000000000e+01
1.055030000000000000e+05,7.400000000000000000e+01
1.055760000000000000e+05,7.300000000000000000e+01
1.056220000000000000e+05,4.600000000000000000e+01
1.056690000000000000e+05,4.700000000000000000e+01
1.057210000000000000e+05,5.200000000000000000e+01
1.057540000000000000e+05,3.300000000000000000e+01
1.057840000000000000e+05,3.000000000000000000e+01
1.058260000000000000e+05,4.200000000000000000e+01
1.058470000000000000e+05,2.100000000000000000e+01
1.058870000000000000e+05,4.000000000000000000e+01
1.059270000000000000e+05,4.000000000000000000e+01
1.059600000000000000e+05,3.300000000000000000e+01
1.059890000000000000e+05,2.900000000000000000e+01
1.060270000000000000e+05,3.800000000000000000e+01
1.060830000000000000e+05,5.600000000000000000e+01
1.061490000000000000e+05,6.600000000000000000e+01
1.062220000000000000e+05,7.300000000000000000e+01
1.062950000000000000e+05,7.300000000000000000e+01
1.063240000000000000e+05,2.900000000000000000e+01
1.063760000000000000e+05,5.200000000000000000e+01
1.064260000000000000e+05,5.000000000000000000e+01
1.064540000000000000e+05,2.800000000000000000e+01
1.065610000000000000e+05,1.070000000000000000e+02
1.065880000000000000e+05,2.700000000000000000e+01
1.066280000000000000e+05,4.000000000000000000e+01
1.066840000000000000e+05,5.600000000000000000e+01
1.067330000000000000e+05,4.900000000000000000e+01
1.068100000000000000e+05,7.700000000000000000e+01
1.068770000000000000e+05,6.700000000000000000e+01
1.069340000000000000e+05,5.700000000000000000e+01
1.069590000000000000e+05,2.500000000000000000e+01
1.069980000000000000e+05,3.900000000000000000e+01
1.070480000000000000e+05,5.000000000000000000e+01
1.070980000000000000e+05,5.000000000000000000e+01
1.071440000000000000e+05,4.600000000000000000e+01
1.071750000000000000e+05,3.100000000000000000e+01
1.072160000000000000e+05,4.100000000000000000e+01
1.072530000000000000e+05,3.700000000000000000e+01
1.072840000000000000e+05,3.100000000000000000e+01
1.073500000000000000e+05,6.600000000000000000e+01
1.073950000000000000e+05,4.500000000000000000e+01
1.074520000000000000e+05,5.700000000000000000e+01
1.075020000000000000e+05,5.000000000000000000e+01
1.075700000000000000e+05,6.800000000000000000e+01
1.076430000000000000e+05,7.300000000000000000e+01
1.076890000000000000e+05,4.600000000000000000e+01
1.077370000000000000e+05,4.800000000000000000e+01
1.078040000000000000e+05,6.700000000000000000e+01
1.078620000000000000e+05,5.800000000000000000e+01
1.079070000000000000e+05,4.500000000000000000e+01
1.079490000000000000e+05,4.200000000000000000e+01
1.079910000000000000e+05,4.200000000000000000e+01
1.080280000000000000e+05,3.700000000000000000e+01
1.080690000000000000e+05,4.100000000000000000e+01
1.081170000000000000e+05,4.800000000000000000e+01
1.081610000000000000e+05,4.400000000000000000e+01
1.082110000000000000e+05,5.000000000000000000e+01
1.082560000000000000e+05,4.500000000000000000e+01
1.082950000000000000e+05,3.900000000000000000e+01
1.083270000000000000e+05,3.200000000000000000e+01
1.083550000000000000e+05,2.800000000000000000e+01
1.084300000000000000e+05,7.500000000000000000e+01
1.085080000000000000e+05,7.800000000000000000e+01
1.085430000000000000e+05,3.500000000000000000e+01
1.085950000000000000e+05,5.200000000000000000e+01
1.086730000000000000e+05,7.800000000000000000e+01
1.087290000000000000e+05,5.600000000000000000e+01
1.087650000000000000e+05,3.600000000000000000e+01
1.088010000000000000e+05,3.600000000000000000e+01
1.088440000000000000e+05,4.300000000000000000e+01
1.089000000000000000e+05,5.600000000000000000e+01
1.089340000000000000e+05,3.400000000000000000e+01
1.089900000000000000e+05,5.600000000000000000e+01
1.090100000000000000e+05,2.000000000000000000e+01
1.090690000000000000e+05,5.900000000000000000e+01
1.091000000000000000e+05,3.100000000000000000e+01
1.091700000000000000e+05,7.000000000000000000e+01
1.091920000000000000e+05,2.200000000000000000e+01
1.092760000000000000e+05,8.400000000000000000e+01
1.093050000000000000e+05,2.900000000000000000e+01
1.093420000000000000e+05,3.700000000000000000e+01
1.093740000000000000e+05,3.200000000000000000e+01
1.094370000000000000e+05,6.300000000000000000e+01
1.094880000000000000e+05,5.100000000000000000e+01
1.095370000000000000e+05,4.900000000000000000e+01
1.095790000000000000e+05,4.200000000000000000e+01
1.096310000000000000e+05,5.200000000000000000e+01
1.096720000000000000e+05,4.100000000000000000e+01
1.097130000000000000e+05,4.100000000000000000e+01
1.097690000000000000e+05,5.600000000000000000e+01
1.098010000000000000e+05,3.200000000000000000e+01
1.098530000000000000e+05,5.200000000000000000e+01
1.099200000000000000e+05,6.700000000000000000e+01
1.099700000000000000e+05,5.000000000000000000e+01
1.099950000000000000e+05,2.500000000000000000e+01
1.100290000000000000e+05,3.400000000000000000e+01
1.100530000000000000e+05,2.400000000000000000e+01
1.100980000000000000e+05,4.500000000000000000e+01
1.101290000000000000e+05,3.100000000000000000e+01
1.101570000000000000e+05,2.800000000000000000e+01
1.102050000000000000e+05,4.800000000000000000e+01
1.102860000000000000e+05,8.100000000000000000e+01
1.103270000000000000e+05,4.100000000000000000e+01
1.103530000000000000e+05,2.600000000000000000e+01
1.104110000000000000e+05,5.800000000000000000e+01
1.104600000000000000e+05,4.900000000000000000e+01
1.104870000000000000e+05,2.700000000000000000e+01
1.105130000000000000e+05,2.600000000000000000e+01
1.105240000000000000e+05,1.100000000000000000e+01
1.105490000000000000e+05,2.500000000000000000e+01
1.105860000000000000e+05,3.700000000000000000e+01
1.106780000000000000e+05,9.200000000000000000e+01
1.107520000000000000e+05,7.400000000000000000e+01
1.107950000000000000e+05,4.300000000000000000e+01
1.108180000000000000e+05,2.300000000000000000e+01
1.108480000000000000e+05,3.000000000000000000e+01
1.108800000000000000e+05,3.200000000000000000e+01
1.109240000000000000e+05,4.400000000000000000e+01
1.109720000000000000e+05,4.800000000000000000e+01
1.110200000000000000e+05,4.800000000000000000e+01
1.110600000000000000e+05,4.000000000000000000e+01
1.111270000000000000e+05,6.700000000000000000e+01
1.111840000000000000e+05,5.700000000000000000e+01
1.112500000000000000e+05,6.600000000000000000e+01
1.113410000000000000e+05,9.100000000000000000e+01
1.113680000000000000e+05,2.700000000000000000e+01
1.114160000000000000e+05,4.800000000000000000e+01
1.114650000000000000e+05,4.900000000000000000e+01
1.115210000000000000e+05,5.600000000000000000e+01
1.115590000000000000e+05,3.800000000000000000e+01
1.115830000000000000e+05,2.400000000000000000e+01
1.116180000000000000e+05,3.500000000000000000e+01
1.116610000000000000e+05,4.300000000000000000e+01
1.117090000000000000e+05,4.800000000000000000e+01
1.117380000000000000e+05,2.900000000000000000e+01
1.117740000000000000e+05,3.600000000000000000e+01
1.118040000000000000e+05,3.000000000000000000e+01
1.118500000000000000e+05,4.600000000000000000e+01
1.118970000000000000e+05,4.700000000000000000e+01
1.119520000000000000e+05,5.500000000000000000e+01
1.120040000000000000e+05,5.200000000000000000e+01
1.120540000000000000e+05,5.000000000000000000e+01
1.120940000000000000e+05,4.000000000000000000e+01
1.121200000000000000e+05,2.600000000000000000e+01
1.122070000000000000e+05,8.700000000000000000e+01
1.122410000000000000e+05,3.400000000000000000e+01
1.122750000000000000e+05,3.400000000000000000e+01
1.123270000000000000e+05,5.200000000000000000e+01
1.123930000000000000e+05,6.600000000000000000e+01
1.124380000000000000e+05,4.500000000000000000e+01
1.124670000000000000e+05,2.900000000000000000e+01
1.125330000000000000e+05,6.600000000000000000e+01
1.125980000000000000e+05,6.500000000000000000e+01
1.126440000000000000e+05,4.600000000000000000e+01
1.126710000000000000e+05,2.700000000000000000e+01
1.127170000000000000e+05,4.600000000000000000e+01
1.127510000000000000e+05,3.400000000000000000e+01
1.128400000000000000e+05,8.900000000000000000e+01
1.128770000000000000e+05,3.700000000000000000e+01
1.129050000000000000e+05,2.800000000000000000e+01
1.129570000000000000e+05,5.200000000000000000e+01
1.129920000000000000e+05,3.500000000000000000e+01
1.130290000000000000e+05,3.700000000000000000e+01
1.130680000000000000e+05,3.900000000000000000e+01
1.131130000000000000e+05,4.500000000000000000e+01
1.131650000000000000e+05,5.200000000000000000e+01
1.131970000000000000e+05,3.200000000000000000e+01
1.132450000000000000e+05,4.800000000000000000e+01
1.132850000000000000e+05,4.000000000000000000e+01
1.133550000000000000e+05,7.000000000000000000e+01
1.133990000000000000e+05,4.400000000000000000e+01
1.134870000000000000e+05,8.800000000000000000e+01
1.135400000000000000e+05,5.300000000000000000e+01
1.136140000000000000e+05,7.400000000000000000e+01
1.136470000000000000e+05,3.300000000000000000e+01
1.136730000000000000e+05,2.600000000000000000e+01
1.137360000000000000e+05,6.300000000000000000e+01
1.137810000000000000e+05,4.500000000000000000e+01
1.138520000000000000e+05,7.100000000000000000e+01
1.138970000000000000e+05,4.500000000000000000e+01
1.139330000000000000e+05,3.600000000000000000e+01
1.140070000000000000e+05,7.400000000000000000e+01
1.140560000000000000e+05,4.900000000000000000e+01
1.141050000000000000e+05,4.900000000000000000e+01
1.141690000000000000e+05,6.400000000000000000e+01
1.142110000000000000e+05,4.200000000000000000e+01
1.142500000000000000e+05,3.900000000000000000e+01
1.143030000000000000e+05,5.300000000000000000e+01
1.143150000000000000e+05,1.200000000000000000e+01
1.143510000000000000e+05,3.600000000000000000e+01
1.144050000000000000e+05,5.400000000000000000e+01
1.145060000000000000e+05,1.010000000000000000e+02
1.145650000000000000e+05,5.900000000000000000e+01
1.146160000000000000e+05,5.100000000000000000e+01
1.146540000000000000e+05,3.800000000000000000e+01
1.147090000000000000e+05,5.500000000000000000e+01
1.147370000000000000e+05,2.800000000000000000e+01
1.147750000000000000e+05,3.800000000000000000e+01
1.148470000000000000e+05,7.200000000000000000e+01
1.149250000000000000e+05,7.800000000000000000e+01
1.149620000000000000e+05,3.700000000000000000e+01
1.150160000000000000e+05,5.400000000000000000e+01
1.150660000000000000e+05,5.000000000000000000e+01
1.150920000000000000e+05,2.600000000000000000e+01
1.151370000000000000e+05,4.500000000000000000e+01
1.151920000000000000e+05,5.500000000000000000e+01
1.152610000000000000e+05,6.900000000000000000e+01
1.153000000000000000e+05,3.900000000000000000e+01
1.153500000000000000e+05,5.000000000000000000e+01
1.153980000000000000e+05,4.800000000000000000e+01
1.154260000000000000e+05,2.800000000000000000e+01
1.155090000000000000e+05,8.300000000000000000e+01
1.155670000000000000e+05,5.800000000000000000e+01
1.156280000000000000e+05,6.100000000000000000e+01
1.156700000000000000e+05,4.200000000000000000e+01
1.157330000000000000e+05,6.300000000000000000e+01
1.157800000000000000e+05,4.700000000000000000e+01
1.158250000000000000e+05,4.500000000000000000e+01
1.158600000000000000e+05,3.500000000000000000e+01
1.159060000000000000e+05,4.600000000000000000e+01
1.159560000000000000e+05,5.000000000000000000e+01
1.159980000000000000e+05,4.200000000000000000e+01
1.160500000000000000e+05,5.200000000000000000e+01
1.160910000000000000e+05,4.100000000000000000e+01
1.161320000000000000e+05,4.100000000000000000e+01
1.161690000000000000e+05,3.700000000000000000e+01
1.161920000000000000e+05,2.300000000000000000e+01
1.162320000000000000e+05,4.000000000000000000e+01
1.162660000000000000e+05,3.400000000000000000e+01
1.163090000000000000e+05,4.300000000000000000e+01
1.163600000000000000e+05,5.100000000000000000e+01
1.163840000000000000e+05,2.400000000000000000e+01
1.164280000000000000e+05,4.400000000000000000e+01
1.164970000000000000e+05,6.900000000000000000e+01
1.165470000000000000e+05,5.000000000000000000e+01
1.165880000000000000e+05,4.100000000000000000e+01
1.166340000000000000e+05,4.600000000000000000e+01
1.167230000000000000e+05,8.900000000000000000e+01
1.167510000000000000e+05,2.800000000000000000e+01
1.168080000000000000e+05,5.700000000000000000e+01
1.168440000000000000e+05,3.600000000000000000e+01
1.168730000000000000e+05,2.900000000000000000e+01
1.169330000000000000e+05,6.000000000000000000e+01
1.169910000000000000e+05,5.800000000000000000e+01
1.170460000000000000e+05,5.500000000000000000e+01
1.170800000000000000e+05,3.400000000000000000e+01
1.171370000000000000e+05,5.700000000000000000e+01
1.171700000000000000e+05,3.300000000000000000e+01
1.172250000000000000e+05,5.500000000000000000e+01
1.172790000000000000e+05,5.400000000000000000e+01
1.173340000000000000e+05,5.500000000000000000e+01
1.173730000000000000e+05,3.900000000000000000e+01
1.174050000000000000e+05,3.200000000000000000e+01
1.174530000000000000e+05,4.800000000000000000e+01
1.174930000000000000e+05,4.000000000000000000e+01
1.175350000000000000e+05,4.200000000000000000e+01
1.175630000000000000e+05,2.800000000000000000e+01
1.175970000000000000e+05,3.400000000000000000e+01
1.176830000000000000e+05,8.600000000000000000e+01
1.177240000000000000e+05,4.100000000000000000e+01
1.177740000000000000e+05,5.000000000000000000e+01
1.178120000000000000e+05,3.800000000000000000e+01
1.178380000000000000e+05,2.600000000000000000e+01
1.178850000000000000e+05,4.700000000000000000e+01
1.179440000000000000e+05,5.900000000000000000e+01
1.179870000000000000e+05,4.300000000000000000e+01
1.180130000000000000e+05,2.600000000000000000e+01
1.180590000000000000e+05,4.600000000000000000e+01
1.181270000000000000e+05,6.800000000000000000e+01
1.181630000000000000e+05,3.600000000000000000e+01
1.182030000000000000e+05,4.000000000000000000e+01
1.182450000000000000e+05,4.200000000000000000e+01
1.182690000000000000e+05,2.400000000000000000e+01
1.183210000000000000e+05,5.200000000000000000e+01
1.183860000000000000e+05,6.500000000000000000e+01
1.184390000000000000e+05,5.300000000000000000e+01
1.184890000000000000e+05,5.000000000000000000e+01
1.185510000000000000e+05,6.200000000000000000e+01
1.185860000000000000e+05,3.500000000000000000e+01
1.186140000000000000e+05,2.800000000000000000e+01
1.186630000000000000e+05,4.900000000000000000e+01
1.187080000000000000e+05,4.500000000000000000e+01
1.187470000000000000e+05,3.900000000000000000e+01
1.187910000000000000e+05,4.400000000000000000e+01
1.188150000000000000e+05,2.400000000000000000e+01
1.188530000000000000e+05,3.800000000000000000e+01
1.188990000000000000e+05,4.600000000000000000e+01
1.189500000000000000e+05,5.100000000000000000e+01
1.189990000000000000e+05,4.900000000000000000e+01
1.190250000000000000e+05,2.600000000000000000e+01
1.190610000000000000e+05,3.600000000000000000e+01
1.191000000000000000e+05,3.900000000000000000e+01
1.191570000000000000e+05,5.700000000000000000e+01
1.191790000000000000e+05,2.200000000000000000e+01
1.192150000000000000e+05,3.600000000000000000e+01
1.192520000000000000e+05,3.700000000000000000e+01
1.192860000000000000e+05,3.400000000000000000e+01
1.193320000000000000e+05,4.600000000000000000e+01
1.193870000000000000e+05,5.500000000000000000e+01
1.194480000000000000e+05,6.100000000000000000e+01
1.194830000000000000e+05,3.500000000000000000e+01
1.195240000000000000e+05,4.100000000000000000e+01
1.195470000000000000e+05,2.300000000000000000e+01
1.195910000000000000e+05,4.400000000000000000e+01
1.196230000000000000e+05,3.200000000000000000e+01
1.196510000000000000e+05,2.800000000000000000e+01
1.196960000000000000e+05,4.500000000000000000e+01
1.197330000000000000e+05,3.700000000000000000e+01
1.197900000000000000e+05,5.700000000000000000e+01
1.198180000000000000e+05,2.800000000000000000e+01
1.199070000000000000e+05,8.900000000000000000e+01
1.199390000000000000e+05,3.200000000000000000e+01
1.199710000000000000e+05,3.200000000000000000e+01
1.200180000000000000e+05,4.700000000000000000e+01
1.200870000000000000e+05,6.900000000000000000e+01
1.201510000000000000e+05,6.400000000000000000e+01
1.201900000000000000e+05,3.900000000000000000e+01
1.202310000000000000e+05,4.100000000000000000e+01
1.202670000000000000e+05,3.600000000000000000e+01
1.203350000000000000e+05,6.800000000000000000e+01
1.203870000000000000e+05,5.200000000000000000e+01
1.204090000000000000e+05,2.200000000000000000e+01
1.204490000000000000e+05,4.000000000000000000e+01
1.204780000000000000e+05,2.900000000000000000e+01
1.205250000000000000e+05,4.700000000000000000e+01
1.205870000000000000e+05,6.200000000000000000e+01
1.206140000000000000e+05,2.700000000000000000e+01
1.206630000000000000e+05,4.900000000000000000e+01
1.206840000000000000e+05,2.100000000000000000e+01
1.207210000000000000e+05,3.700000000000000000e+01
1.207690000000000000e+05,4.800000000000000000e+01
1.208090000000000000e+05,4.000000000000000000e+01
1.208400000000000000e+05,3.100000000000000000e+01
1.208760000000000000e+05,3.600000000000000000e+01
1.209200000000000000e+05,4.400000000000000000e+01
1.209680000000000000e+05,4.800000000000000000e+01
1.210300000000000000e+05,6.200000000000000000e+01
1.210690000000000000e+05,3.900000000000000000e+01
1.211430000000000000e+05,7.400000000000000000e+01
1.211800000000000000e+05,3.700000000000000000e+01
1.212170000000000000e+05,3.700000000000000000e+01
1.212820000000000000e+05,6.500000000000000000e+01
1.213200000000000000e+05,3.800000000000000000e+01
1.213760000000000000e+05,5.600000000000000000e+01
1.214230000000000000e+05,4.700000000000000000e+01
1.214590000000000000e+05,3.600000000000000000e+01
1.215450000000000000e+05,8.600000000000000000e+01
1.215860000000000000e+05,4.100000000000000000e+01
1.216520000000000000e+05,6.600000000000000000e+01
1.217130000000000000e+05,6.100000000000000000e+01
1.217690000000000000e+05,5.600000000000000000e+01
1.218310000000000000e+05,6.200000000000000000e+01
1.218690000000000000e+05,3.800000000000000000e+01
1.219050000000000000e+05,3.600000000000000000e+01
1.219380000000000000e+05,3.300000000000000000e+01
1.220070000000000000e+05,6.900000000000000000e+01
1.220450000000000000e+05,3.800000000000000000e+01
1.220980000000000000e+05,5.300000000000000000e+01
1.221160000000000000e+05,1.800000000000000000e+01
1.221720000000000000e+05,5.600000000000000000e+01
1.222300000000000000e+05,5.800000000000000000e+01
1.222730000000000000e+05,4.300000000000000000e+01
1.223160000000000000e+05,4.300000000000000000e+01
1.223560000000000000e+05,4.000000000000000000e+01
1.224000000000000000e+05,4.400000000000000000e+01
1.224590000000000000e+05,5.900000000000000000e+01
1.224930000000000000e+05,3.400000000000000000e+01
1.225290000000000000e+05,3.600000000000000000e+01
1.225650000000000000e+05,3.600000000000000000e+01
1.226220000000000000e+05,5.700000000000000000e+01
1.226850000000000000e+05,6.300000000000000000e+01
1.227460000000000000e+05,6.100000000000000000e+01
1.227900000000000000e+05,4.400000000000000000e+01
1.228200000000000000e+05,3.000000000000000000e+01
1.228960000000000000e+05,7.600000000000000000e+01
1.229100000000000000e+05,1.400000000000000000e+01
1.229480000000000000e+05,3.800000000000000000e+01
1.229960000000000000e+05,4.800000000000000000e+01
1.230370000000000000e+05,4.100000000000000000e+01
1.230660000000000000e+05,2.900000000000000000e+01
1.231010000000000000e+05,3.500000000000000000e+01
1.231780000000000000e+05,7.700000000000000000e+01
1.232130000000000000e+05,3.500000000000000000e+01
1.232460000000000000e+05,3.300000000000000000e+01
1.232820000000000000e+05,3.600000000000000000e+01
1.233280000000000000e+05,4.600000000000000000e+01
1.234020000000000000e+05,7.400000000000000000e+01
1.234340000000000000e+05,3.200000000000000000e+01
1.235030000000000000e+05,6.900000000000000000e+01
1.235140000000000000e+05,1.100000000000000000e+01
1.235800000000000000e+05,6.600000000000000000e+01
1.236360000000000000e+05,5.600000000000000000e+01
1.236910000000000000e+05,5.500000000000000000e+01
1.237310000000000000e+05,4.000000000000000000e+01
1.237730000000000000e+05,4.200000000000000000e+01
1.238180000000000000e+05,4.500000000000000000e+01
1.238590000000000000e+05,4.100000000000000000e+01
1.239110000000000000e+05,5.200000000000000000e+01
1.239630000000000000e+05,5.200000000000000000e+01
1.239910000000000000e+05,2.800000000000000000e+01
1.240200000000000000e+05,2.900000000000000000e+01
1.240540000000000000e+05,3.400000000000000000e+01
1.240800000000000000e+05,2.600000000000000000e+01
1.241250000000000000e+05,4.500000000000000000e+01
1.241850000000000000e+05,6.000000000000000000e+01
1.242380000000000000e+05,5.300000000000000000e+01
1.242940000000000000e+05,5.600000000000000000e+01
1.243390000000000000e+05,4.500000000000000000e+01
1.243730000000000000e+05,3.400000000000000000e+01
1.244250000000000000e+05,5.200000000000000000e+01
1.244820000000000000e+05,5.700000000000000000e+01
1.245280000000000000e+05,4.600000000000000000e+01
1.245590000000000000e+05,3.100000000000000000e+01
1.246360000000000000e+05,7.700000000000000000e+01
1.246820000000000000e+05,4.600000000000000000e+01
1.247310000000000000e+05,4.900000000000000000e+01
1.248270000000000000e+05,9.600000000000000000e+01
1.248530000000000000e+05,2.600000000000000000e+01
1.248900000000000000e+05,3.700000000000000000e+01
1.249150000000000000e+05,2.500000000000000000e+01
1.249770000000000000e+05,6.200000000000000000e+01
1.250170000000000000e+05,4.000000000000000000e+01
1.250340000000000000e+05,1.700000000000000000e+01
1.250970000000000000e+05,6.300000000000000000e+01
1.251340000000000000e+05,3.700000000000000000e+01
1.251880000000000000e+05,5.400000000000000000e+01
1.252640000000000000e+05,7.600000000000000000e+01
1.253290000000000000e+05,6.500000000000000000e+01
1.253630000000000000e+05,3.400000000000000000e+01
1.254090000000000000e+05,4.600000000000000000e+01
1.254360000000000000e+05,2.700000000000000000e+01
1.254730000000000000e+05,3.700000000000000000e+01
1.255240000000000000e+05,5.100000000000000000e+01
1.255630000000000000e+05,3.900000000000000000e+01
1.256130000000000000e+05,5.000000000000000000e+01
1.256650000000000000e+05,5.200000000000000000e+01
1.257220000000000000e+05,5.700000000000000000e+01
1.257730000000000000e+05,5.100000000000000000e+01
1.257950000000000000e+05,2.200000000000000000e+01
1.258440000000000000e+05,4.900000000000000000e+01
1.258900000000000000e+05,4.600000000000000000e+01
1.259470000000000000e+05,5.700000000000000000e+01
1.259890000000000000e+05,4.200000000000000000e+01
1.260300000000000000e+05,4.100000000000000000e+01
1.260780000000000000e+05,4.800000000000000000e+01
1.261190000000000000e+05,4.100000000000000000e+01
1.261560000000000000e+05,3.700000000000000000e+01
1.262530000000000000e+05,9.700000000000000000e+01
1.263230000000000000e+05,7.000000000000000000e+01
1.263600000000000000e+05,3.700000000000000000e+01
1.264110000000000000e+05,5.100000000000000000e+01
1.264530000000000000e+05,4.200000000000000000e+01
1.264960000000000000e+05,4.300000000000000000e+01
1.265530000000000000e+05,5.700000000000000000e+01
1.265920000000000000e+05,3.900000000000000000e+01
1.266610000000000000e+05,6.900000000000000000e+01
1.266950000000000000e+05,3.400000000000000000e+01
1.267500000000000000e+05,5.500000000000000000e+01
1.268050000000000000e+05,5.500000000000000000e+01
1.268580000000000000e+05,5.300000000000000000e+01
1.268960000000000000e+05,3.800000000000000000e+01
1.269190000000000000e+05,2.300000000000000000e+01
1.269770000000000000e+05,5.800000000000000000e+01
1.270570000000000000e+05,8.000000000000000000e+01
1.270900000000000000e+05,3.300000000000000000e+01
1.271410000000000000e+05,5.100000000000000000e+01
1.271680000000000000e+05,2.700000000000000000e+01
1.271950000000000000e+05,2.700000000000000000e+01
1.272430000000000000e+05,4.800000000000000000e+01
1.272830000000000000e+05,4.000000000000000000e+01
1.273490000000000000e+05,6.600000000000000000e+01
1.273710000000000000e+05,2.200000000000000000e+01
1.274280000000000000e+05,5.700000000000000000e+01
1.275050000000000000e+05,7.700000000000000000e+01
1.275650000000000000e+05,6.000000000000000000e+01
1.276130000000000000e+05,4.800000000000000000e+01
1.276510000000000000e+05,3.800000000000000000e+01
1.277230000000000000e+05,7.200000000000000000e+01
1.277470000000000000e+05,2.400000000000000000e+01
1.277900000000000000e+05,4.300000000000000000e+01
1.278790000000000000e+05,8.900000000000000000e+01
1.279160000000000000e+05,3.700000000000000000e+01
1.279820000000000000e+05,6.600000000000000000e+01
1.280430000000000000e+05,6.100000000000000000e+01
1.280780000000000000e+05,3.500000000000000000e+01
1.281490000000000000e+05,7.100000000000000000e+01
1.281970000000000000e+05,4.800000000000000000e+01
1.282630000000000000e+05,6.600000000000000000e+01
1.283110000000000000e+05,4.800000000000000000e+01
1.283510000000000000e+05,4.000000000000000000e+01
1.284010000000000000e+05,5.000000000000000000e+01
1.284820000000000000e+05,8.100000000000000000e+01
1.285070000000000000e+05,2.500000000000000000e+01
1.285420000000000000e+05,3.500000000000000000e+01
1.285920000000000000e+05,5.000000000000000000e+01
1.286130000000000000e+05,2.100000000000000000e+01
1.286650000000000000e+05,5.200000000000000000e+01
1.287000000000000000e+05,3.500000000000000000e+01
1.287590000000000000e+05,5.900000000000000000e+01
1.288410000000000000e+05,8.200000000000000000e+01
1.289120000000000000e+05,7.100000000000000000e+01
1.289360000000000000e+05,2.400000000000000000e+01
1.289730000000000000e+05,3.700000000000000000e+01
1.290170000000000000e+05,4.400000000000000000e+01
1.290430000000000000e+05,2.600000000000000000e+01
1.290850000000000000e+05,4.200000000000000000e+01
1.291240000000000000e+05,3.900000000000000000e+01
1.291660000000000000e+05,4.200000000000000000e+01
1.292110000000000000e+05,4.500000000000000000e+01
1.292500000000000000e+05,3.900000000000000000e+01
1.292960000000000000e+05,4.600000000000000000e+01
1.293410000000000000e+05,4.500000000000000000e+01
1.293770000000000000e+05,3.600000000000000000e+01
1.294180000000000000e+05,4.100000000000000000e+01
1.294620000000000000e+05,4.400000000000000000e+01
1.294980000000000000e+05,3.600000000000000000e+01
1.295330000000000000e+05,3.500000000000000000e+01
1.295620000000000000e+05,2.900000000000000000e+01
1.295900000000000000e+05,2.800000000000000000e+01
1.296410000000000000e+05,5.100000000000000000e+01
1.296800000000000000e+05,3.900000000000000000e+01
1.297360000000000000e+05,5.600000000000000000e+01
1.298000000000000000e+05,6.400000000000000000e+01
1.298860000000000000e+05,8.600000000000000000e+01
1.299400000000000000e+05,5.400000000000000000e+01
1.299720000000000000e+05,3.200000000000000000e+01
1.300400000000000000e+05,6.800000000000000000e+01
1.301100000000000000e+05,7.000000000000000000e+01
1.301580000000000000e+05,4.800000000000000000e+01
1.302000000000000000e+05,4.200000000000000000e+01
1.302330000000000000e+05,3.300000000000000000e+01
1.302690000000000000e+05,3.600000000000000000e+01
1.303220000000000000e+05,5.300000000000000000e+01
1.303850000000000000e+05,6.300000000000000000e+01
1.304190000000000000e+05,3.400000000000000000e+01
1.304530000000000000e+05,3.400000000000000000e+01
1.305260000000000000e+05,7.300000000000000000e+01
1.305700000000000000e+05,4.400000000000000000e+01
1.306060000000000000e+05,3.600000000000000000e+01
1.306450000000000000e+05,3.900000000000000000e+01
1.306940000000000000e+05,4.900000000000000000e+01
1.307350000000000000e+05,4.100000000000000000e+01
1.307980000000000000e+05,6.300000000000000000e+01
1.308510000000000000e+05,5.300000000000000000e+01
1.309200000000000000e+05,6.900000000000000000e+01
1.309520000000000000e+05,3.200000000000000000e+01
1.309900000000000000e+05,3.800000000000000000e+01
1.310180000000000000e+05,2.800000000000000000e+01
1.310560000000000000e+05,3.800000000000000000e+01
1.311220000000000000e+05,6.600000000000000000e+01
1.311670000000000000e+05,4.500000000000000000e+01
1.312020000000000000e+05,3.500000000000000000e+01
1.312390000000000000e+05,3.700000000000000000e+01
1.312850000000000000e+05,4.600000000000000000e+01
1.313190000000000000e+05,3.400000000000000000e+01
1.313600000000000000e+05,4.100000000000000000e+01
1.314100000000000000e+05,5.000000000000000000e+01
1.314960000000000000e+05,8.600000000000000000e+01
1.315460000000000000e+05,5.000000000000000000e+01
1.315910000000000000e+05,4.500000000000000000e+01
1.316150000000000000e+05,2.400000000000000000e+01
1.316470000000000000e+05,3.200000000000000000e+01
1.316850000000000000e+05,3.800000000000000000e+01
1.317460000000000000e+05,6.100000000000000000e+01
1.317710000000000000e+05,2.500000000000000000e+01
1.318220000000000000e+05,5.100000000000000000e+01
1.318620000000000000e+05,4.000000000000000000e+01
1.319010000000000000e+05,3.900000000000000000e+01
1.319480000000000000e+05,4.700000000000000000e+01
1.319980000000000000e+05,5.000000000000000000e+01
1.320400000000000000e+05,4.200000000000000000e+01
1.320960000000000000e+05,5.600000000000000000e+01
1.321080000000000000e+05,1.200000000000000000e+01
1.321880000000000000e+05,8.000000000000000000e+01
1.322390000000000000e+05,5.100000000000000000e+01
1.322780000000000000e+05,3.900000000000000000e+01
1.323210000000000000e+05,4.300000000000000000e+01
1.323530000000000000e+05,3.200000000000000000e+01
1.324020000000000000e+05,4.900000000000000000e+01
1.324420000000000000e+05,4.000000000000000000e+01
1.325300000000000000e+05,8.800000000000000000e+01
1.325620000000000000e+05,3.200000000000000000e+01
1.326040000000000000e+05,4.200000000000000000e+01
1.326660000000000000e+05,6.200000000000000000e+01
1.327010000000000000e+05,3.500000000000000000e+01
1.327480000000000000e+05,4.700000000000000000e+01
1.327740000000000000e+05,2.600000000000000000e+01
1.328100000000000000e+05,3.600000000000000000e+01
1.328580000000000000e+05,4.800000000000000000e+01
1.329320000000000000e+05,7.400000000000000000e+01
1.329870000000000000e+05,5.500000000000000000e+01
1.330810000000000000e+05,9.400000000000000000e+01
1.331140000000000000e+05,3.300000000000000000e+01
1.331690000000000000e+05,5.500000000000000000e+01
1.332290000000000000e+05,6.000000000000000000e+01
1.332860000000000000e+05,5.700000000000000000e+01
1.333270000000000000e+05,4.100000000000000000e+01
1.333740000000000000e+05,4.700000000000000000e+01
1.334190000000000000e+05,4.500000000000000000e+01
1.334970000000000000e+05,7.800000000000000000e+01
1.335600000000000000e+05,6.300000000000000000e+01
1.336070000000000000e+05,4.700000000000000000e+01
1.336420000000000000e+05,3.500000000000000000e+01
1.336910000000000000e+05,4.900000000000000000e+01
1.337380000000000000e+05,4.700000000000000000e+01
1.337760000000000000e+05,3.800000000000000000e+01
1.338450000000000000e+05,6.900000000000000000e+01
1.338820000000000000e+05,3.700000000000000000e+01
1.339310000000000000e+05,4.900000000000000000e+01
1.339670000000000000e+05,3.600000000000000000e+01
1.340040000000000000e+05,3.700000000000000000e+01
1.340270000000000000e+05,2.300000000000000000e+01
1.340960000000000000e+05,6.900000000000000000e+01
1.341280000000000000e+05,3.200000000000000000e+01
1.341720000000000000e+05,4.400000000000000000e+01
1.341970000000000000e+05,2.500000000000000000e+01
1.342300000000000000e+05,3.300000000000000000e+01
1.342900000000000000e+05,6.000000000000000000e+01
1.343360000000000000e+05,4.600000000000000000e+01
1.344080000000000000e+05,7.200000000000000000e+01
1.344630000000000000e+05,5.500000000000000000e+01
1.345170000000000000e+05,5.400000000000000000e+01
1.345890000000000000e+05,7.200000000000000000e+01
1.346330000000000000e+05,4.400000000000000000e+01
1.347320000000000000e+05,9.900000000000000000e+01
1.347840000000000000e+05,5.200000000000000000e+01
1.348450000000000000e+05,6.100000000000000000e+01
1.348630000000000000e+05,1.800000000000000000e+01
1.349030000000000000e+05,4.000000000000000000e+01
1.349430000000000000e+05,4.000000000000000000e+01
1.349960000000000000e+05,5.300000000000000000e+01
1.350350000000000000e+05,3.900000000000000000e+01
1.350830000000000000e+05,4.800000000000000000e+01
1.351300000000000000e+05,4.700000000000000000e+01
1.351750000000000000e+05,4.500000000000000000e+01
1.352130000000000000e+05,3.800000000000000000e+01
1.352490000000000000e+05,3.600000000000000000e+01
1.352970000000000000e+05,4.800000000000000000e+01
1.353580000000000000e+05,6.100000000000000000e+01
1.354030000000000000e+05,4.500000000000000000e+01
1.354450000000000000e+05,4.200000000000000000e+01
1.354920000000000000e+05,4.700000000000000000e+01
1.355400000000000000e+05,4.800000000000000000e+01
1.355770000000000000e+05,3.700000000000000000e+01
1.356170000000000000e+05,4.000000000000000000e+01
1.356660000000000000e+05,4.900000000000000000e+01
1.356930000000000000e+05,2.700000000000000000e+01
1.357180000000000000e+05,2.500000000000000000e+01
1.357930000000000000e+05,7.500000000000000000e+01
1.358640000000000000e+05,7.100000000000000000e+01
1.359020000000000000e+05,3.800000000000000000e+01
1.359390000000000000e+05,3.700000000000000000e+01
1.359650000000000000e+05,2.600000000000000000e+01
1.360290000000000000e+05,6.400000000000000000e+01
1.360690000000000000e+05,4.000000000000000000e+01
1.361410000000000000e+05,7.200000000000000000e+01
1.361630000000000000e+05,2.200000000000000000e+01
1.362120000000000000e+05,4.900000000000000000e+01
1.362340000000000000e+05,2.200000000000000000e+01
1.362790000000000000e+05,4.500000000000000000e+01
1.363290000000000000e+05,5.000000000000000000e+01
1.363930000000000000e+05,6.400000000000000000e+01
1.364390000000000000e+05,4.600000000000000000e+01
1.365090000000000000e+05,7.000000000000000000e+01
1.365430000000000000e+05,3.400000000000000000e+01
1.365930000000000000e+05,5.000000000000000000e+01
1.366470000000000000e+05,5.400000000000000000e+01
1.366800000000000000e+05,3.300000000000000000e+01
1.367210000000000000e+05,4.100000000000000000e+01
1.367680000000000000e+05,4.700000000000000000e+01
1.367910000000000000e+05,2.300000000000000000e+01
1.368250000000000000e+05,3.400000000000000000e+01
1.368730000000000000e+05,4.800000000000000000e+01
1.369140000000000000e+05,4.100000000000000000e+01
1.369760000000000000e+05,6.200000000000000000e+01
1.370440000000000000e+05,6.800000000000000000e+01
1.370860000000000000e+05,4.200000000000000000e+01
1.371250000000000000e+05,3.900000000000000000e+01
1.371910000000000000e+05,6.600000000000000000e+01
1.372250000000000000e+05,3.400000000000000000e+01
1.373110000000000000e+05,8.600000000000000000e+01
1.373390000000000000e+05,2.800000000000000000e+01
1.373720000000000000e+05,3.300000000000000000e+01
1.374570000000000000e+05,8.500000000000000000e+01
1.374940000000000000e+05,3.700000000000000000e+01
1.375570000000000000e+05,6.300000000000000000e+01
1.376100000000000000e+05,5.300000000000000000e+01
1.376690000000000000e+05,5.900000000000000000e+01
1.377100000000000000e+05,4.100000000000000000e+01
1.377570000000000000e+05,4.700000000000000000e+01
1.378090000000000000e+05,5.200000000000000000e+01
1.378590000000000000e+05,5.000000000000000000e+01
1.379000000000000000e+05,4.100000000000000000e+01
1.379400000000000000e+05,4.000000000000000000e+01
1.379630000000000000e+05,2.300000000000000000e+01
1.379950000000000000e+05,3.200000000000000000e+01
1.380510000000000000e+05,5.600000000000000000e+01
1.380950000000000000e+05,4.400000000000000000e+01
1.381280000000000000e+05,3.300000000000000000e+01
1.381490000000000000e+05,2.100000000000000000e+01
1.382070000000000000e+05,5.800000000000000000e+01
1.382880000000000000e+05,8.100000000000000000e+01
1.383140000000000000e+05,2.600000000000000000e+01
1.383760000000000000e+05,6.200000000000000000e+01
1.384700000000000000e+05,9.400000000000000000e+01
1.385100000000000000e+05,4.000000000000000000e+01
1.385510000000000000e+05,4.100000000000000000e+01
1.385830000000000000e+05,3.200000000000000000e+01
1.386080000000000000e+05,2.500000000000000000e+01
1.386800000000000000e+05,7.200000000000000000e+01
1.387120000000000000e+05,3.200000000000000000e+01
1.387800000000000000e+05,6.800000000000000000e+01
1.388170000000000000e+05,3.700000000000000000e+01
1.388540000000000000e+05,3.700000000000000000e+01
1.389200000000000000e+05,6.600000000000000000e+01
1.389510000000000000e+05,3.100000000000000000e+01
1.389920000000000000e+05,4.100000000000000000e+01
1.390450000000000000e+05,5.300000000000000000e+01
1.390870000000000000e+05,4.200000000000000000e+01
1.391650000000000000e+05,7.800000000000000000e+01
1.392130000000000000e+05,4.800000000000000000e+01
1.392520000000000000e+05,3.900000000000000000e+01
1.393000000000000000e+05,4.800000000000000000e+01
1.393690000000000000e+05,6.900000000000000000e+01
1.394160000000000000e+05,4.700000000000000000e+01
1.394690000000000000e+05,5.300000000000000000e+01
1.395400000000000000e+05,7.100000000000000000e+01
1.395890000000000000e+05,4.900000000000000000e+01
1.396430000000000000e+05,5.400000000000000000e+01
1.396810000000000000e+05,3.800000000000000000e+01
1.397040000000000000e+05,2.300000000000000000e+01
1.397520000000000000e+05,4.800000000000000000e+01
1.398040000000000000e+05,5.200000000000000000e+01
1.398530000000000000e+05,4.900000000000000000e+01
1.399000000000000000e+05,4.700000000000000000e+01
1.399360000000000000e+05,3.600000000000000000e+01
1.399820000000000000e+05,4.600000000000000000e+01
1.400150000000000000e+05,3.300000000000000000e+01
1.400560000000000000e+05,4.100000000000000000e+01
1.400910000000000000e+05,3.500000000000000000e+01
1.401540000000000000e+05,6.300000000000000000e+01
1.402050000000000000e+05,5.100000000000000000e+01
1.402580000000000000e+05,5.300000000000000000e+01
1.403340000000000000e+05,7.600000000000000000e+01
1.403780000000000000e+05,4.400000000000000000e+01
1.404220000000000000e+05,4.400000000000000000e+01
1.404620000000000000e+05,4.000000000000000000e+01
1.405000000000000000e+05,3.800000000000000000e+01
1.405490000000000000e+05,4.900000000000000000e+01
1.405790000000000000e+05,3.000000000000000000e+01
1.406080000000000000e+05,2.900000000000000000e+01
1.406300000000000000e+05,2.200000000000000000e+01
1.406750000000000000e+05,4.500000000000000000e+01
1.407260000000000000e+05,5.100000000000000000e+01
1.407660000000000000e+05,4.000000000000000000e+01
1.408280000000000000e+05,6.200000000000000000e+01
1.408640000000000000e+05,3.600000000000000000e+01
1.408890000000000000e+05,2.500000000000000000e+01
1.409410000000000000e+05,5.200000000000000000e+01
1.409880000000000000e+05,4.700000000000000000e+01
1.410120000000000000e+05,2.400000000000000000e+01
1.410750000000000000e+05,6.300000000000000000e+01
1.411210000000000000e+05,4.600000000000000000e+01
1.411750000000000000e+05,5.400000000000000000e+01
1.412300000000000000e+05,5.500000000000000000e+01
1.412680000000000000e+05,3.800000000000000000e+01
1.413080000000000000e+05,4.000000000000000000e+01
1.413390000000000000e+05,3.100000000000000000e+01
1.413900000000000000e+05,5.100000000000000000e+01
1.414540000000000000e+05,6.400000000000000000e+01
1.414930000000000000e+05,3.900000000000000000e+01
1.415290000000000000e+05,3.600000000000000000e+01
1.415500000000000000e+05,2.100000000000000000e+01
1.415990000000000000e+05,4.900000000000000000e+01
1.416490000000000000e+05,5.000000000000000000e+01
1.417060000000000000e+05,5.700000000000000000e+01
1.417450000000000000e+05,3.900000000000000000e+01
1.418180000000000000e+05,7.300000000000000000e+01
1.418520000000000000e+05,3.400000000000000000e+01
1.419120000000000000e+05,6.000000000000000000e+01
1.419600000000000000e+05,4.800000000000000000e+01
1.419990000000000000e+05,3.900000000000000000e+01
1.420350000000000000e+05,3.600000000000000000e+01
1.420770000000000000e+05,4.200000000000000000e+01
1.421260000000000000e+05,4.900000000000000000e+01
1.421700000000000000e+05,4.400000000000000000e+01
1.422180000000000000e+05,4.800000000000000000e+01
1.422300000000000000e+05,1.200000000000000000e+01
1.422710000000000000e+05,4.100000000000000000e+01
1.423190000000000000e+05,4.800000000000000000e+01
1.423420000000000000e+05,2.300000000000000000e+01
1.423820000000000000e+05,4.000000000000000000e+01
1.424220000000000000e+05,4.000000000000000000e+01
1.424470000000000000e+05,2.500000000000000000e+01
1.425140000000000000e+05,6.700000000000000000e+01
1.425650000000000000e+05,5.100000000000000000e+01
1.426120000000000000e+05,4.700000000000000000e+01
1.426680000000000000e+05,5.600000000000000000e+01
1.427000000000000000e+05,3.200000000000000000e+01
1.427360000000000000e+05,3.600000000000000000e+01
1.427930000000000000e+05,5.700000000000000000e+01
1.428280000000000000e+05,3.500000000000000000e+01
1.428550000000000000e+05,2.700000000000000000e+01
1.428790000000000000e+05,2.400000000000000000e+01
1.429270000000000000e+05,4.800000000000000000e+01
1.429910000000000000e+05,6.400000000000000000e+01
1.430360000000000000e+05,4.500000000000000000e+01
1.430980000000000000e+05,6.200000000000000000e+01
1.431410000000000000e+05,4.300000000000000000e+01
1.431770000000000000e+05,3.600000000000000000e+01
1.432230000000000000e+05,4.600000000000000000e+01
1.432820000000000000e+05,5.900000000000000000e+01
1.433050000000000000e+05,2.300000000000000000e+01
1.433390000000000000e+05,3.400000000000000000e+01
1.433880000000000000e+05,4.900000000000000000e+01
1.434290000000000000e+05,4.100000000000000000e+01
1.434630000000000000e+05,3.400000000000000000e+01
1.435130000000000000e+05,5.000000000000000000e+01
1.435740000000000000e+05,6.100000000000000000e+01
1.436150000000000000e+05,4.100000000000000000e+01
1.436740000000000000e+05,5.900000000000000000e+01
1.437020000000000000e+05,2.800000000000000000e+01
1.437460000000000000e+05,4.400000000000000000e+01
1.437960000000000000e+05,5.000000000000000000e+01
1.438370000000000000e+05,4.100000000000000000e+01
1.438590000000000000e+05,2.200000000000000000e+01
1.438890000000000000e+05,3.000000000000000000e+01
1.439530000000000000e+05,6.400000000000000000e+01
1.439850000000000000e+05,3.200000000000000000e+01
1.440190000000000000e+05,3.400000000000000000e+01
1.440680000000000000e+05,4.900000000000000000e+01
1.441330000000000000e+05,6.500000000000000000e+01
1.441720000000000000e+05,3.900000000000000000e+01
1.442370000000000000e+05,6.500000000000000000e+01
1.442650000000000000e+05,2.800000000000000000e+01
1.443220000000000000e+05,5.700000000000000000e+01
1.443780000000000000e+05,5.600000000000000000e+01
1.444180000000000000e+05,4.000000000000000000e+01
1.444670000000000000e+05,4.900000000000000000e+01
1.445040000000000000e+05,3.700000000000000000e+01
1.445520000000000000e+05,4.800000000000000000e+01
1.446080000000000000e+05,5.600000000000000000e+01
1.446560000000000000e+05,4.800000000000000000e+01
1.447030000000000000e+05,4.700000000000000000e+01
1.447650000000000000e+05,6.200000000000000000e+01
1.448160000000000000e+05,5.100000000000000000e+01
1.448520000000000000e+05,3.600000000000000000e+01
1.449030000000000000e+05,5.100000000000000000e+01
1.449380000000000000e+05,3.500000000000000000e+01
1.449960000000000000e+05,5.800000000000000000e+01
1.450300000000000000e+05,3.400000000000000000e+01
1.450800000000000000e+05,5.000000000000000000e+01
1.451190000000000000e+05,3.900000000000000000e+01
1.451490000000000000e+05,3.000000000000000000e+01
1.451920000000000000e+05,4.300000000000000000e+01
1.452340000000000000e+05,4.200000000000000000e+01
1.452780000000000000e+05,4.400000000000000000e+01
1.453190000000000000e+05,4.100000000000000000e+01
1.453840000000000000e+05,6.500000000000000000e+01
1.454220000000000000e+05,3.800000000000000000e+01
1.454600000000000000e+05,3.800000000000000000e+01
1.455030000000000000e+05,4.300000000000000000e+01
1.455550000000000000e+05,5.200000000000000000e+01
1.456140000000000000e+05,5.900000000000000000e+01
1.456690000000000000e+05,5.500000000000000000e+01
1.457180000000000000e+05,4.900000000000000000e+01
1.457570000000000000e+05,3.900000000000000000e+01
1.458250000000000000e+05,6.800000000000000000e+01
1.458610000000000000e+05,3.600000000000000000e+01
1.458920000000000000e+05,3.100000000000000000e+01
1.459180000000000000e+05,2.600000000000000000e+01
1.459520000000000000e+05,3.400000000000000000e+01
1.459860000000000000e+05,3.400000000000000000e+01
1.460350000000000000e+05,4.900000000000000000e+01
1.460720000000000000e+05,3.700000000000000000e+01
1.461260000000000000e+05,5.400000000000000000e+01
1.461620000000000000e+05,3.600000000000000000e+01
1.462020000000000000e+05,4.000000000000000000e+01
1.462650000000000000e+05,6.300000000000000000e+01
1.463340000000000000e+05,6.900000000000000000e+01
1.463570000000000000e+05,2.300000000000000000e+01
1.464180000000000000e+05,6.100000000000000000e+01
1.465140000000000000e+05,9.600000000000000000e+01
1.465680000000000000e+05,5.400000000000000000e+01
1.466000000000000000e+05,3.200000000000000000e+01
1.466340000000000000e+05,3.400000000000000000e+01
1.466710000000000000e+05,3.700000000000000000e+01
1.467160000000000000e+05,4.500000000000000000e+01
1.467430000000000000e+05,2.700000000000000000e+01
1.467880000000000000e+05,4.500000000000000000e+01
1.468250000000000000e+05,3.700000000000000000e+01
1.468690000000000000e+05,4.400000000000000000e+01
1.468930000000000000e+05,2.400000000000000000e+01
1.469450000000000000e+05,5.200000000000000000e+01
1.470030000000000000e+05,5.800000000000000000e+01
1.470550000000000000e+05,5.200000000000000000e+01
1.471540000000000000e+05,9.900000000000000000e+01
1.471960000000000000e+05,4.200000000000000000e+01
1.472740000000000000e+05,7.800000000000000000e+01
1.473130000000000000e+05,3.900000000000000000e+01
1.473480000000000000e+05,3.500000000000000000e+01
1.473940000000000000e+05,4.600000000000000000e+01
1.474510000000000000e+05,5.700000000000000000e+01
1.475050000000000000e+05,5.400000000000000000e+01
1.475680000000000000e+05,6.300000000000000000e+01
1.476140000000000000e+05,4.600000000000000000e+01
1.476580000000000000e+05,4.400000000000000000e+01
1.477050000000000000e+05,4.700000000000000000e+01
1.477560000000000000e+05,5.100000000000000000e+01
1.478010000000000000e+05,4.500000000000000000e+01
1.478310000000000000e+05,3.000000000000000000e+01
1.478700000000000000e+05,3.900000000000000000e+01
1.479190000000000000e+05,4.900000000000000000e+01
1.479560000000000000e+05,3.700000000000000000e+01
1.479850000000000000e+05,2.900000000000000000e+01
1.480380000000000000e+05,5.300000000000000000e+01
1.480810000000000000e+05,4.300000000000000000e+01
1.481310000000000000e+05,5.000000000000000000e+01
1.481660000000000000e+05,3.500000000000000000e+01
1.482160000000000000e+05,5.000000000000000000e+01
1.482890000000000000e+05,7.300000000000000000e+01
1.483250000000000000e+05,3.600000000000000000e+01
1.483670000000000000e+05,4.200000000000000000e+01
1.484190000000000000e+05,5.200000000000000000e+01
1.484420000000000000e+05,2.300000000000000000e+01
1.485050000000000000e+05,6.300000000000000000e+01
1.485440000000000000e+05,3.900000000000000000e+01
1.485830000000000000e+05,3.900000000000000000e+01
1.486060000000000000e+05,2.300000000000000000e+01
1.486580000000000000e+05,5.200000000000000000e+01
1.487130000000000000e+05,5.500000000000000000e+01
1.487570000000000000e+05,4.400000000000000000e+01
1.487790000000000000e+05,2.200000000000000000e+01
1.488570000000000000e+05,7.800000000000000000e+01
1.489100000000000000e+05,5.300000000000000000e+01
1.489460000000000000e+05,3.600000000000000000e+01
1.489850000000000000e+05,3.900000000000000000e+01
1.490350000000000000e+05,5.000000000000000000e+01
1.490590000000000000e+05,2.400000000000000000e+01
1.491230000000000000e+05,6.400000000000000000e+01
1.491670000000000000e+05,4.400000000000000000e+01
1.492210000000000000e+05,5.400000000000000000e+01
1.492570000000000000e+05,3.600000000000000000e+01
1.493080000000000000e+05,5.100000000000000000e+01
1.493840000000000000e+05,7.600000000000000000e+01
1.494200000000000000e+05,3.600000000000000000e+01
1.494700000000000000e+05,5.000000000000000000e+01
1.495100000000000000e+05,4.000000000000000000e+01
1.495490000000000000e+05,3.900000000000000000e+01
1.495790000000000000e+05,3.000000000000000000e+01
1.496250000000000000e+05,4.600000000000000000e+01
1.496470000000000000e+05,2.200000000000000000e+01
1.497340000000000000e+05,8.700000000000000000e+01
1.497860000000000000e+05,5.200000000000000000e+01
1.498210000000000000e+05,3.500000000000000000e+01
1.498910000000000000e+05,7.000000000000000000e+01
1.499220000000000000e+05,3.100000000000000000e+01
1.499960000000000000e+05,7.400000000000000000e+01
