timestep,reward
1.600000000000000000e+01,1.600000000000000000e+01
3.500000000000000000e+01,1.900000000000000000e+01
4.900000000000000000e+01,1.400000000000000000e+01
7.700000000000000000e+01,2.800000000000000000e+01
1.010000000000000000e+02,2.400000000000000000e+01
1.200000000000000000e+02,1.900000000000000000e+01
1.380000000000000000e+02,1.800000000000000000e+01
1.720000000000000000e+02,3.400000000000000000e+01
1.850000000000000000e+02,1.300000000000000000e+01
1.950000000000000000e+02,1.000000000000000000e+01
2.160000000000000000e+02,2.100000000000000000e+01
2.280000000000000000e+02,1.200000000000000000e+01
2.410000000000000000e+02,1.300000000000000000e+01
2.550000000000000000e+02,1.400000000000000000e+01
2.680000000000000000e+02,1.300000000000000000e+01
2.860000000000000000e+02,1.800000000000000000e+01
3.030000000000000000e+02,1.700000000000000000e+01
3.180000000000000000e+02,1.500000000000000000e+01
3.410000000000000000e+02,2.300000000000000000e+01
3.590000000000000000e+02,1.800000000000000000e+01
3.730000000000000000e+02,1.400000000000000000e+01
4.080000000000000000e+02,3.500000000000000000e+01
4.510000000000000000e+02,4.300000000000000000e+01
4.620000000000000000e+02,1.100000000000000000e+01
4.750000000000000000e+02,1.300000000000000000e+01
4.880000000000000000e+02,1.300000000000000000e+01
5.080000000000000000e+02,2.000000000000000000e+01
5.480000000000000000e+02,4.000000000000000000e+01
5.630000000000000000e+02,1.500000000000000000e+01
5.820000000000000000e+02,1.900000000000000000e+01
6.080000000000000000e+02,2.600000000000000000e+01
6.330000000000000000e+02,2.500000000000000000e+01
6.490000000000000000e+02,1.600000000000000000e+01
6.850000000000000000e+02,3.600000000000000000e+01
7.010000000000000000e+02,1.600000000000000000e+01
7.290000000000000000e+02,2.800000000000000000e+01
7.420000000000000000e+02,1.300000000000000000e+01
7.570000000000000000e+02,1.500000000000000000e+01
7.720000000000000000e+02,1.500000000000000000e+01
8.380000000000000000e+02,6.600000000000000000e+01
8.510000000000000000e+02,1.300000000000000000e+01
8.870000000000000000e+02,3.600000000000000000e+01
9.280000000000000000e+02,4.100000000000000000e+01
9.590000000000000000e+02,3.100000000000000000e+01
1.015000000000000000e+03,5.600000000000000000e+01
1.033000000000000000e+03,1.800000000000000000e+01
1.072000000000000000e+03,3.900000000000000000e+01
1.104000000000000000e+03,3.200000000000000000e+01
1.132000000000000000e+03,2.800000000000000000e+01
1.148000000000000000e+03,1.600000000000000000e+01
1.183000000000000000e+03,3.500000000000000000e+01
1.199000000000000000e+03,1.600000000000000000e+01
1.228000000000000000e+03,2.900000000000000000e+01
1.247000000000000000e+03,1.900000000000000000e+01
1.262000000000000000e+03,1.500000000000000000e+01
1.274000000000000000e+03,1.200000000000000000e+01
1.289000000000000000e+03,1.500000000000000000e+01
1.307000000000000000e+03,1.800000000000000000e+01
1.324000000000000000e+03,1.700000000000000000e+01
1.343000000000000000e+03,1.900000000000000000e+01
1.376000000000000000e+03,3.300000000000000000e+01
1.393000000000000000e+03,1.700000000000000000e+01
1.405000000000000000e+03,1.200000000000000000e+01
1.420000000000000000e+03,1.500000000000000000e+01
1.432000000000000000e+03,1.200000000000000000e+01
1.444000000000000000e+03,1.200000000000000000e+01
1.467000000000000000e+03,2.300000000000000000e+01
1.486000000000000000e+03,1.900000000000000000e+01
1.511000000000000000e+03,2.500000000000000000e+01
1.549000000000000000e+03,3.800000000000000000e+01
1.576000000000000000e+03,2.700000000000000000e+01
1.592000000000000000e+03,1.600000000000000000e+01
1.607000000000000000e+03,1.500000000000000000e+01
1.632000000000000000e+03,2.500000000000000000e+01
1.656000000000000000e+03,2.400000000000000000e+01
1.697000000000000000e+03,4.100000000000000000e+01
1.711000000000000000e+03,1.400000000000000000e+01
1.729000000000000000e+03,1.800000000000000000e+01
1.744000000000000000e+03,1.500000000000000000e+01
1.757000000000000000e+03,1.300000000000000000e+01
1.808000000000000000e+03,5.100000000000000000e+01
1.838000000000000000e+03,3.000000000000000000e+01
1.872000000000000000e+03,3.400000000000000000e+01
1.904000000000000000e+03,3.200000000000000000e+01
1.923000000000000000e+03,1.900000000000000000e+01
1.935000000000000000e+03,1.200000000000000000e+01
1.945000000000000000e+03,1.000000000000000000e+01
1.967000000000000000e+03,2.200000000000000000e+01
2.052000000000000000e+03,8.500000000000000000e+01
2.066000000000000000e+03,1.400000000000000000e+01
2.091000000000000000e+03,2.500000000000000000e+01
2.109000000000000000e+03,1.800000000000000000e+01
2.138000000000000000e+03,2.900000000000000000e+01
2.150000000000000000e+03,1.200000000000000000e+01
2.169000000000000000e+03,1.900000000000000000e+01
2.191000000000000000e+03,2.200000000000000000e+01
2.234000000000000000e+03,4.300000000000000000e+01
2.270000000000000000e+03,3.600000000000000000e+01
2.286000000000000000e+03,1.600000000000000000e+01
2.302000000000000000e+03,1.600000000000000000e+01
2.318000000000000000e+03,1.600000000000000000e+01
2.396000000000000000e+03,7.800000000000000000e+01
2.439000000000000000e+03,4.300000000000000000e+01
2.455000000000000000e+03,1.600000000000000000e+01
2.492000000000000000e+03,3.700000000000000000e+01
2.509000000000000000e+03,1.700000000000000000e+01
2.533000000000000000e+03,2.400000000000000000e+01
2.550000000000000000e+03,1.700000000000000000e+01
2.564000000000000000e+03,1.400000000000000000e+01
2.593000000000000000e+03,2.900000000000000000e+01
2.634000000000000000e+03,4.100000000000000000e+01
2.663000000000000000e+03,2.900000000000000000e+01
2.680000000000000000e+03,1.700000000000000000e+01
2.700000000000000000e+03,2.000000000000000000e+01
2.739000000000000000e+03,3.900000000000000000e+01
2.777000000000000000e+03,3.800000000000000000e+01
2.795000000000000000e+03,1.800000000000000000e+01
2.806000000000000000e+03,1.100000000000000000e+01
2.834000000000000000e+03,2.800000000000000000e+01
2.875000000000000000e+03,4.100000000000000000e+01
2.888000000000000000e+03,1.300000000000000000e+01
2.940000000000000000e+03,5.200000000000000000e+01
2.955000000000000000e+03,1.500000000000000000e+01
2.968000000000000000e+03,1.300000000000000000e+01
2.986000000000000000e+03,1.800000000000000000e+01
3.069000000000000000e+03,8.300000000000000000e+01
3.080000000000000000e+03,1.100000000000000000e+01
3.113000000000000000e+03,3.300000000000000000e+01
3.131000000000000000e+03,1.800000000000000000e+01
3.148000000000000000e+03,1.700000000000000000e+01
3.165000000000000000e+03,1.700000000000000000e+01
3.189000000000000000e+03,2.400000000000000000e+01
3.210000000000000000e+03,2.100000000000000000e+01
3.224000000000000000e+03,1.400000000000000000e+01
3.241000000000000000e+03,1.700000000000000000e+01
3.277000000000000000e+03,3.600000000000000000e+01
3.297000000000000000e+03,2.000000000000000000e+01
3.356000000000000000e+03,5.900000000000000000e+01
3.377000000000000000e+03,2.100000000000000000e+01
3.418000000000000000e+03,4.100000000000000000e+01
3.465000000000000000e+03,4.700000000000000000e+01
3.480000000000000000e+03,1.500000000000000000e+01
3.535000000000000000e+03,5.500000000000000000e+01
3.552000000000000000e+03,1.700000000000000000e+01
3.593000000000000000e+03,4.100000000000000000e+01
3.638000000000000000e+03,4.500000000000000000e+01
3.679000000000000000e+03,4.100000000000000000e+01
3.691000000000000000e+03,1.200000000000000000e+01
3.746000000000000000e+03,5.500000000000000000e+01
3.759000000000000000e+03,1.300000000000000000e+01
3.830000000000000000e+03,7.100000000000000000e+01
3.850000000000000000e+03,2.000000000000000000e+01
3.879000000000000000e+03,2.900000000000000000e+01
3.914000000000000000e+03,3.500000000000000000e+01
3.932000000000000000e+03,1.800000000000000000e+01
3.970000000000000000e+03,3.800000000000000000e+01
4.033000000000000000e+03,6.300000000000000000e+01
4.092000000000000000e+03,5.900000000000000000e+01
4.109000000000000000e+03,1.700000000000000000e+01
4.134000000000000000e+03,2.500000000000000000e+01
4.185000000000000000e+03,5.100000000000000000e+01
4.214000000000000000e+03,2.900000000000000000e+01
4.289000000000000000e+03,7.500000000000000000e+01
4.303000000000000000e+03,1.400000000000000000e+01
4.341000000000000000e+03,3.800000000000000000e+01
4.420000000000000000e+03,7.900000000000000000e+01
4.435000000000000000e+03,1.500000000000000000e+01
4.472000000000000000e+03,3.700000000000000000e+01
4.509000000000000000e+03,3.700000000000000000e+01
4.551000000000000000e+03,4.200000000000000000e+01
4.570000000000000000e+03,1.900000000000000000e+01
4.634000000000000000e+03,6.400000000000000000e+01
4.654000000000000000e+03,2.000000000000000000e+01
4.693000000000000000e+03,3.900000000000000000e+01
4.734000000000000000e+03,4.100000000000000000e+01
4.785000000000000000e+03,5.100000000000000000e+01
4.803000000000000000e+03,1.800000000000000000e+01
4.856000000000000000e+03,5.300000000000000000e+01
4.895000000000000000e+03,3.900000000000000000e+01
4.928000000000000000e+03,3.300000000000000000e+01
4.942000000000000000e+03,1.400000000000000000e+01
4.959000000000000000e+03,1.700000000000000000e+01
4.979000000000000000e+03,2.000000000000000000e+01
5.021000000000000000e+03,4.200000000000000000e+01
5.030000000000000000e+03,9.000000000000000000e+00
5.054000000000000000e+03,2.400000000000000000e+01
5.086000000000000000e+03,3.200000000000000000e+01
5.103000000000000000e+03,1.700000000000000000e+01
5.161000000000000000e+03,5.800000000000000000e+01
5.222000000000000000e+03,6.100000000000000000e+01
5.238000000000000000e+03,1.600000000000000000e+01
5.278000000000000000e+03,4.000000000000000000e+01
5.350000000000000000e+03,7.200000000000000000e+01
5.376000000000000000e+03,2.600000000000000000e+01
5.403000000000000000e+03,2.700000000000000000e+01
5.457000000000000000e+03,5.400000000000000000e+01
5.469000000000000000e+03,1.200000000000000000e+01
5.490000000000000000e+03,2.100000000000000000e+01
5.542000000000000000e+03,5.200000000000000000e+01
5.553000000000000000e+03,1.100000000000000000e+01
5.613000000000000000e+03,6.000000000000000000e+01
5.635000000000000000e+03,2.200000000000000000e+01
5.645000000000000000e+03,1.000000000000000000e+01
5.712000000000000000e+03,6.700000000000000000e+01
5.763000000000000000e+03,5.100000000000000000e+01
5.814000000000000000e+03,5.100000000000000000e+01
5.868000000000000000e+03,5.400000000000000000e+01
5.900000000000000000e+03,3.200000000000000000e+01
5.931000000000000000e+03,3.100000000000000000e+01
5.954000000000000000e+03,2.300000000000000000e+01
6.013000000000000000e+03,5.900000000000000000e+01
6.081000000000000000e+03,6.800000000000000000e+01
6.097000000000000000e+03,1.600000000000000000e+01
6.127000000000000000e+03,3.000000000000000000e+01
6.179000000000000000e+03,5.200000000000000000e+01
6.193000000000000000e+03,1.400000000000000000e+01
6.247000000000000000e+03,5.400000000000000000e+01
6.298000000000000000e+03,5.100000000000000000e+01
6.343000000000000000e+03,4.500000000000000000e+01
6.386000000000000000e+03,4.300000000000000000e+01
6.434000000000000000e+03,4.800000000000000000e+01
6.451000000000000000e+03,1.700000000000000000e+01
6.498000000000000000e+03,4.700000000000000000e+01
6.522000000000000000e+03,2.400000000000000000e+01
6.584000000000000000e+03,6.200000000000000000e+01
6.601000000000000000e+03,1.700000000000000000e+01
6.642000000000000000e+03,4.100000000000000000e+01
6.704000000000000000e+03,6.200000000000000000e+01
6.715000000000000000e+03,1.100000000000000000e+01
6.737000000000000000e+03,2.200000000000000000e+01
6.751000000000000000e+03,1.400000000000000000e+01
6.803000000000000000e+03,5.200000000000000000e+01
6.816000000000000000e+03,1.300000000000000000e+01
6.830000000000000000e+03,1.400000000000000000e+01
6.853000000000000000e+03,2.300000000000000000e+01
6.883000000000000000e+03,3.000000000000000000e+01
6.922000000000000000e+03,3.900000000000000000e+01
6.960000000000000000e+03,3.800000000000000000e+01
7.019000000000000000e+03,5.900000000000000000e+01
7.032000000000000000e+03,1.300000000000000000e+01
7.077000000000000000e+03,4.500000000000000000e+01
7.112000000000000000e+03,3.500000000000000000e+01
7.165000000000000000e+03,5.300000000000000000e+01
7.178000000000000000e+03,1.300000000000000000e+01
7.222000000000000000e+03,4.400000000000000000e+01
7.234000000000000000e+03,1.200000000000000000e+01
7.250000000000000000e+03,1.600000000000000000e+01
7.312000000000000000e+03,6.200000000000000000e+01
7.383000000000000000e+03,7.100000000000000000e+01
7.447000000000000000e+03,6.400000000000000000e+01
7.474000000000000000e+03,2.700000000000000000e+01
7.487000000000000000e+03,1.300000000000000000e+01
7.543000000000000000e+03,5.600000000000000000e+01
7.593000000000000000e+03,5.000000000000000000e+01
7.643000000000000000e+03,5.000000000000000000e+01
7.747000000000000000e+03,1.040000000000000000e+02
7.812000000000000000e+03,6.500000000000000000e+01
7.858000000000000000e+03,4.600000000000000000e+01
7.877000000000000000e+03,1.900000000000000000e+01
7.924000000000000000e+03,4.700000000000000000e+01
7.968000000000000000e+03,4.400000000000000000e+01
8.015000000000000000e+03,4.700000000000000000e+01
8.039000000000000000e+03,2.400000000000000000e+01
8.099000000000000000e+03,6.000000000000000000e+01
8.179000000000000000e+03,8.000000000000000000e+01
8.231000000000000000e+03,5.200000000000000000e+01
8.246000000000000000e+03,1.500000000000000000e+01
8.326000000000000000e+03,8.000000000000000000e+01
8.357000000000000000e+03,3.100000000000000000e+01
8.371000000000000000e+03,1.400000000000000000e+01
8.394000000000000000e+03,2.300000000000000000e+01
8.413000000000000000e+03,1.900000000000000000e+01
8.451000000000000000e+03,3.800000000000000000e+01
8.474000000000000000e+03,2.300000000000000000e+01
8.516000000000000000e+03,4.200000000000000000e+01
8.567000000000000000e+03,5.100000000000000000e+01
8.642000000000000000e+03,7.500000000000000000e+01
8.699000000000000000e+03,5.700000000000000000e+01
8.734000000000000000e+03,3.500000000000000000e+01
8.801000000000000000e+03,6.700000000000000000e+01
8.846000000000000000e+03,4.500000000000000000e+01
8.923000000000000000e+03,7.700000000000000000e+01
8.940000000000000000e+03,1.700000000000000000e+01
8.984000000000000000e+03,4.400000000000000000e+01
9.053000000000000000e+03,6.900000000000000000e+01
9.135000000000000000e+03,8.200000000000000000e+01
9.157000000000000000e+03,2.200000000000000000e+01
9.173000000000000000e+03,1.600000000000000000e+01
9.228000000000000000e+03,5.500000000000000000e+01
9.259000000000000000e+03,3.100000000000000000e+01
9.284000000000000000e+03,2.500000000000000000e+01
9.334000000000000000e+03,5.000000000000000000e+01
9.370000000000000000e+03,3.600000000000000000e+01
9.429000000000000000e+03,5.900000000000000000e+01
9.489000000000000000e+03,6.000000000000000000e+01
9.573000000000000000e+03,8.400000000000000000e+01
9.661000000000000000e+03,8.800000000000000000e+01
9.673000000000000000e+03,1.200000000000000000e+01
9.760000000000000000e+03,8.700000000000000000e+01
9.847000000000000000e+03,8.700000000000000000e+01
9.870000000000000000e+03,2.300000000000000000e+01
9.902000000000000000e+03,3.200000000000000000e+01
9.935000000000000000e+03,3.300000000000000000e+01
9.972000000000000000e+03,3.700000000000000000e+01
1.000900000000000000e+04,3.700000000000000000e+01
1.003600000000000000e+04,2.700000000000000000e+01
1.005700000000000000e+04,2.100000000000000000e+01
1.007400000000000000e+04,1.700000000000000000e+01
1.008700000000000000e+04,1.300000000000000000e+01
1.011100000000000000e+04,2.400000000000000000e+01
1.016400000000000000e+04,5.300000000000000000e+01
1.017800000000000000e+04,1.400000000000000000e+01
1.023100000000000000e+04,5.300000000000000000e+01
1.029600000000000000e+04,6.500000000000000000e+01
1.032800000000000000e+04,3.200000000000000000e+01
1.042500000000000000e+04,9.700000000000000000e+01
1.050900000000000000e+04,8.400000000000000000e+01
1.054500000000000000e+04,3.600000000000000000e+01
1.058500000000000000e+04,4.000000000000000000e+01
1.068100000000000000e+04,9.600000000000000000e+01
1.073300000000000000e+04,5.200000000000000000e+01
1.077000000000000000e+04,3.700000000000000000e+01
1.078300000000000000e+04,1.300000000000000000e+01
1.080000000000000000e+04,1.700000000000000000e+01
1.083700000000000000e+04,3.700000000000000000e+01
1.085500000000000000e+04,1.800000000000000000e+01
1.092900000000000000e+04,7.400000000000000000e+01
1.095100000000000000e+04,2.200000000000000000e+01
1.100700000000000000e+04,5.600000000000000000e+01
1.107000000000000000e+04,6.300000000000000000e+01
1.111800000000000000e+04,4.800000000000000000e+01
1.117100000000000000e+04,5.300000000000000000e+01
1.119900000000000000e+04,2.800000000000000000e+01
1.123600000000000000e+04,3.700000000000000000e+01
1.128300000000000000e+04,4.700000000000000000e+01
1.132000000000000000e+04,3.700000000000000000e+01
1.136000000000000000e+04,4.000000000000000000e+01
1.137200000000000000e+04,1.200000000000000000e+01
1.144900000000000000e+04,7.700000000000000000e+01
1.150200000000000000e+04,5.300000000000000000e+01
1.156600000000000000e+04,6.400000000000000000e+01
1.160600000000000000e+04,4.000000000000000000e+01
1.163600000000000000e+04,3.000000000000000000e+01
1.169500000000000000e+04,5.900000000000000000e+01
1.170700000000000000e+04,1.200000000000000000e+01
1.173700000000000000e+04,3.000000000000000000e+01
1.176900000000000000e+04,3.200000000000000000e+01
1.178500000000000000e+04,1.600000000000000000e+01
1.185000000000000000e+04,6.500000000000000000e+01
1.191700000000000000e+04,6.700000000000000000e+01
1.198600000000000000e+04,6.900000000000000000e+01
1.203700000000000000e+04,5.100000000000000000e+01
1.208600000000000000e+04,4.900000000000000000e+01
1.213400000000000000e+04,4.800000000000000000e+01
1.217200000000000000e+04,3.800000000000000000e+01
1.221900000000000000e+04,4.700000000000000000e+01
1.225000000000000000e+04,3.100000000000000000e+01
1.228100000000000000e+04,3.100000000000000000e+01
1.239500000000000000e+04,1.140000000000000000e+02
1.246400000000000000e+04,6.900000000000000000e+01
1.247800000000000000e+04,1.400000000000000000e+01
1.253700000000000000e+04,5.900000000000000000e+01
1.256300000000000000e+04,2.600000000000000000e+01
1.262100000000000000e+04,5.800000000000000000e+01
1.266100000000000000e+04,4.000000000000000000e+01
1.270100000000000000e+04,4.000000000000000000e+01
1.273800000000000000e+04,3.700000000000000000e+01
1.276900000000000000e+04,3.100000000000000000e+01
1.280200000000000000e+04,3.300000000000000000e+01
1.285800000000000000e+04,5.600000000000000000e+01
1.293100000000000000e+04,7.300000000000000000e+01
1.297600000000000000e+04,4.500000000000000000e+01
1.304200000000000000e+04,6.600000000000000000e+01
1.309500000000000000e+04,5.300000000000000000e+01
1.317400000000000000e+04,7.900000000000000000e+01
1.323300000000000000e+04,5.900000000000000000e+01
1.328600000000000000e+04,5.300000000000000000e+01
1.332000000000000000e+04,3.400000000000000000e+01
1.336900000000000000e+04,4.900000000000000000e+01
1.340100000000000000e+04,3.200000000000000000e+01
1.342100000000000000e+04,2.000000000000000000e+01
1.345800000000000000e+04,3.700000000000000000e+01
1.349700000000000000e+04,3.900000000000000000e+01
1.354800000000000000e+04,5.100000000000000000e+01
1.358200000000000000e+04,3.400000000000000000e+01
1.364500000000000000e+04,6.300000000000000000e+01
1.367200000000000000e+04,2.700000000000000000e+01
1.370200000000000000e+04,3.000000000000000000e+01
1.379600000000000000e+04,9.400000000000000000e+01
1.383100000000000000e+04,3.500000000000000000e+01
1.384700000000000000e+04,1.600000000000000000e+01
1.388100000000000000e+04,3.400000000000000000e+01
1.394600000000000000e+04,6.500000000000000000e+01
1.398000000000000000e+04,3.400000000000000000e+01
1.403900000000000000e+04,5.900000000000000000e+01
1.408200000000000000e+04,4.300000000000000000e+01
1.415100000000000000e+04,6.900000000000000000e+01
1.423400000000000000e+04,8.300000000000000000e+01
1.424600000000000000e+04,1.200000000000000000e+01
1.430700000000000000e+04,6.100000000000000000e+01
1.433400000000000000e+04,2.700000000000000000e+01
1.438900000000000000e+04,5.500000000000000000e+01
1.442300000000000000e+04,3.400000000000000000e+01
1.448000000000000000e+04,5.700000000000000000e+01
1.457200000000000000e+04,9.200000000000000000e+01
1.462900000000000000e+04,5.700000000000000000e+01
1.469300000000000000e+04,6.400000000000000000e+01
1.472400000000000000e+04,3.100000000000000000e+01
1.475400000000000000e+04,3.000000000000000000e+01
1.479600000000000000e+04,4.200000000000000000e+01
1.480700000000000000e+04,1.100000000000000000e+01
1.487400000000000000e+04,6.700000000000000000e+01
1.489200000000000000e+04,1.800000000000000000e+01
1.492600000000000000e+04,3.400000000000000000e+01
1.496400000000000000e+04,3.800000000000000000e+01
1.500400000000000000e+04,4.000000000000000000e+01
1.506500000000000000e+04,6.100000000000000000e+01
1.510200000000000000e+04,3.700000000000000000e+01
1.514500000000000000e+04,4.300000000000000000e+01
1.518800000000000000e+04,4.300000000000000000e+01
1.527800000000000000e+04,9.000000000000000000e+01
1.529100000000000000e+04,1.300000000000000000e+01
1.534500000000000000e+04,5.400000000000000000e+01
1.535600000000000000e+04,1.100000000000000000e+01
1.540400000000000000e+04,4.800000000000000000e+01
1.546100000000000000e+04,5.700000000000000000e+01
1.551700000000000000e+04,5.600000000000000000e+01
1.556400000000000000e+04,4.700000000000000000e+01
1.559400000000000000e+04,3.000000000000000000e+01
1.562300000000000000e+04,2.900000000000000000e+01
1.564800000000000000e+04,2.500000000000000000e+01
1.573900000000000000e+04,9.100000000000000000e+01
1.578800000000000000e+04,4.900000000000000000e+01
1.588500000000000000e+04,9.700000000000000000e+01
1.589900000000000000e+04,1.400000000000000000e+01
1.595600000000000000e+04,5.700000000000000000e+01
1.601800000000000000e+04,6.200000000000000000e+01
1.611200000000000000e+04,9.400000000000000000e+01
1.615100000000000000e+04,3.900000000000000000e+01
1.619800000000000000e+04,4.700000000000000000e+01
1.625500000000000000e+04,5.700000000000000000e+01
1.628400000000000000e+04,2.900000000000000000e+01
1.635500000000000000e+04,7.100000000000000000e+01
1.640000000000000000e+04,4.500000000000000000e+01
1.645900000000000000e+04,5.900000000000000000e+01
1.649500000000000000e+04,3.600000000000000000e+01
1.655700000000000000e+04,6.200000000000000000e+01
1.660600000000000000e+04,4.900000000000000000e+01
1.663600000000000000e+04,3.000000000000000000e+01
1.666600000000000000e+04,3.000000000000000000e+01
1.671600000000000000e+04,5.000000000000000000e+01
1.675600000000000000e+04,4.000000000000000000e+01
1.682900000000000000e+04,7.300000000000000000e+01
1.687100000000000000e+04,4.200000000000000000e+01
1.697000000000000000e+04,9.900000000000000000e+01
1.706500000000000000e+04,9.500000000000000000e+01
1.711300000000000000e+04,4.800000000000000000e+01
1.713900000000000000e+04,2.600000000000000000e+01
1.716900000000000000e+04,3.000000000000000000e+01
1.718300000000000000e+04,1.400000000000000000e+01
1.722100000000000000e+04,3.800000000000000000e+01
1.726800000000000000e+04,4.700000000000000000e+01
1.731100000000000000e+04,4.300000000000000000e+01
1.734500000000000000e+04,3.400000000000000000e+01
1.736900000000000000e+04,2.400000000000000000e+01
1.738900000000000000e+04,2.000000000000000000e+01
1.744600000000000000e+04,5.700000000000000000e+01
1.749600000000000000e+04,5.000000000000000000e+01
1.759100000000000000e+04,9.500000000000000000e+01
1.760300000000000000e+04,1.200000000000000000e+01
1.769000000000000000e+04,8.700000000000000000e+01
1.770100000000000000e+04,1.100000000000000000e+01
1.772900000000000000e+04,2.800000000000000000e+01
1.774300000000000000e+04,1.400000000000000000e+01
1.776300000000000000e+04,2.000000000000000000e+01
1.779300000000000000e+04,3.000000000000000000e+01
1.784500000000000000e+04,5.200000000000000000e+01
1.786000000000000000e+04,1.500000000000000000e+01
1.790200000000000000e+04,4.200000000000000000e+01
1.792900000000000000e+04,2.700000000000000000e+01
1.795200000000000000e+04,2.300000000000000000e+01
1.799700000000000000e+04,4.500000000000000000e+01
1.802400000000000000e+04,2.700000000000000000e+01
1.804700000000000000e+04,2.300000000000000000e+01
1.807400000000000000e+04,2.700000000000000000e+01
1.814300000000000000e+04,6.900000000000000000e+01
1.817900000000000000e+04,3.600000000000000000e+01
1.825000000000000000e+04,7.100000000000000000e+01
1.828500000000000000e+04,3.500000000000000000e+01
1.830100000000000000e+04,1.600000000000000000e+01
1.833700000000000000e+04,3.600000000000000000e+01
1.836500000000000000e+04,2.800000000000000000e+01
1.842200000000000000e+04,5.700000000000000000e+01
1.844800000000000000e+04,2.600000000000000000e+01
1.854100000000000000e+04,9.300000000000000000e+01
1.859300000000000000e+04,5.200000000000000000e+01
1.862300000000000000e+04,3.000000000000000000e+01
1.865100000000000000e+04,2.800000000000000000e+01
1.870000000000000000e+04,4.900000000000000000e+01
1.873200000000000000e+04,3.200000000000000000e+01
1.879600000000000000e+04,6.400000000000000000e+01
1.883200000000000000e+04,3.600000000000000000e+01
1.886100000000000000e+04,2.900000000000000000e+01
1.889000000000000000e+04,2.900000000000000000e+01
1.892200000000000000e+04,3.200000000000000000e+01
1.896400000000000000e+04,4.200000000000000000e+01
1.898100000000000000e+04,1.700000000000000000e+01
1.901700000000000000e+04,3.600000000000000000e+01
1.911800000000000000e+04,1.010000000000000000e+02
1.914700000000000000e+04,2.900000000000000000e+01
1.920500000000000000e+04,5.800000000000000000e+01
1.922900000000000000e+04,2.400000000000000000e+01
1.925400000000000000e+04,2.500000000000000000e+01
1.929100000000000000e+04,3.700000000000000000e+01
1.931500000000000000e+04,2.400000000000000000e+01
1.934500000000000000e+04,3.000000000000000000e+01
1.938800000000000000e+04,4.300000000000000000e+01
1.948700000000000000e+04,9.900000000000000000e+01
1.954300000000000000e+04,5.600000000000000000e+01
1.958100000000000000e+04,3.800000000000000000e+01
1.962700000000000000e+04,4.600000000000000000e+01
1.967600000000000000e+04,4.900000000000000000e+01
1.970800000000000000e+04,3.200000000000000000e+01
1.973500000000000000e+04,2.700000000000000000e+01
1.981200000000000000e+04,7.700000000000000000e+01
1.984500000000000000e+04,3.300000000000000000e+01
1.988300000000000000e+04,3.800000000000000000e+01
1.997300000000000000e+04,9.000000000000000000e+01
2.003500000000000000e+04,6.200000000000000000e+01
2.010600000000000000e+04,7.100000000000000000e+01
2.012400000000000000e+04,1.800000000000000000e+01
2.019500000000000000e+04,7.100000000000000000e+01
2.024500000000000000e+04,5.000000000000000000e+01
2.028500000000000000e+04,4.000000000000000000e+01
2.032900000000000000e+04,4.400000000000000000e+01
2.037500000000000000e+04,4.600000000000000000e+01
2.038900000000000000e+04,1.400000000000000000e+01
2.044300000000000000e+04,5.400000000000000000e+01
2.047800000000000000e+04,3.500000000000000000e+01
2.050800000000000000e+04,3.000000000000000000e+01
2.055500000000000000e+04,4.700000000000000000e+01
2.058000000000000000e+04,2.500000000000000000e+01
2.060800000000000000e+04,2.800000000000000000e+01
2.068200000000000000e+04,7.400000000000000000e+01
2.070600000000000000e+04,2.400000000000000000e+01
2.073600000000000000e+04,3.000000000000000000e+01
2.076900000000000000e+04,3.300000000000000000e+01
2.083600000000000000e+04,6.700000000000000000e+01
2.088600000000000000e+04,5.000000000000000000e+01
2.093800000000000000e+04,5.200000000000000000e+01
2.097800000000000000e+04,4.000000000000000000e+01
2.102300000000000000e+04,4.500000000000000000e+01
2.107000000000000000e+04,4.700000000000000000e+01
2.112400000000000000e+04,5.400000000000000000e+01
2.113800000000000000e+04,1.400000000000000000e+01
2.122800000000000000e+04,9.000000000000000000e+01
2.127600000000000000e+04,4.800000000000000000e+01
2.132800000000000000e+04,5.200000000000000000e+01
2.141700000000000000e+04,8.900000000000000000e+01
2.145800000000000000e+04,4.100000000000000000e+01
2.152000000000000000e+04,6.200000000000000000e+01
2.155000000000000000e+04,3.000000000000000000e+01
2.159000000000000000e+04,4.000000000000000000e+01
2.163800000000000000e+04,4.800000000000000000e+01
2.167700000000000000e+04,3.900000000000000000e+01
2.171200000000000000e+04,3.500000000000000000e+01
2.174600000000000000e+04,3.400000000000000000e+01
2.183100000000000000e+04,8.500000000000000000e+01
2.191100000000000000e+04,8.000000000000000000e+01
2.196400000000000000e+04,5.300000000000000000e+01
2.202200000000000000e+04,5.800000000000000000e+01
2.206900000000000000e+04,4.700000000000000000e+01
2.215600000000000000e+04,8.700000000000000000e+01
2.219300000000000000e+04,3.700000000000000000e+01
2.226300000000000000e+04,7.000000000000000000e+01
2.227800000000000000e+04,1.500000000000000000e+01
2.234800000000000000e+04,7.000000000000000000e+01
2.241000000000000000e+04,6.200000000000000000e+01
2.244500000000000000e+04,3.500000000000000000e+01
2.247100000000000000e+04,2.600000000000000000e+01
2.248200000000000000e+04,1.100000000000000000e+01
2.253400000000000000e+04,5.200000000000000000e+01
2.258100000000000000e+04,4.700000000000000000e+01
2.263500000000000000e+04,5.400000000000000000e+01
2.269100000000000000e+04,5.600000000000000000e+01
2.272200000000000000e+04,3.100000000000000000e+01
2.284100000000000000e+04,1.190000000000000000e+02
2.287200000000000000e+04,3.100000000000000000e+01
2.289900000000000000e+04,2.700000000000000000e+01
2.291400000000000000e+04,1.500000000000000000e+01
2.299600000000000000e+04,8.200000000000000000e+01
2.303400000000000000e+04,3.800000000000000000e+01
2.314200000000000000e+04,1.080000000000000000e+02
2.315900000000000000e+04,1.700000000000000000e+01
2.319000000000000000e+04,3.100000000000000000e+01
2.326900000000000000e+04,7.900000000000000000e+01
2.329400000000000000e+04,2.500000000000000000e+01
2.333500000000000000e+04,4.100000000000000000e+01
2.339600000000000000e+04,6.100000000000000000e+01
2.343800000000000000e+04,4.200000000000000000e+01
2.348900000000000000e+04,5.100000000000000000e+01
2.356000000000000000e+04,7.100000000000000000e+01
2.363600000000000000e+04,7.600000000000000000e+01
2.367800000000000000e+04,4.200000000000000000e+01
2.372000000000000000e+04,4.200000000000000000e+01
2.378100000000000000e+04,6.100000000000000000e+01
2.381500000000000000e+04,3.400000000000000000e+01
2.384700000000000000e+04,3.200000000000000000e+01
2.389300000000000000e+04,4.600000000000000000e+01
2.399700000000000000e+04,1.040000000000000000e+02
2.409800000000000000e+04,1.010000000000000000e+02
2.415100000000000000e+04,5.300000000000000000e+01
2.421700000000000000e+04,6.600000000000000000e+01
2.426500000000000000e+04,4.800000000000000000e+01
2.433800000000000000e+04,7.300000000000000000e+01
2.438100000000000000e+04,4.300000000000000000e+01
2.450300000000000000e+04,1.220000000000000000e+02
2.453200000000000000e+04,2.900000000000000000e+01
2.455600000000000000e+04,2.400000000000000000e+01
2.460800000000000000e+04,5.200000000000000000e+01
2.464900000000000000e+04,4.100000000000000000e+01
2.469100000000000000e+04,4.200000000000000000e+01
2.472600000000000000e+04,3.500000000000000000e+01
2.477100000000000000e+04,4.500000000000000000e+01
2.481500000000000000e+04,4.400000000000000000e+01
2.490800000000000000e+04,9.300000000000000000e+01
2.491900000000000000e+04,1.100000000000000000e+01
2.497900000000000000e+04,6.000000000000000000e+01
2.508100000000000000e+04,1.020000000000000000e+02
2.511400000000000000e+04,3.300000000000000000e+01
2.518300000000000000e+04,6.900000000000000000e+01
2.524700000000000000e+04,6.400000000000000000e+01
2.531300000000000000e+04,6.600000000000000000e+01
2.534700000000000000e+04,3.400000000000000000e+01
2.535700000000000000e+04,1.000000000000000000e+01
2.540500000000000000e+04,4.800000000000000000e+01
2.548300000000000000e+04,7.800000000000000000e+01
2.553900000000000000e+04,5.600000000000000000e+01
2.556100000000000000e+04,2.200000000000000000e+01
2.560300000000000000e+04,4.200000000000000000e+01
2.561800000000000000e+04,1.500000000000000000e+01
2.566300000000000000e+04,4.500000000000000000e+01
2.569500000000000000e+04,3.200000000000000000e+01
2.572500000000000000e+04,3.000000000000000000e+01
2.580400000000000000e+04,7.900000000000000000e+01
2.584400000000000000e+04,4.000000000000000000e+01
2.590200000000000000e+04,5.800000000000000000e+01
2.594000000000000000e+04,3.800000000000000000e+01
2.599500000000000000e+04,5.500000000000000000e+01
2.604800000000000000e+04,5.300000000000000000e+01
2.615500000000000000e+04,1.070000000000000000e+02
2.621000000000000000e+04,5.500000000000000000e+01
2.625700000000000000e+04,4.700000000000000000e+01
2.629000000000000000e+04,3.300000000000000000e+01
2.634300000000000000e+04,5.300000000000000000e+01
2.643300000000000000e+04,9.000000000000000000e+01
2.647400000000000000e+04,4.100000000000000000e+01
2.648700000000000000e+04,1.300000000000000000e+01
2.654700000000000000e+04,6.000000000000000000e+01
2.658900000000000000e+04,4.200000000000000000e+01
2.664900000000000000e+04,6.000000000000000000e+01
2.670000000000000000e+04,5.100000000000000000e+01
2.675400000000000000e+04,5.400000000000000000e+01
2.680600000000000000e+04,5.200000000000000000e+01
2.687400000000000000e+04,6.800000000000000000e+01
2.693200000000000000e+04,5.800000000000000000e+01
2.699900000000000000e+04,6.700000000000000000e+01
2.705800000000000000e+04,5.900000000000000000e+01
2.709500000000000000e+04,3.700000000000000000e+01
2.712100000000000000e+04,2.600000000000000000e+01
2.725500000000000000e+04,1.340000000000000000e+02
2.731600000000000000e+04,6.100000000000000000e+01
2.734600000000000000e+04,3.000000000000000000e+01
2.741400000000000000e+04,6.800000000000000000e+01
2.748500000000000000e+04,7.100000000000000000e+01
2.760500000000000000e+04,1.200000000000000000e+02
2.764300000000000000e+04,3.800000000000000000e+01
2.766500000000000000e+04,2.200000000000000000e+01
2.774400000000000000e+04,7.900000000000000000e+01
2.778200000000000000e+04,3.800000000000000000e+01
2.781700000000000000e+04,3.500000000000000000e+01
2.787400000000000000e+04,5.700000000000000000e+01
2.794600000000000000e+04,7.200000000000000000e+01
2.798000000000000000e+04,3.400000000000000000e+01
2.803200000000000000e+04,5.200000000000000000e+01
2.806800000000000000e+04,3.600000000000000000e+01
2.809500000000000000e+04,2.700000000000000000e+01
2.817600000000000000e+04,8.100000000000000000e+01
2.829300000000000000e+04,1.170000000000000000e+02
2.835200000000000000e+04,5.900000000000000000e+01
2.840500000000000000e+04,5.300000000000000000e+01
2.845300000000000000e+04,4.800000000000000000e+01
2.850100000000000000e+04,4.800000000000000000e+01
2.854600000000000000e+04,4.500000000000000000e+01
2.865200000000000000e+04,1.060000000000000000e+02
2.871100000000000000e+04,5.900000000000000000e+01
2.880000000000000000e+04,8.900000000000000000e+01
2.887000000000000000e+04,7.000000000000000000e+01
2.891800000000000000e+04,4.800000000000000000e+01
2.896600000000000000e+04,4.800000000000000000e+01
2.902300000000000000e+04,5.700000000000000000e+01
2.905600000000000000e+04,3.300000000000000000e+01
2.908100000000000000e+04,2.500000000000000000e+01
2.912000000000000000e+04,3.900000000000000000e+01
2.922700000000000000e+04,1.070000000000000000e+02
2.930400000000000000e+04,7.700000000000000000e+01
2.934500000000000000e+04,4.100000000000000000e+01
2.941700000000000000e+04,7.200000000000000000e+01
2.946700000000000000e+04,5.000000000000000000e+01
2.953900000000000000e+04,7.200000000000000000e+01
2.957300000000000000e+04,3.400000000000000000e+01
2.960700000000000000e+04,3.400000000000000000e+01
2.967500000000000000e+04,6.800000000000000000e+01
2.971400000000000000e+04,3.900000000000000000e+01
2.977300000000000000e+04,5.900000000000000000e+01
2.981100000000000000e+04,3.800000000000000000e+01
2.982800000000000000e+04,1.700000000000000000e+01
2.987000000000000000e+04,4.200000000000000000e+01
2.990400000000000000e+04,3.400000000000000000e+01
2.998900000000000000e+04,8.500000000000000000e+01
3.001500000000000000e+04,2.600000000000000000e+01
3.005000000000000000e+04,3.500000000000000000e+01
3.007200000000000000e+04,2.200000000000000000e+01
3.011300000000000000e+04,4.100000000000000000e+01
3.017700000000000000e+04,6.400000000000000000e+01
3.027700000000000000e+04,1.000000000000000000e+02
3.030000000000000000e+04,2.300000000000000000e+01
3.032800000000000000e+04,2.800000000000000000e+01
3.036500000000000000e+04,3.700000000000000000e+01
3.038900000000000000e+04,2.400000000000000000e+01
3.041300000000000000e+04,2.400000000000000000e+01
3.046800000000000000e+04,5.500000000000000000e+01
3.054700000000000000e+04,7.900000000000000000e+01
3.058400000000000000e+04,3.700000000000000000e+01
3.062300000000000000e+04,3.900000000000000000e+01
3.067100000000000000e+04,4.800000000000000000e+01
3.073000000000000000e+04,5.900000000000000000e+01
3.076400000000000000e+04,3.400000000000000000e+01
3.081900000000000000e+04,5.500000000000000000e+01
3.085800000000000000e+04,3.900000000000000000e+01
3.089100000000000000e+04,3.300000000000000000e+01
3.095300000000000000e+04,6.200000000000000000e+01
3.100200000000000000e+04,4.900000000000000000e+01
3.109500000000000000e+04,9.300000000000000000e+01
3.115400000000000000e+04,5.900000000000000000e+01
3.120800000000000000e+04,5.400000000000000000e+01
3.126200000000000000e+04,5.400000000000000000e+01
3.131900000000000000e+04,5.700000000000000000e+01
3.137500000000000000e+04,5.600000000000000000e+01
3.141900000000000000e+04,4.400000000000000000e+01
3.148600000000000000e+04,6.700000000000000000e+01
3.151300000000000000e+04,2.700000000000000000e+01
3.155600000000000000e+04,4.300000000000000000e+01
3.161500000000000000e+04,5.900000000000000000e+01
3.168600000000000000e+04,7.100000000000000000e+01
3.172900000000000000e+04,4.300000000000000000e+01
3.176700000000000000e+04,3.800000000000000000e+01
3.181100000000000000e+04,4.400000000000000000e+01
3.186500000000000000e+04,5.400000000000000000e+01
3.191000000000000000e+04,4.500000000000000000e+01
3.196800000000000000e+04,5.800000000000000000e+01
3.206400000000000000e+04,9.600000000000000000e+01
3.211400000000000000e+04,5.000000000000000000e+01
3.214500000000000000e+04,3.100000000000000000e+01
3.220100000000000000e+04,5.600000000000000000e+01
3.225900000000000000e+04,5.800000000000000000e+01
3.229000000000000000e+04,3.100000000000000000e+01
3.233300000000000000e+04,4.300000000000000000e+01
3.238900000000000000e+04,5.600000000000000000e+01
3.243300000000000000e+04,4.400000000000000000e+01
3.246700000000000000e+04,3.400000000000000000e+01
3.249100000000000000e+04,2.400000000000000000e+01
3.256300000000000000e+04,7.200000000000000000e+01
3.259900000000000000e+04,3.600000000000000000e+01
3.263900000000000000e+04,4.000000000000000000e+01
3.268900000000000000e+04,5.000000000000000000e+01
3.274000000000000000e+04,5.100000000000000000e+01
3.279100000000000000e+04,5.100000000000000000e+01
3.283300000000000000e+04,4.200000000000000000e+01
3.290600000000000000e+04,7.300000000000000000e+01
3.295400000000000000e+04,4.800000000000000000e+01
3.299000000000000000e+04,3.600000000000000000e+01
3.302300000000000000e+04,3.300000000000000000e+01
3.304600000000000000e+04,2.300000000000000000e+01
3.309000000000000000e+04,4.400000000000000000e+01
3.316700000000000000e+04,7.700000000000000000e+01
3.322700000000000000e+04,6.000000000000000000e+01
3.327000000000000000e+04,4.300000000000000000e+01
3.330300000000000000e+04,3.300000000000000000e+01
3.334300000000000000e+04,4.000000000000000000e+01
3.339400000000000000e+04,5.100000000000000000e+01
3.342600000000000000e+04,3.200000000000000000e+01
3.349000000000000000e+04,6.400000000000000000e+01
3.355500000000000000e+04,6.500000000000000000e+01
3.360500000000000000e+04,5.000000000000000000e+01
3.364200000000000000e+04,3.700000000000000000e+01
3.373000000000000000e+04,8.800000000000000000e+01
3.376100000000000000e+04,3.100000000000000000e+01
3.380400000000000000e+04,4.300000000000000000e+01
3.389400000000000000e+04,9.000000000000000000e+01
3.395000000000000000e+04,5.600000000000000000e+01
3.399700000000000000e+04,4.700000000000000000e+01
3.406200000000000000e+04,6.500000000000000000e+01
3.412700000000000000e+04,6.500000000000000000e+01
3.415700000000000000e+04,3.000000000000000000e+01
3.424300000000000000e+04,8.600000000000000000e+01
3.428200000000000000e+04,3.900000000000000000e+01
3.436300000000000000e+04,8.100000000000000000e+01
3.440100000000000000e+04,3.800000000000000000e+01
3.444400000000000000e+04,4.300000000000000000e+01
3.454400000000000000e+04,1.000000000000000000e+02
3.460000000000000000e+04,5.600000000000000000e+01
3.463800000000000000e+04,3.800000000000000000e+01
3.469200000000000000e+04,5.400000000000000000e+01
3.471800000000000000e+04,2.600000000000000000e+01
3.479800000000000000e+04,8.000000000000000000e+01
3.484800000000000000e+04,5.000000000000000000e+01
3.490500000000000000e+04,5.700000000000000000e+01
3.493300000000000000e+04,2.800000000000000000e+01
3.497900000000000000e+04,4.600000000000000000e+01
3.502500000000000000e+04,4.600000000000000000e+01
3.503900000000000000e+04,1.400000000000000000e+01
3.510100000000000000e+04,6.200000000000000000e+01
3.513500000000000000e+04,3.400000000000000000e+01
3.516800000000000000e+04,3.300000000000000000e+01
3.521000000000000000e+04,4.200000000000000000e+01
3.524900000000000000e+04,3.900000000000000000e+01
3.530200000000000000e+04,5.300000000000000000e+01
3.534600000000000000e+04,4.400000000000000000e+01
3.540500000000000000e+04,5.900000000000000000e+01
3.547400000000000000e+04,6.900000000000000000e+01
3.552300000000000000e+04,4.900000000000000000e+01
3.554600000000000000e+04,2.300000000000000000e+01
3.558500000000000000e+04,3.900000000000000000e+01
3.563700000000000000e+04,5.200000000000000000e+01
3.568100000000000000e+04,4.400000000000000000e+01
3.569300000000000000e+04,1.200000000000000000e+01
3.575000000000000000e+04,5.700000000000000000e+01
3.578000000000000000e+04,3.000000000000000000e+01
3.585000000000000000e+04,7.000000000000000000e+01
3.587700000000000000e+04,2.700000000000000000e+01
3.592400000000000000e+04,4.700000000000000000e+01
3.601500000000000000e+04,9.100000000000000000e+01
3.604000000000000000e+04,2.500000000000000000e+01
3.607600000000000000e+04,3.600000000000000000e+01
3.612000000000000000e+04,4.400000000000000000e+01
3.616700000000000000e+04,4.700000000000000000e+01
3.623400000000000000e+04,6.700000000000000000e+01
3.627700000000000000e+04,4.300000000000000000e+01
3.633100000000000000e+04,5.400000000000000000e+01
3.637100000000000000e+04,4.000000000000000000e+01
3.640900000000000000e+04,3.800000000000000000e+01
3.645500000000000000e+04,4.600000000000000000e+01
3.653900000000000000e+04,8.400000000000000000e+01
3.660300000000000000e+04,6.400000000000000000e+01
3.664300000000000000e+04,4.000000000000000000e+01
3.668200000000000000e+04,3.900000000000000000e+01
3.673200000000000000e+04,5.000000000000000000e+01
3.675500000000000000e+04,2.300000000000000000e+01
3.678000000000000000e+04,2.500000000000000000e+01
3.682100000000000000e+04,4.100000000000000000e+01
3.685400000000000000e+04,3.300000000000000000e+01
3.693000000000000000e+04,7.600000000000000000e+01
3.697000000000000000e+04,4.000000000000000000e+01
3.699600000000000000e+04,2.600000000000000000e+01
3.704400000000000000e+04,4.800000000000000000e+01
3.707300000000000000e+04,2.900000000000000000e+01
3.711800000000000000e+04,4.500000000000000000e+01
3.717300000000000000e+04,5.500000000000000000e+01
3.719800000000000000e+04,2.500000000000000000e+01
3.724600000000000000e+04,4.800000000000000000e+01
3.727100000000000000e+04,2.500000000000000000e+01
3.729300000000000000e+04,2.200000000000000000e+01
3.733500000000000000e+04,4.200000000000000000e+01
3.740600000000000000e+04,7.100000000000000000e+01
3.746900000000000000e+04,6.300000000000000000e+01
3.752500000000000000e+04,5.600000000000000000e+01
3.758200000000000000e+04,5.700000000000000000e+01
3.762300000000000000e+04,4.100000000000000000e+01
3.772000000000000000e+04,9.700000000000000000e+01
3.774400000000000000e+04,2.400000000000000000e+01
3.777200000000000000e+04,2.800000000000000000e+01
3.783900000000000000e+04,6.700000000000000000e+01
3.789200000000000000e+04,5.300000000000000000e+01
3.792700000000000000e+04,3.500000000000000000e+01
3.799000000000000000e+04,6.300000000000000000e+01
3.805300000000000000e+04,6.300000000000000000e+01
3.808300000000000000e+04,3.000000000000000000e+01
3.810500000000000000e+04,2.200000000000000000e+01
3.816600000000000000e+04,6.100000000000000000e+01
3.822600000000000000e+04,6.000000000000000000e+01
3.826600000000000000e+04,4.000000000000000000e+01
3.832600000000000000e+04,6.000000000000000000e+01
3.836400000000000000e+04,3.800000000000000000e+01
3.842100000000000000e+04,5.700000000000000000e+01
3.850400000000000000e+04,8.300000000000000000e+01
3.853500000000000000e+04,3.100000000000000000e+01
3.857400000000000000e+04,3.900000000000000000e+01
3.863000000000000000e+04,5.600000000000000000e+01
3.865700000000000000e+04,2.700000000000000000e+01
3.868200000000000000e+04,2.500000000000000000e+01
3.872600000000000000e+04,4.400000000000000000e+01
3.876300000000000000e+04,3.700000000000000000e+01
3.878300000000000000e+04,2.000000000000000000e+01
3.883600000000000000e+04,5.300000000000000000e+01
3.890100000000000000e+04,6.500000000000000000e+01
3.892900000000000000e+04,2.800000000000000000e+01
3.899600000000000000e+04,6.700000000000000000e+01
3.905000000000000000e+04,5.400000000000000000e+01
3.910800000000000000e+04,5.800000000000000000e+01
3.913000000000000000e+04,2.200000000000000000e+01
3.919500000000000000e+04,6.500000000000000000e+01
3.921900000000000000e+04,2.400000000000000000e+01
3.925400000000000000e+04,3.500000000000000000e+01
3.929100000000000000e+04,3.700000000000000000e+01
3.931200000000000000e+04,2.100000000000000000e+01
3.938500000000000000e+04,7.300000000000000000e+01
3.948200000000000000e+04,9.700000000000000000e+01
3.951100000000000000e+04,2.900000000000000000e+01
3.956200000000000000e+04,5.100000000000000000e+01
3.960600000000000000e+04,4.400000000000000000e+01
3.967100000000000000e+04,6.500000000000000000e+01
3.968800000000000000e+04,1.700000000000000000e+01
3.973100000000000000e+04,4.300000000000000000e+01
3.977200000000000000e+04,4.100000000000000000e+01
3.978700000000000000e+04,1.500000000000000000e+01
3.983800000000000000e+04,5.100000000000000000e+01
3.988800000000000000e+04,5.000000000000000000e+01
3.992600000000000000e+04,3.800000000000000000e+01
3.998400000000000000e+04,5.800000000000000000e+01
4.003600000000000000e+04,5.200000000000000000e+01
4.007200000000000000e+04,3.600000000000000000e+01
4.015700000000000000e+04,8.500000000000000000e+01
4.023300000000000000e+04,7.600000000000000000e+01
4.029900000000000000e+04,6.600000000000000000e+01
4.032600000000000000e+04,2.700000000000000000e+01
4.040100000000000000e+04,7.500000000000000000e+01
4.045800000000000000e+04,5.700000000000000000e+01
4.050200000000000000e+04,4.400000000000000000e+01
4.054500000000000000e+04,4.300000000000000000e+01
4.057900000000000000e+04,3.400000000000000000e+01
4.064000000000000000e+04,6.100000000000000000e+01
4.068100000000000000e+04,4.100000000000000000e+01
4.073100000000000000e+04,5.000000000000000000e+01
4.086200000000000000e+04,1.310000000000000000e+02
4.089500000000000000e+04,3.300000000000000000e+01
4.094000000000000000e+04,4.500000000000000000e+01
4.099400000000000000e+04,5.400000000000000000e+01
4.102000000000000000e+04,2.600000000000000000e+01
4.109100000000000000e+04,7.100000000000000000e+01
4.113000000000000000e+04,3.900000000000000000e+01
4.121600000000000000e+04,8.600000000000000000e+01
4.125100000000000000e+04,3.500000000000000000e+01
4.128300000000000000e+04,3.200000000000000000e+01
4.134800000000000000e+04,6.500000000000000000e+01
4.138600000000000000e+04,3.800000000000000000e+01
4.141700000000000000e+04,3.100000000000000000e+01
4.147400000000000000e+04,5.700000000000000000e+01
4.149800000000000000e+04,2.400000000000000000e+01
4.154000000000000000e+04,4.200000000000000000e+01
4.157700000000000000e+04,3.700000000000000000e+01
4.160800000000000000e+04,3.100000000000000000e+01
4.167500000000000000e+04,6.700000000000000000e+01
4.169800000000000000e+04,2.300000000000000000e+01
4.173100000000000000e+04,3.300000000000000000e+01
4.180300000000000000e+04,7.200000000000000000e+01
4.185000000000000000e+04,4.700000000000000000e+01
4.193300000000000000e+04,8.300000000000000000e+01
4.201200000000000000e+04,7.900000000000000000e+01
4.205200000000000000e+04,4.000000000000000000e+01
4.209300000000000000e+04,4.100000000000000000e+01
4.214100000000000000e+04,4.800000000000000000e+01
4.227200000000000000e+04,1.310000000000000000e+02
4.233500000000000000e+04,6.300000000000000000e+01
4.241800000000000000e+04,8.300000000000000000e+01
4.246200000000000000e+04,4.400000000000000000e+01
4.252500000000000000e+04,6.300000000000000000e+01
4.261700000000000000e+04,9.200000000000000000e+01
4.263900000000000000e+04,2.200000000000000000e+01
4.267100000000000000e+04,3.200000000000000000e+01
4.270500000000000000e+04,3.400000000000000000e+01
4.273200000000000000e+04,2.700000000000000000e+01
4.280900000000000000e+04,7.700000000000000000e+01
4.288200000000000000e+04,7.300000000000000000e+01
4.293400000000000000e+04,5.200000000000000000e+01
4.296500000000000000e+04,3.100000000000000000e+01
4.299100000000000000e+04,2.600000000000000000e+01
4.301100000000000000e+04,2.000000000000000000e+01
4.306300000000000000e+04,5.200000000000000000e+01
4.313400000000000000e+04,7.100000000000000000e+01
4.317600000000000000e+04,4.200000000000000000e+01
4.321300000000000000e+04,3.700000000000000000e+01
4.326300000000000000e+04,5.000000000000000000e+01
4.330800000000000000e+04,4.500000000000000000e+01
4.334600000000000000e+04,3.800000000000000000e+01
4.340100000000000000e+04,5.500000000000000000e+01
4.342700000000000000e+04,2.600000000000000000e+01
4.353000000000000000e+04,1.030000000000000000e+02
4.357200000000000000e+04,4.200000000000000000e+01
4.359700000000000000e+04,2.500000000000000000e+01
4.363400000000000000e+04,3.700000000000000000e+01
4.368300000000000000e+04,4.900000000000000000e+01
4.373500000000000000e+04,5.200000000000000000e+01
4.381500000000000000e+04,8.000000000000000000e+01
4.384200000000000000e+04,2.700000000000000000e+01
4.389300000000000000e+04,5.100000000000000000e+01
4.391900000000000000e+04,2.600000000000000000e+01
4.396000000000000000e+04,4.100000000000000000e+01
4.399800000000000000e+04,3.800000000000000000e+01
4.404100000000000000e+04,4.300000000000000000e+01
4.406800000000000000e+04,2.700000000000000000e+01
4.411900000000000000e+04,5.100000000000000000e+01
4.415500000000000000e+04,3.600000000000000000e+01
4.419600000000000000e+04,4.100000000000000000e+01
4.422900000000000000e+04,3.300000000000000000e+01
4.427400000000000000e+04,4.500000000000000000e+01
4.434600000000000000e+04,7.200000000000000000e+01
4.439000000000000000e+04,4.400000000000000000e+01
4.444200000000000000e+04,5.200000000000000000e+01
4.449900000000000000e+04,5.700000000000000000e+01
4.452400000000000000e+04,2.500000000000000000e+01
4.456800000000000000e+04,4.400000000000000000e+01
4.462400000000000000e+04,5.600000000000000000e+01
4.465800000000000000e+04,3.400000000000000000e+01
4.471600000000000000e+04,5.800000000000000000e+01
4.475100000000000000e+04,3.500000000000000000e+01
4.481000000000000000e+04,5.900000000000000000e+01
4.485500000000000000e+04,4.500000000000000000e+01
4.491300000000000000e+04,5.800000000000000000e+01
4.494000000000000000e+04,2.700000000000000000e+01
4.501600000000000000e+04,7.600000000000000000e+01
4.504500000000000000e+04,2.900000000000000000e+01
4.508400000000000000e+04,3.900000000000000000e+01
4.515400000000000000e+04,7.000000000000000000e+01
4.519300000000000000e+04,3.900000000000000000e+01
4.523200000000000000e+04,3.900000000000000000e+01
4.525700000000000000e+04,2.500000000000000000e+01
4.530400000000000000e+04,4.700000000000000000e+01
4.532800000000000000e+04,2.400000000000000000e+01
4.536300000000000000e+04,3.500000000000000000e+01
4.539500000000000000e+04,3.200000000000000000e+01
4.549300000000000000e+04,9.800000000000000000e+01
4.555700000000000000e+04,6.400000000000000000e+01
4.560300000000000000e+04,4.600000000000000000e+01
4.567000000000000000e+04,6.700000000000000000e+01
4.571900000000000000e+04,4.900000000000000000e+01
4.578300000000000000e+04,6.400000000000000000e+01
4.585100000000000000e+04,6.800000000000000000e+01
4.588800000000000000e+04,3.700000000000000000e+01
4.593100000000000000e+04,4.300000000000000000e+01
4.596900000000000000e+04,3.800000000000000000e+01
4.600500000000000000e+04,3.600000000000000000e+01
4.606200000000000000e+04,5.700000000000000000e+01
4.608700000000000000e+04,2.500000000000000000e+01
4.612900000000000000e+04,4.200000000000000000e+01
4.615100000000000000e+04,2.200000000000000000e+01
4.619800000000000000e+04,4.700000000000000000e+01
4.624500000000000000e+04,4.700000000000000000e+01
4.626900000000000000e+04,2.400000000000000000e+01
4.634600000000000000e+04,7.700000000000000000e+01
4.635800000000000000e+04,1.200000000000000000e+01
4.642100000000000000e+04,6.300000000000000000e+01
4.646300000000000000e+04,4.200000000000000000e+01
4.651900000000000000e+04,5.600000000000000000e+01
4.655900000000000000e+04,4.000000000000000000e+01
4.662100000000000000e+04,6.200000000000000000e+01
4.665600000000000000e+04,3.500000000000000000e+01
4.670900000000000000e+04,5.300000000000000000e+01
4.674500000000000000e+04,3.600000000000000000e+01
4.677200000000000000e+04,2.700000000000000000e+01
4.681700000000000000e+04,4.500000000000000000e+01
4.690400000000000000e+04,8.700000000000000000e+01
4.693000000000000000e+04,2.600000000000000000e+01
4.696500000000000000e+04,3.500000000000000000e+01
4.702800000000000000e+04,6.300000000000000000e+01
4.705200000000000000e+04,2.400000000000000000e+01
4.708700000000000000e+04,3.500000000000000000e+01
4.712100000000000000e+04,3.400000000000000000e+01
4.717700000000000000e+04,5.600000000000000000e+01
4.722200000000000000e+04,4.500000000000000000e+01
4.728600000000000000e+04,6.400000000000000000e+01
4.733300000000000000e+04,4.700000000000000000e+01
4.739700000000000000e+04,6.400000000000000000e+01
4.744000000000000000e+04,4.300000000000000000e+01
4.749100000000000000e+04,5.100000000000000000e+01
4.754000000000000000e+04,4.900000000000000000e+01
4.757800000000000000e+04,3.800000000000000000e+01
4.762900000000000000e+04,5.100000000000000000e+01
4.766900000000000000e+04,4.000000000000000000e+01
4.771500000000000000e+04,4.600000000000000000e+01
4.774200000000000000e+04,2.700000000000000000e+01
4.778600000000000000e+04,4.400000000000000000e+01
4.780700000000000000e+04,2.100000000000000000e+01
4.784400000000000000e+04,3.700000000000000000e+01
4.788200000000000000e+04,3.800000000000000000e+01
4.792100000000000000e+04,3.900000000000000000e+01
4.797700000000000000e+04,5.600000000000000000e+01
4.802200000000000000e+04,4.500000000000000000e+01
4.806400000000000000e+04,4.200000000000000000e+01
4.811800000000000000e+04,5.400000000000000000e+01
4.818100000000000000e+04,6.300000000000000000e+01
4.825500000000000000e+04,7.400000000000000000e+01
4.828000000000000000e+04,2.500000000000000000e+01
4.835100000000000000e+04,7.100000000000000000e+01
4.838800000000000000e+04,3.700000000000000000e+01
4.848100000000000000e+04,9.300000000000000000e+01
4.854500000000000000e+04,6.400000000000000000e+01
4.862800000000000000e+04,8.300000000000000000e+01
4.865500000000000000e+04,2.700000000000000000e+01
4.870300000000000000e+04,4.800000000000000000e+01
4.875300000000000000e+04,5.000000000000000000e+01
4.883300000000000000e+04,8.000000000000000000e+01
4.887400000000000000e+04,4.100000000000000000e+01
4.893900000000000000e+04,6.500000000000000000e+01
4.898600000000000000e+04,4.700000000000000000e+01
4.903900000000000000e+04,5.300000000000000000e+01
4.906800000000000000e+04,2.900000000000000000e+01
4.910700000000000000e+04,3.900000000000000000e+01
4.915400000000000000e+04,4.700000000000000000e+01
4.921200000000000000e+04,5.800000000000000000e+01
4.926300000000000000e+04,5.100000000000000000e+01
4.932700000000000000e+04,6.400000000000000000e+01
4.936500000000000000e+04,3.800000000000000000e+01
4.939900000000000000e+04,3.400000000000000000e+01
4.948200000000000000e+04,8.300000000000000000e+01
4.952200000000000000e+04,4.000000000000000000e+01
4.956300000000000000e+04,4.100000000000000000e+01
4.961400000000000000e+04,5.100000000000000000e+01
4.966700000000000000e+04,5.300000000000000000e+01
4.975000000000000000e+04,8.300000000000000000e+01
4.978900000000000000e+04,3.900000000000000000e+01
4.983600000000000000e+04,4.700000000000000000e+01
4.987600000000000000e+04,4.000000000000000000e+01
4.993900000000000000e+04,6.300000000000000000e+01
4.998400000000000000e+04,4.500000000000000000e+01
5.003900000000000000e+04,5.500000000000000000e+01
5.006300000000000000e+04,2.400000000000000000e+01
5.010500000000000000e+04,4.200000000000000000e+01
5.013300000000000000e+04,2.800000000000000000e+01
5.017400000000000000e+04,4.100000000000000000e+01
5.024100000000000000e+04,6.700000000000000000e+01
5.027500000000000000e+04,3.400000000000000000e+01
5.033800000000000000e+04,6.300000000000000000e+01
5.040200000000000000e+04,6.400000000000000000e+01
5.044800000000000000e+04,4.600000000000000000e+01
5.048900000000000000e+04,4.100000000000000000e+01
5.053900000000000000e+04,5.000000000000000000e+01
5.059000000000000000e+04,5.100000000000000000e+01
5.064500000000000000e+04,5.500000000000000000e+01
5.067900000000000000e+04,3.400000000000000000e+01
5.070500000000000000e+04,2.600000000000000000e+01
5.075000000000000000e+04,4.500000000000000000e+01
5.079100000000000000e+04,4.100000000000000000e+01
5.083300000000000000e+04,4.200000000000000000e+01
5.088100000000000000e+04,4.800000000000000000e+01
5.096400000000000000e+04,8.300000000000000000e+01
5.101900000000000000e+04,5.500000000000000000e+01
5.107900000000000000e+04,6.000000000000000000e+01
5.114400000000000000e+04,6.500000000000000000e+01
5.119400000000000000e+04,5.000000000000000000e+01
5.123300000000000000e+04,3.900000000000000000e+01
5.126400000000000000e+04,3.100000000000000000e+01
5.130000000000000000e+04,3.600000000000000000e+01
5.134200000000000000e+04,4.200000000000000000e+01
5.138100000000000000e+04,3.900000000000000000e+01
5.143800000000000000e+04,5.700000000000000000e+01
5.147800000000000000e+04,4.000000000000000000e+01
5.151300000000000000e+04,3.500000000000000000e+01
5.155600000000000000e+04,4.300000000000000000e+01
5.159600000000000000e+04,4.000000000000000000e+01
5.163200000000000000e+04,3.600000000000000000e+01
5.167300000000000000e+04,4.100000000000000000e+01
5.170700000000000000e+04,3.400000000000000000e+01
5.174600000000000000e+04,3.900000000000000000e+01
5.179700000000000000e+04,5.100000000000000000e+01
5.183500000000000000e+04,3.800000000000000000e+01
5.188500000000000000e+04,5.000000000000000000e+01
5.190700000000000000e+04,2.200000000000000000e+01
5.196900000000000000e+04,6.200000000000000000e+01
5.202300000000000000e+04,5.400000000000000000e+01
5.204800000000000000e+04,2.500000000000000000e+01
5.207000000000000000e+04,2.200000000000000000e+01
5.213900000000000000e+04,6.900000000000000000e+01
5.219100000000000000e+04,5.200000000000000000e+01
5.223200000000000000e+04,4.100000000000000000e+01
5.227000000000000000e+04,3.800000000000000000e+01
5.231700000000000000e+04,4.700000000000000000e+01
5.235700000000000000e+04,4.000000000000000000e+01
5.241200000000000000e+04,5.500000000000000000e+01
5.244800000000000000e+04,3.600000000000000000e+01
5.249400000000000000e+04,4.600000000000000000e+01
5.254300000000000000e+04,4.900000000000000000e+01
5.259300000000000000e+04,5.000000000000000000e+01
5.265500000000000000e+04,6.200000000000000000e+01
5.271800000000000000e+04,6.300000000000000000e+01
5.274600000000000000e+04,2.800000000000000000e+01
5.280400000000000000e+04,5.800000000000000000e+01
5.283000000000000000e+04,2.600000000000000000e+01
5.286700000000000000e+04,3.700000000000000000e+01
5.290000000000000000e+04,3.300000000000000000e+01
5.295400000000000000e+04,5.400000000000000000e+01
5.299100000000000000e+04,3.700000000000000000e+01
5.304300000000000000e+04,5.200000000000000000e+01
5.308500000000000000e+04,4.200000000000000000e+01
5.311200000000000000e+04,2.700000000000000000e+01
5.313500000000000000e+04,2.300000000000000000e+01
5.322000000000000000e+04,8.500000000000000000e+01
5.328000000000000000e+04,6.000000000000000000e+01
5.331900000000000000e+04,3.900000000000000000e+01
5.338300000000000000e+04,6.400000000000000000e+01
5.341700000000000000e+04,3.400000000000000000e+01
5.347400000000000000e+04,5.700000000000000000e+01
5.353000000000000000e+04,5.600000000000000000e+01
5.355500000000000000e+04,2.500000000000000000e+01
5.358000000000000000e+04,2.500000000000000000e+01
5.360400000000000000e+04,2.400000000000000000e+01
5.365600000000000000e+04,5.200000000000000000e+01
5.368200000000000000e+04,2.600000000000000000e+01
5.373000000000000000e+04,4.800000000000000000e+01
5.377800000000000000e+04,4.800000000000000000e+01
5.382900000000000000e+04,5.100000000000000000e+01
5.387900000000000000e+04,5.000000000000000000e+01
5.395400000000000000e+04,7.500000000000000000e+01
5.399000000000000000e+04,3.600000000000000000e+01
5.403800000000000000e+04,4.800000000000000000e+01
5.409400000000000000e+04,5.600000000000000000e+01
5.412100000000000000e+04,2.700000000000000000e+01
5.416600000000000000e+04,4.500000000000000000e+01
5.419700000000000000e+04,3.100000000000000000e+01
5.426300000000000000e+04,6.600000000000000000e+01
5.431700000000000000e+04,5.400000000000000000e+01
5.434100000000000000e+04,2.400000000000000000e+01
5.440500000000000000e+04,6.400000000000000000e+01
5.443300000000000000e+04,2.800000000000000000e+01
5.445200000000000000e+04,1.900000000000000000e+01
5.449500000000000000e+04,4.300000000000000000e+01
5.454900000000000000e+04,5.400000000000000000e+01
5.458400000000000000e+04,3.500000000000000000e+01
5.465900000000000000e+04,7.500000000000000000e+01
5.472600000000000000e+04,6.700000000000000000e+01
5.475500000000000000e+04,2.900000000000000000e+01
5.478500000000000000e+04,3.000000000000000000e+01
5.484000000000000000e+04,5.500000000000000000e+01
5.487400000000000000e+04,3.400000000000000000e+01
5.492800000000000000e+04,5.400000000000000000e+01
5.494900000000000000e+04,2.100000000000000000e+01
5.499000000000000000e+04,4.100000000000000000e+01
5.501400000000000000e+04,2.400000000000000000e+01
5.505200000000000000e+04,3.800000000000000000e+01
5.507700000000000000e+04,2.500000000000000000e+01
5.511500000000000000e+04,3.800000000000000000e+01
5.517000000000000000e+04,5.500000000000000000e+01
5.522400000000000000e+04,5.400000000000000000e+01
5.527800000000000000e+04,5.400000000000000000e+01
5.531500000000000000e+04,3.700000000000000000e+01
5.535200000000000000e+04,3.700000000000000000e+01
5.540600000000000000e+04,5.400000000000000000e+01
5.544400000000000000e+04,3.800000000000000000e+01
5.546900000000000000e+04,2.500000000000000000e+01
5.550500000000000000e+04,3.600000000000000000e+01
5.555100000000000000e+04,4.600000000000000000e+01
5.558800000000000000e+04,3.700000000000000000e+01
5.563400000000000000e+04,4.600000000000000000e+01
5.570100000000000000e+04,6.700000000000000000e+01
5.576300000000000000e+04,6.200000000000000000e+01
5.580900000000000000e+04,4.600000000000000000e+01
5.587600000000000000e+04,6.700000000000000000e+01
5.592600000000000000e+04,5.000000000000000000e+01
5.599500000000000000e+04,6.900000000000000000e+01
5.603400000000000000e+04,3.900000000000000000e+01
5.608300000000000000e+04,4.900000000000000000e+01
5.614000000000000000e+04,5.700000000000000000e+01
5.619600000000000000e+04,5.600000000000000000e+01
5.625000000000000000e+04,5.400000000000000000e+01
5.630100000000000000e+04,5.100000000000000000e+01
5.639400000000000000e+04,9.300000000000000000e+01
5.641800000000000000e+04,2.400000000000000000e+01
5.645000000000000000e+04,3.200000000000000000e+01
5.651600000000000000e+04,6.600000000000000000e+01
5.654600000000000000e+04,3.000000000000000000e+01
5.662800000000000000e+04,8.200000000000000000e+01
5.666700000000000000e+04,3.900000000000000000e+01
5.672400000000000000e+04,5.700000000000000000e+01
5.678200000000000000e+04,5.800000000000000000e+01
5.682400000000000000e+04,4.200000000000000000e+01
5.685500000000000000e+04,3.100000000000000000e+01
5.690300000000000000e+04,4.800000000000000000e+01
5.695000000000000000e+04,4.700000000000000000e+01
5.699300000000000000e+04,4.300000000000000000e+01
5.702100000000000000e+04,2.800000000000000000e+01
5.710200000000000000e+04,8.100000000000000000e+01
5.714300000000000000e+04,4.100000000000000000e+01
5.718100000000000000e+04,3.800000000000000000e+01
5.720900000000000000e+04,2.800000000000000000e+01
5.726400000000000000e+04,5.500000000000000000e+01
5.730400000000000000e+04,4.000000000000000000e+01
5.735600000000000000e+04,5.200000000000000000e+01
5.740200000000000000e+04,4.600000000000000000e+01
5.745300000000000000e+04,5.100000000000000000e+01
5.749000000000000000e+04,3.700000000000000000e+01
5.751400000000000000e+04,2.400000000000000000e+01
5.755800000000000000e+04,4.400000000000000000e+01
5.762400000000000000e+04,6.600000000000000000e+01
5.766900000000000000e+04,4.500000000000000000e+01
5.771100000000000000e+04,4.200000000000000000e+01
5.774100000000000000e+04,3.000000000000000000e+01
5.781000000000000000e+04,6.900000000000000000e+01
5.784000000000000000e+04,3.000000000000000000e+01
5.790700000000000000e+04,6.700000000000000000e+01
5.795500000000000000e+04,4.800000000000000000e+01
5.799700000000000000e+04,4.200000000000000000e+01
5.803500000000000000e+04,3.800000000000000000e+01
5.808600000000000000e+04,5.100000000000000000e+01
5.812300000000000000e+04,3.700000000000000000e+01
5.816600000000000000e+04,4.300000000000000000e+01
5.819100000000000000e+04,2.500000000000000000e+01
5.821500000000000000e+04,2.400000000000000000e+01
5.826500000000000000e+04,5.000000000000000000e+01
5.830200000000000000e+04,3.700000000000000000e+01
5.834800000000000000e+04,4.600000000000000000e+01
5.840900000000000000e+04,6.100000000000000000e+01
5.844100000000000000e+04,3.200000000000000000e+01
5.852900000000000000e+04,8.800000000000000000e+01
5.857600000000000000e+04,4.700000000000000000e+01
5.862500000000000000e+04,4.900000000000000000e+01
5.867600000000000000e+04,5.100000000000000000e+01
5.872400000000000000e+04,4.800000000000000000e+01
5.878600000000000000e+04,6.200000000000000000e+01
5.883100000000000000e+04,4.500000000000000000e+01
5.887000000000000000e+04,3.900000000000000000e+01
5.891900000000000000e+04,4.900000000000000000e+01
5.894500000000000000e+04,2.600000000000000000e+01
5.898900000000000000e+04,4.400000000000000000e+01
5.904000000000000000e+04,5.100000000000000000e+01
5.908800000000000000e+04,4.800000000000000000e+01
5.913500000000000000e+04,4.700000000000000000e+01
5.917400000000000000e+04,3.900000000000000000e+01
5.920700000000000000e+04,3.300000000000000000e+01
5.924900000000000000e+04,4.200000000000000000e+01
5.928900000000000000e+04,4.000000000000000000e+01
5.935100000000000000e+04,6.200000000000000000e+01
5.939100000000000000e+04,4.000000000000000000e+01
5.945100000000000000e+04,6.000000000000000000e+01
5.948700000000000000e+04,3.600000000000000000e+01
5.950900000000000000e+04,2.200000000000000000e+01
5.956300000000000000e+04,5.400000000000000000e+01
5.958300000000000000e+04,2.000000000000000000e+01
5.962200000000000000e+04,3.900000000000000000e+01
5.966700000000000000e+04,4.500000000000000000e+01
5.973500000000000000e+04,6.800000000000000000e+01
5.977400000000000000e+04,3.900000000000000000e+01
5.983300000000000000e+04,5.900000000000000000e+01
5.989700000000000000e+04,6.400000000000000000e+01
5.993300000000000000e+04,3.600000000000000000e+01
5.997300000000000000e+04,4.000000000000000000e+01
6.000100000000000000e+04,2.800000000000000000e+01
6.003900000000000000e+04,3.800000000000000000e+01
6.006200000000000000e+04,2.300000000000000000e+01
6.012800000000000000e+04,6.600000000000000000e+01
6.020400000000000000e+04,7.600000000000000000e+01
6.021500000000000000e+04,1.100000000000000000e+01
6.024100000000000000e+04,2.600000000000000000e+01
6.027000000000000000e+04,2.900000000000000000e+01
6.032600000000000000e+04,5.600000000000000000e+01
6.037900000000000000e+04,5.300000000000000000e+01
6.043700000000000000e+04,5.800000000000000000e+01
6.047800000000000000e+04,4.100000000000000000e+01
6.054700000000000000e+04,6.900000000000000000e+01
6.058200000000000000e+04,3.500000000000000000e+01
6.062400000000000000e+04,4.200000000000000000e+01
6.064800000000000000e+04,2.400000000000000000e+01
6.069400000000000000e+04,4.600000000000000000e+01
6.073200000000000000e+04,3.800000000000000000e+01
6.076800000000000000e+04,3.600000000000000000e+01
6.079600000000000000e+04,2.800000000000000000e+01
6.082000000000000000e+04,2.400000000000000000e+01
6.085500000000000000e+04,3.500000000000000000e+01
6.090500000000000000e+04,5.000000000000000000e+01
6.093300000000000000e+04,2.800000000000000000e+01
6.101700000000000000e+04,8.400000000000000000e+01
6.107000000000000000e+04,5.300000000000000000e+01
6.110800000000000000e+04,3.800000000000000000e+01
6.115100000000000000e+04,4.300000000000000000e+01
6.119600000000000000e+04,4.500000000000000000e+01
6.123800000000000000e+04,4.200000000000000000e+01
6.127800000000000000e+04,4.000000000000000000e+01
6.136300000000000000e+04,8.500000000000000000e+01
6.141600000000000000e+04,5.300000000000000000e+01
6.145800000000000000e+04,4.200000000000000000e+01
6.148600000000000000e+04,2.800000000000000000e+01
6.154500000000000000e+04,5.900000000000000000e+01
6.158100000000000000e+04,3.600000000000000000e+01
6.161900000000000000e+04,3.800000000000000000e+01
6.165300000000000000e+04,3.400000000000000000e+01
6.170600000000000000e+04,5.300000000000000000e+01
6.178400000000000000e+04,7.800000000000000000e+01
6.183600000000000000e+04,5.200000000000000000e+01
6.189800000000000000e+04,6.200000000000000000e+01
6.193900000000000000e+04,4.100000000000000000e+01
6.196300000000000000e+04,2.400000000000000000e+01
6.200900000000000000e+04,4.600000000000000000e+01
6.204700000000000000e+04,3.800000000000000000e+01
6.209500000000000000e+04,4.800000000000000000e+01
6.214700000000000000e+04,5.200000000000000000e+01
6.219200000000000000e+04,4.500000000000000000e+01
6.226600000000000000e+04,7.400000000000000000e+01
6.233500000000000000e+04,6.900000000000000000e+01
6.236900000000000000e+04,3.400000000000000000e+01
6.241100000000000000e+04,4.200000000000000000e+01
6.245600000000000000e+04,4.500000000000000000e+01
6.250400000000000000e+04,4.800000000000000000e+01
6.253300000000000000e+04,2.900000000000000000e+01
6.257000000000000000e+04,3.700000000000000000e+01
6.262500000000000000e+04,5.500000000000000000e+01
6.266000000000000000e+04,3.500000000000000000e+01
6.273500000000000000e+04,7.500000000000000000e+01
6.276000000000000000e+04,2.500000000000000000e+01
6.280300000000000000e+04,4.300000000000000000e+01
6.283100000000000000e+04,2.800000000000000000e+01
6.286600000000000000e+04,3.500000000000000000e+01
6.291400000000000000e+04,4.800000000000000000e+01
6.295600000000000000e+04,4.200000000000000000e+01
6.300100000000000000e+04,4.500000000000000000e+01
6.304600000000000000e+04,4.500000000000000000e+01
6.312500000000000000e+04,7.900000000000000000e+01
6.316900000000000000e+04,4.400000000000000000e+01
6.320300000000000000e+04,3.400000000000000000e+01
6.326600000000000000e+04,6.300000000000000000e+01
6.331500000000000000e+04,4.900000000000000000e+01
6.333900000000000000e+04,2.400000000000000000e+01
6.339100000000000000e+04,5.200000000000000000e+01
6.341900000000000000e+04,2.800000000000000000e+01
6.345300000000000000e+04,3.400000000000000000e+01
6.350200000000000000e+04,4.900000000000000000e+01
6.354600000000000000e+04,4.400000000000000000e+01
6.360900000000000000e+04,6.300000000000000000e+01
6.364800000000000000e+04,3.900000000000000000e+01
6.367100000000000000e+04,2.300000000000000000e+01
6.375200000000000000e+04,8.100000000000000000e+01
6.377700000000000000e+04,2.500000000000000000e+01
6.380300000000000000e+04,2.600000000000000000e+01
6.386100000000000000e+04,5.800000000000000000e+01
6.390600000000000000e+04,4.500000000000000000e+01
6.396300000000000000e+04,5.700000000000000000e+01
6.400300000000000000e+04,4.000000000000000000e+01
6.404400000000000000e+04,4.100000000000000000e+01
6.409200000000000000e+04,4.800000000000000000e+01
6.413200000000000000e+04,4.000000000000000000e+01
6.419200000000000000e+04,6.000000000000000000e+01
6.425500000000000000e+04,6.300000000000000000e+01
6.429000000000000000e+04,3.500000000000000000e+01
6.434800000000000000e+04,5.800000000000000000e+01
6.438000000000000000e+04,3.200000000000000000e+01
6.443000000000000000e+04,5.000000000000000000e+01
6.445800000000000000e+04,2.800000000000000000e+01
6.450300000000000000e+04,4.500000000000000000e+01
6.454500000000000000e+04,4.200000000000000000e+01
6.456600000000000000e+04,2.100000000000000000e+01
6.459700000000000000e+04,3.100000000000000000e+01
6.463900000000000000e+04,4.200000000000000000e+01
6.466800000000000000e+04,2.900000000000000000e+01
6.472300000000000000e+04,5.500000000000000000e+01
6.476000000000000000e+04,3.700000000000000000e+01
6.481600000000000000e+04,5.600000000000000000e+01
6.488600000000000000e+04,7.000000000000000000e+01
6.494900000000000000e+04,6.300000000000000000e+01
6.500100000000000000e+04,5.200000000000000000e+01
6.502700000000000000e+04,2.600000000000000000e+01
6.508600000000000000e+04,5.900000000000000000e+01
6.512000000000000000e+04,3.400000000000000000e+01
6.516400000000000000e+04,4.400000000000000000e+01
6.519800000000000000e+04,3.400000000000000000e+01
6.524500000000000000e+04,4.700000000000000000e+01
6.530200000000000000e+04,5.700000000000000000e+01
6.535200000000000000e+04,5.000000000000000000e+01
6.540700000000000000e+04,5.500000000000000000e+01
6.544300000000000000e+04,3.600000000000000000e+01
6.550000000000000000e+04,5.700000000000000000e+01
6.556000000000000000e+04,6.000000000000000000e+01
6.559700000000000000e+04,3.700000000000000000e+01
6.564000000000000000e+04,4.300000000000000000e+01
6.567100000000000000e+04,3.100000000000000000e+01
6.572200000000000000e+04,5.100000000000000000e+01
6.576100000000000000e+04,3.900000000000000000e+01
6.579300000000000000e+04,3.200000000000000000e+01
6.583100000000000000e+04,3.800000000000000000e+01
6.585500000000000000e+04,2.400000000000000000e+01
6.590700000000000000e+04,5.200000000000000000e+01
6.598200000000000000e+04,7.500000000000000000e+01
6.601400000000000000e+04,3.200000000000000000e+01
6.607500000000000000e+04,6.100000000000000000e+01
6.610000000000000000e+04,2.500000000000000000e+01
6.614600000000000000e+04,4.600000000000000000e+01
6.617000000000000000e+04,2.400000000000000000e+01
6.620900000000000000e+04,3.900000000000000000e+01
6.625800000000000000e+04,4.900000000000000000e+01
6.630300000000000000e+04,4.500000000000000000e+01
6.634100000000000000e+04,3.800000000000000000e+01
6.639000000000000000e+04,4.900000000000000000e+01
6.641600000000000000e+04,2.600000000000000000e+01
6.646000000000000000e+04,4.400000000000000000e+01
6.649600000000000000e+04,3.600000000000000000e+01
6.651900000000000000e+04,2.300000000000000000e+01
6.656000000000000000e+04,4.100000000000000000e+01
6.658700000000000000e+04,2.700000000000000000e+01
6.664800000000000000e+04,6.100000000000000000e+01
6.670200000000000000e+04,5.400000000000000000e+01
6.673600000000000000e+04,3.400000000000000000e+01
6.679200000000000000e+04,5.600000000000000000e+01
6.682000000000000000e+04,2.800000000000000000e+01
6.689700000000000000e+04,7.700000000000000000e+01
6.693400000000000000e+04,3.700000000000000000e+01
6.699600000000000000e+04,6.200000000000000000e+01
6.702400000000000000e+04,2.800000000000000000e+01
6.706200000000000000e+04,3.800000000000000000e+01
6.709100000000000000e+04,2.900000000000000000e+01
6.711700000000000000e+04,2.600000000000000000e+01
6.718300000000000000e+04,6.600000000000000000e+01
6.725500000000000000e+04,7.200000000000000000e+01
6.730400000000000000e+04,4.900000000000000000e+01
6.735000000000000000e+04,4.600000000000000000e+01
6.737900000000000000e+04,2.900000000000000000e+01
6.743400000000000000e+04,5.500000000000000000e+01
6.746300000000000000e+04,2.900000000000000000e+01
6.749300000000000000e+04,3.000000000000000000e+01
6.752500000000000000e+04,3.200000000000000000e+01
6.755200000000000000e+04,2.700000000000000000e+01
6.762000000000000000e+04,6.800000000000000000e+01
6.765400000000000000e+04,3.400000000000000000e+01
6.769500000000000000e+04,4.100000000000000000e+01
6.773100000000000000e+04,3.600000000000000000e+01
6.775400000000000000e+04,2.300000000000000000e+01
6.778900000000000000e+04,3.500000000000000000e+01
6.782300000000000000e+04,3.400000000000000000e+01
6.784600000000000000e+04,2.300000000000000000e+01
6.791500000000000000e+04,6.900000000000000000e+01
6.798200000000000000e+04,6.700000000000000000e+01
6.803900000000000000e+04,5.700000000000000000e+01
6.813900000000000000e+04,1.000000000000000000e+02
6.817900000000000000e+04,4.000000000000000000e+01
6.820900000000000000e+04,3.000000000000000000e+01
6.827100000000000000e+04,6.200000000000000000e+01
6.833800000000000000e+04,6.700000000000000000e+01
6.837300000000000000e+04,3.500000000000000000e+01
6.842300000000000000e+04,5.000000000000000000e+01
6.847500000000000000e+04,5.200000000000000000e+01
6.853400000000000000e+04,5.900000000000000000e+01
6.857300000000000000e+04,3.900000000000000000e+01
6.864800000000000000e+04,7.500000000000000000e+01
6.869900000000000000e+04,5.100000000000000000e+01
6.873900000000000000e+04,4.000000000000000000e+01
6.877600000000000000e+04,3.700000000000000000e+01
6.884200000000000000e+04,6.600000000000000000e+01
6.886500000000000000e+04,2.300000000000000000e+01
6.890100000000000000e+04,3.600000000000000000e+01
6.896600000000000000e+04,6.500000000000000000e+01
6.900500000000000000e+04,3.900000000000000000e+01
6.904400000000000000e+04,3.900000000000000000e+01
6.909200000000000000e+04,4.800000000000000000e+01
6.911900000000000000e+04,2.700000000000000000e+01
6.914800000000000000e+04,2.900000000000000000e+01
6.918800000000000000e+04,4.000000000000000000e+01
6.924800000000000000e+04,6.000000000000000000e+01
6.927300000000000000e+04,2.500000000000000000e+01
6.930500000000000000e+04,3.200000000000000000e+01
6.936300000000000000e+04,5.800000000000000000e+01
6.942100000000000000e+04,5.800000000000000000e+01
6.947700000000000000e+04,5.600000000000000000e+01
6.952000000000000000e+04,4.300000000000000000e+01
6.957200000000000000e+04,5.200000000000000000e+01
6.960700000000000000e+04,3.500000000000000000e+01
6.964700000000000000e+04,4.000000000000000000e+01
6.973200000000000000e+04,8.500000000000000000e+01
6.978300000000000000e+04,5.100000000000000000e+01
6.983500000000000000e+04,5.200000000000000000e+01
6.987800000000000000e+04,4.300000000000000000e+01
6.991400000000000000e+04,3.600000000000000000e+01
6.996700000000000000e+04,5.300000000000000000e+01
6.999800000000000000e+04,3.100000000000000000e+01
7.003700000000000000e+04,3.900000000000000000e+01
7.006200000000000000e+04,2.500000000000000000e+01
7.014500000000000000e+04,8.300000000000000000e+01
7.018800000000000000e+04,4.300000000000000000e+01
7.022200000000000000e+04,3.400000000000000000e+01
7.028200000000000000e+04,6.000000000000000000e+01
7.038600000000000000e+04,1.040000000000000000e+02
7.040800000000000000e+04,2.200000000000000000e+01
7.044600000000000000e+04,3.800000000000000000e+01
7.048400000000000000e+04,3.800000000000000000e+01
7.050800000000000000e+04,2.400000000000000000e+01
7.056200000000000000e+04,5.400000000000000000e+01
7.060300000000000000e+04,4.100000000000000000e+01
7.062800000000000000e+04,2.500000000000000000e+01
7.066600000000000000e+04,3.800000000000000000e+01
7.073900000000000000e+04,7.300000000000000000e+01
7.078100000000000000e+04,4.200000000000000000e+01
7.081300000000000000e+04,3.200000000000000000e+01
7.086600000000000000e+04,5.300000000000000000e+01
7.090000000000000000e+04,3.400000000000000000e+01
7.095400000000000000e+04,5.400000000000000000e+01
7.104700000000000000e+04,9.300000000000000000e+01
7.109300000000000000e+04,4.600000000000000000e+01
7.113600000000000000e+04,4.300000000000000000e+01
7.116400000000000000e+04,2.800000000000000000e+01
7.121700000000000000e+04,5.300000000000000000e+01
7.124700000000000000e+04,3.000000000000000000e+01
7.127100000000000000e+04,2.400000000000000000e+01
7.130900000000000000e+04,3.800000000000000000e+01
7.136400000000000000e+04,5.500000000000000000e+01
7.140300000000000000e+04,3.900000000000000000e+01
7.146100000000000000e+04,5.800000000000000000e+01
7.150300000000000000e+04,4.200000000000000000e+01
7.153400000000000000e+04,3.100000000000000000e+01
7.160000000000000000e+04,6.600000000000000000e+01
7.166400000000000000e+04,6.400000000000000000e+01
7.171100000000000000e+04,4.700000000000000000e+01
7.173500000000000000e+04,2.400000000000000000e+01
7.177200000000000000e+04,3.700000000000000000e+01
7.180900000000000000e+04,3.700000000000000000e+01
7.186200000000000000e+04,5.300000000000000000e+01
7.190400000000000000e+04,4.200000000000000000e+01
7.195000000000000000e+04,4.600000000000000000e+01
7.197300000000000000e+04,2.300000000000000000e+01
7.202900000000000000e+04,5.600000000000000000e+01
7.207900000000000000e+04,5.000000000000000000e+01
7.215800000000000000e+04,7.900000000000000000e+01
7.219700000000000000e+04,3.900000000000000000e+01
7.222600000000000000e+04,2.900000000000000000e+01
7.226000000000000000e+04,3.400000000000000000e+01
7.229600000000000000e+04,3.600000000000000000e+01
7.233000000000000000e+04,3.400000000000000000e+01
7.236900000000000000e+04,3.900000000000000000e+01
7.240700000000000000e+04,3.800000000000000000e+01
7.244600000000000000e+04,3.900000000000000000e+01
7.252900000000000000e+04,8.300000000000000000e+01
7.256200000000000000e+04,3.300000000000000000e+01
7.262700000000000000e+04,6.500000000000000000e+01
7.266200000000000000e+04,3.500000000000000000e+01
7.270300000000000000e+04,4.100000000000000000e+01
7.274200000000000000e+04,3.900000000000000000e+01
7.278600000000000000e+04,4.400000000000000000e+01
7.284200000000000000e+04,5.600000000000000000e+01
7.288400000000000000e+04,4.200000000000000000e+01
7.294800000000000000e+04,6.400000000000000000e+01
7.297500000000000000e+04,2.700000000000000000e+01
7.302500000000000000e+04,5.000000000000000000e+01
7.305900000000000000e+04,3.400000000000000000e+01
7.309200000000000000e+04,3.300000000000000000e+01
7.312700000000000000e+04,3.500000000000000000e+01
7.316700000000000000e+04,4.000000000000000000e+01
7.320200000000000000e+04,3.500000000000000000e+01
7.324200000000000000e+04,4.000000000000000000e+01
7.328100000000000000e+04,3.900000000000000000e+01
7.332200000000000000e+04,4.100000000000000000e+01
7.337800000000000000e+04,5.600000000000000000e+01
7.340200000000000000e+04,2.400000000000000000e+01
7.344000000000000000e+04,3.800000000000000000e+01
7.353200000000000000e+04,9.200000000000000000e+01
7.356800000000000000e+04,3.600000000000000000e+01
7.362100000000000000e+04,5.300000000000000000e+01
7.367700000000000000e+04,5.600000000000000000e+01
7.373100000000000000e+04,5.400000000000000000e+01
7.377100000000000000e+04,4.000000000000000000e+01
7.380800000000000000e+04,3.700000000000000000e+01
7.385100000000000000e+04,4.300000000000000000e+01
7.388600000000000000e+04,3.500000000000000000e+01
7.392600000000000000e+04,4.000000000000000000e+01
7.397000000000000000e+04,4.400000000000000000e+01
7.405400000000000000e+04,8.400000000000000000e+01
7.410300000000000000e+04,4.900000000000000000e+01
7.413900000000000000e+04,3.600000000000000000e+01
7.417100000000000000e+04,3.200000000000000000e+01
7.421500000000000000e+04,4.400000000000000000e+01
7.425900000000000000e+04,4.400000000000000000e+01
7.431000000000000000e+04,5.100000000000000000e+01
7.433300000000000000e+04,2.300000000000000000e+01
7.442200000000000000e+04,8.900000000000000000e+01
7.446700000000000000e+04,4.500000000000000000e+01
7.453000000000000000e+04,6.300000000000000000e+01
7.460100000000000000e+04,7.100000000000000000e+01
7.465600000000000000e+04,5.500000000000000000e+01
7.470700000000000000e+04,5.100000000000000000e+01
7.472800000000000000e+04,2.100000000000000000e+01
7.479600000000000000e+04,6.800000000000000000e+01
7.483800000000000000e+04,4.200000000000000000e+01
7.487200000000000000e+04,3.400000000000000000e+01
7.491600000000000000e+04,4.400000000000000000e+01
7.496700000000000000e+04,5.100000000000000000e+01
7.500500000000000000e+04,3.800000000000000000e+01
7.507400000000000000e+04,6.900000000000000000e+01
7.510800000000000000e+04,3.400000000000000000e+01
7.514300000000000000e+04,3.500000000000000000e+01
7.517900000000000000e+04,3.600000000000000000e+01
7.523800000000000000e+04,5.900000000000000000e+01
7.527500000000000000e+04,3.700000000000000000e+01
7.532800000000000000e+04,5.300000000000000000e+01
7.536400000000000000e+04,3.600000000000000000e+01
7.540500000000000000e+04,4.100000000000000000e+01
7.543900000000000000e+04,3.400000000000000000e+01
7.548000000000000000e+04,4.100000000000000000e+01
7.554400000000000000e+04,6.400000000000000000e+01
7.558600000000000000e+04,4.200000000000000000e+01
7.564400000000000000e+04,5.800000000000000000e+01
7.566700000000000000e+04,2.300000000000000000e+01
7.569200000000000000e+04,2.500000000000000000e+01
7.573500000000000000e+04,4.300000000000000000e+01
7.575500000000000000e+04,2.000000000000000000e+01
7.579300000000000000e+04,3.800000000000000000e+01
7.586400000000000000e+04,7.100000000000000000e+01
7.590800000000000000e+04,4.400000000000000000e+01
7.596400000000000000e+04,5.600000000000000000e+01
7.602300000000000000e+04,5.900000000000000000e+01
7.608900000000000000e+04,6.600000000000000000e+01
7.611400000000000000e+04,2.500000000000000000e+01
7.617200000000000000e+04,5.800000000000000000e+01
7.621100000000000000e+04,3.900000000000000000e+01
7.625200000000000000e+04,4.100000000000000000e+01
7.626600000000000000e+04,1.400000000000000000e+01
7.632400000000000000e+04,5.800000000000000000e+01
7.636500000000000000e+04,4.100000000000000000e+01
7.642500000000000000e+04,6.000000000000000000e+01
7.646300000000000000e+04,3.800000000000000000e+01
7.649500000000000000e+04,3.200000000000000000e+01
7.655800000000000000e+04,6.300000000000000000e+01
7.658900000000000000e+04,3.100000000000000000e+01
7.662900000000000000e+04,4.000000000000000000e+01
7.670800000000000000e+04,7.900000000000000000e+01
7.675000000000000000e+04,4.200000000000000000e+01
7.677400000000000000e+04,2.400000000000000000e+01
7.679700000000000000e+04,2.300000000000000000e+01
7.683200000000000000e+04,3.500000000000000000e+01
7.688700000000000000e+04,5.500000000000000000e+01
7.692900000000000000e+04,4.200000000000000000e+01
7.697100000000000000e+04,4.200000000000000000e+01
7.702100000000000000e+04,5.000000000000000000e+01
7.708200000000000000e+04,6.100000000000000000e+01
7.713600000000000000e+04,5.400000000000000000e+01
7.718800000000000000e+04,5.200000000000000000e+01
7.725900000000000000e+04,7.100000000000000000e+01
7.730200000000000000e+04,4.300000000000000000e+01
7.733700000000000000e+04,3.500000000000000000e+01
7.736600000000000000e+04,2.900000000000000000e+01
7.741500000000000000e+04,4.900000000000000000e+01
7.744400000000000000e+04,2.900000000000000000e+01
7.747200000000000000e+04,2.800000000000000000e+01
7.750400000000000000e+04,3.200000000000000000e+01
7.753500000000000000e+04,3.100000000000000000e+01
7.761400000000000000e+04,7.900000000000000000e+01
7.764900000000000000e+04,3.500000000000000000e+01
7.771600000000000000e+04,6.700000000000000000e+01
7.776500000000000000e+04,4.900000000000000000e+01
7.782500000000000000e+04,6.000000000000000000e+01
7.784600000000000000e+04,2.100000000000000000e+01
7.788400000000000000e+04,3.800000000000000000e+01
7.793600000000000000e+04,5.200000000000000000e+01
7.800100000000000000e+04,6.500000000000000000e+01
7.802400000000000000e+04,2.300000000000000000e+01
7.807200000000000000e+04,4.800000000000000000e+01
7.812000000000000000e+04,4.800000000000000000e+01
7.818300000000000000e+04,6.300000000000000000e+01
7.822600000000000000e+04,4.300000000000000000e+01
7.825600000000000000e+04,3.000000000000000000e+01
7.829100000000000000e+04,3.500000000000000000e+01
7.833600000000000000e+04,4.500000000000000000e+01
7.838400000000000000e+04,4.800000000000000000e+01
7.841900000000000000e+04,3.500000000000000000e+01
7.845200000000000000e+04,3.300000000000000000e+01
7.849100000000000000e+04,3.900000000000000000e+01
7.854300000000000000e+04,5.200000000000000000e+01
7.860700000000000000e+04,6.400000000000000000e+01
7.862900000000000000e+04,2.200000000000000000e+01
7.869400000000000000e+04,6.500000000000000000e+01
7.875100000000000000e+04,5.700000000000000000e+01
7.880300000000000000e+04,5.200000000000000000e+01
7.882800000000000000e+04,2.500000000000000000e+01
7.885400000000000000e+04,2.600000000000000000e+01
7.890200000000000000e+04,4.800000000000000000e+01
7.893900000000000000e+04,3.700000000000000000e+01
7.896700000000000000e+04,2.800000000000000000e+01
7.901600000000000000e+04,4.900000000000000000e+01
7.905300000000000000e+04,3.700000000000000000e+01
7.908000000000000000e+04,2.700000000000000000e+01
7.916000000000000000e+04,8.000000000000000000e+01
7.919900000000000000e+04,3.900000000000000000e+01
7.925700000000000000e+04,5.800000000000000000e+01
7.930000000000000000e+04,4.300000000000000000e+01
7.936600000000000000e+04,6.600000000000000000e+01
7.940900000000000000e+04,4.300000000000000000e+01
7.944200000000000000e+04,3.300000000000000000e+01
7.948500000000000000e+04,4.300000000000000000e+01
7.951200000000000000e+04,2.700000000000000000e+01
7.955700000000000000e+04,4.500000000000000000e+01
7.958200000000000000e+04,2.500000000000000000e+01
7.962200000000000000e+04,4.000000000000000000e+01
7.968600000000000000e+04,6.400000000000000000e+01
7.973400000000000000e+04,4.800000000000000000e+01
7.978400000000000000e+04,5.000000000000000000e+01
7.982700000000000000e+04,4.300000000000000000e+01
7.990100000000000000e+04,7.400000000000000000e+01
7.992800000000000000e+04,2.700000000000000000e+01
7.996100000000000000e+04,3.300000000000000000e+01
8.001700000000000000e+04,5.600000000000000000e+01
8.005200000000000000e+04,3.500000000000000000e+01
8.010100000000000000e+04,4.900000000000000000e+01
8.012800000000000000e+04,2.700000000000000000e+01
8.017000000000000000e+04,4.200000000000000000e+01
8.021100000000000000e+04,4.100000000000000000e+01
8.026800000000000000e+04,5.700000000000000000e+01
8.030500000000000000e+04,3.700000000000000000e+01
8.033600000000000000e+04,3.100000000000000000e+01
8.037900000000000000e+04,4.300000000000000000e+01
8.040200000000000000e+04,2.300000000000000000e+01
8.046800000000000000e+04,6.600000000000000000e+01
8.058800000000000000e+04,1.200000000000000000e+02
8.064200000000000000e+04,5.400000000000000000e+01
8.067600000000000000e+04,3.400000000000000000e+01
8.072900000000000000e+04,5.300000000000000000e+01
8.078100000000000000e+04,5.200000000000000000e+01
8.084000000000000000e+04,5.900000000000000000e+01
8.091100000000000000e+04,7.100000000000000000e+01
8.102500000000000000e+04,1.140000000000000000e+02
8.105100000000000000e+04,2.600000000000000000e+01
8.109700000000000000e+04,4.600000000000000000e+01
8.114200000000000000e+04,4.500000000000000000e+01
8.124100000000000000e+04,9.900000000000000000e+01
8.128200000000000000e+04,4.100000000000000000e+01
8.133500000000000000e+04,5.300000000000000000e+01
8.137600000000000000e+04,4.100000000000000000e+01
8.145300000000000000e+04,7.700000000000000000e+01
8.148100000000000000e+04,2.800000000000000000e+01
8.152900000000000000e+04,4.800000000000000000e+01
8.157300000000000000e+04,4.400000000000000000e+01
8.161300000000000000e+04,4.000000000000000000e+01
8.165600000000000000e+04,4.300000000000000000e+01
8.169400000000000000e+04,3.800000000000000000e+01
8.174400000000000000e+04,5.000000000000000000e+01
8.176500000000000000e+04,2.100000000000000000e+01
8.183200000000000000e+04,6.700000000000000000e+01
8.189800000000000000e+04,6.600000000000000000e+01
8.196900000000000000e+04,7.100000000000000000e+01
8.202200000000000000e+04,5.300000000000000000e+01
8.210700000000000000e+04,8.500000000000000000e+01
8.213200000000000000e+04,2.500000000000000000e+01
8.221100000000000000e+04,7.900000000000000000e+01
8.227200000000000000e+04,6.100000000000000000e+01
8.230900000000000000e+04,3.700000000000000000e+01
8.234000000000000000e+04,3.100000000000000000e+01
8.237600000000000000e+04,3.600000000000000000e+01
8.242200000000000000e+04,4.600000000000000000e+01
8.246200000000000000e+04,4.000000000000000000e+01
8.250700000000000000e+04,4.500000000000000000e+01
8.254900000000000000e+04,4.200000000000000000e+01
8.259600000000000000e+04,4.700000000000000000e+01
8.264500000000000000e+04,4.900000000000000000e+01
8.269700000000000000e+04,5.200000000000000000e+01
8.273200000000000000e+04,3.500000000000000000e+01
8.278000000000000000e+04,4.800000000000000000e+01
8.282700000000000000e+04,4.700000000000000000e+01
8.287500000000000000e+04,4.800000000000000000e+01
8.289800000000000000e+04,2.300000000000000000e+01
8.293700000000000000e+04,3.900000000000000000e+01
8.298600000000000000e+04,4.900000000000000000e+01
8.301600000000000000e+04,3.000000000000000000e+01
8.305200000000000000e+04,3.600000000000000000e+01
8.309400000000000000e+04,4.200000000000000000e+01
8.312600000000000000e+04,3.200000000000000000e+01
8.315800000000000000e+04,3.200000000000000000e+01
8.320100000000000000e+04,4.300000000000000000e+01
8.322700000000000000e+04,2.600000000000000000e+01
8.325900000000000000e+04,3.200000000000000000e+01
8.332200000000000000e+04,6.300000000000000000e+01
8.338200000000000000e+04,6.000000000000000000e+01
8.342600000000000000e+04,4.400000000000000000e+01
8.346700000000000000e+04,4.100000000000000000e+01
8.350200000000000000e+04,3.500000000000000000e+01
8.356800000000000000e+04,6.600000000000000000e+01
8.367700000000000000e+04,1.090000000000000000e+02
8.371600000000000000e+04,3.900000000000000000e+01
8.376800000000000000e+04,5.200000000000000000e+01
8.382700000000000000e+04,5.900000000000000000e+01
8.389900000000000000e+04,7.200000000000000000e+01
8.392200000000000000e+04,2.300000000000000000e+01
8.396800000000000000e+04,4.600000000000000000e+01
8.400900000000000000e+04,4.100000000000000000e+01
8.403400000000000000e+04,2.500000000000000000e+01
8.407300000000000000e+04,3.900000000000000000e+01
8.411800000000000000e+04,4.500000000000000000e+01
8.416100000000000000e+04,4.300000000000000000e+01
8.419900000000000000e+04,3.800000000000000000e+01
8.422200000000000000e+04,2.300000000000000000e+01
8.427200000000000000e+04,5.000000000000000000e+01
8.431200000000000000e+04,4.000000000000000000e+01
8.435700000000000000e+04,4.500000000000000000e+01
8.439700000000000000e+04,4.000000000000000000e+01
8.444400000000000000e+04,4.700000000000000000e+01
8.448300000000000000e+04,3.900000000000000000e+01
8.454000000000000000e+04,5.700000000000000000e+01
8.459500000000000000e+04,5.500000000000000000e+01
8.464000000000000000e+04,4.500000000000000000e+01
8.470200000000000000e+04,6.200000000000000000e+01
8.473800000000000000e+04,3.600000000000000000e+01
8.478500000000000000e+04,4.700000000000000000e+01
8.485700000000000000e+04,7.200000000000000000e+01
8.488900000000000000e+04,3.200000000000000000e+01
8.495400000000000000e+04,6.500000000000000000e+01
8.498300000000000000e+04,2.900000000000000000e+01
8.502000000000000000e+04,3.700000000000000000e+01
8.505500000000000000e+04,3.500000000000000000e+01
8.509800000000000000e+04,4.300000000000000000e+01
8.513300000000000000e+04,3.500000000000000000e+01
8.518500000000000000e+04,5.200000000000000000e+01
8.526200000000000000e+04,7.700000000000000000e+01
8.531000000000000000e+04,4.800000000000000000e+01
8.535600000000000000e+04,4.600000000000000000e+01
8.539200000000000000e+04,3.600000000000000000e+01
8.544400000000000000e+04,5.200000000000000000e+01
8.547800000000000000e+04,3.400000000000000000e+01
8.552700000000000000e+04,4.900000000000000000e+01
8.558400000000000000e+04,5.700000000000000000e+01
8.562500000000000000e+04,4.100000000000000000e+01
8.568800000000000000e+04,6.300000000000000000e+01
8.573600000000000000e+04,4.800000000000000000e+01
8.578400000000000000e+04,4.800000000000000000e+01
8.581600000000000000e+04,3.200000000000000000e+01
8.584000000000000000e+04,2.400000000000000000e+01
8.588000000000000000e+04,4.000000000000000000e+01
8.592200000000000000e+04,4.200000000000000000e+01
8.595100000000000000e+04,2.900000000000000000e+01
8.598700000000000000e+04,3.600000000000000000e+01
8.601000000000000000e+04,2.300000000000000000e+01
8.603100000000000000e+04,2.100000000000000000e+01
8.607200000000000000e+04,4.100000000000000000e+01
8.611100000000000000e+04,3.900000000000000000e+01
8.619300000000000000e+04,8.200000000000000000e+01
8.623500000000000000e+04,4.200000000000000000e+01
8.629300000000000000e+04,5.800000000000000000e+01
8.632800000000000000e+04,3.500000000000000000e+01
8.635200000000000000e+04,2.400000000000000000e+01
8.638800000000000000e+04,3.600000000000000000e+01
8.643500000000000000e+04,4.700000000000000000e+01
8.647300000000000000e+04,3.800000000000000000e+01
8.651300000000000000e+04,4.000000000000000000e+01
8.656600000000000000e+04,5.300000000000000000e+01
8.664200000000000000e+04,7.600000000000000000e+01
8.669100000000000000e+04,4.900000000000000000e+01
8.671800000000000000e+04,2.700000000000000000e+01
8.676700000000000000e+04,4.900000000000000000e+01
8.681600000000000000e+04,4.900000000000000000e+01
8.686400000000000000e+04,4.800000000000000000e+01
8.691100000000000000e+04,4.700000000000000000e+01
8.696700000000000000e+04,5.600000000000000000e+01
8.700200000000000000e+04,3.500000000000000000e+01
8.706400000000000000e+04,6.200000000000000000e+01
8.708700000000000000e+04,2.300000000000000000e+01
8.714100000000000000e+04,5.400000000000000000e+01
8.718400000000000000e+04,4.300000000000000000e+01
8.719600000000000000e+04,1.200000000000000000e+01
8.722400000000000000e+04,2.800000000000000000e+01
8.725700000000000000e+04,3.300000000000000000e+01
8.731300000000000000e+04,5.600000000000000000e+01
8.734200000000000000e+04,2.900000000000000000e+01
8.739500000000000000e+04,5.300000000000000000e+01
8.743200000000000000e+04,3.700000000000000000e+01
8.746200000000000000e+04,3.000000000000000000e+01
8.749900000000000000e+04,3.700000000000000000e+01
8.753300000000000000e+04,3.400000000000000000e+01
8.757300000000000000e+04,4.000000000000000000e+01
8.765500000000000000e+04,8.200000000000000000e+01
8.769000000000000000e+04,3.500000000000000000e+01
8.774400000000000000e+04,5.400000000000000000e+01
8.777200000000000000e+04,2.800000000000000000e+01
8.779200000000000000e+04,2.000000000000000000e+01
8.787900000000000000e+04,8.700000000000000000e+01
8.792900000000000000e+04,5.000000000000000000e+01
8.796500000000000000e+04,3.600000000000000000e+01
8.802800000000000000e+04,6.300000000000000000e+01
8.806000000000000000e+04,3.200000000000000000e+01
8.812600000000000000e+04,6.600000000000000000e+01
8.816800000000000000e+04,4.200000000000000000e+01
8.822900000000000000e+04,6.100000000000000000e+01
8.828700000000000000e+04,5.800000000000000000e+01
8.832500000000000000e+04,3.800000000000000000e+01
8.837900000000000000e+04,5.400000000000000000e+01
8.842600000000000000e+04,4.700000000000000000e+01
8.845100000000000000e+04,2.500000000000000000e+01
8.849700000000000000e+04,4.600000000000000000e+01
8.857200000000000000e+04,7.500000000000000000e+01
8.860900000000000000e+04,3.700000000000000000e+01
8.863400000000000000e+04,2.500000000000000000e+01
8.866800000000000000e+04,3.400000000000000000e+01
8.870900000000000000e+04,4.100000000000000000e+01
8.874500000000000000e+04,3.600000000000000000e+01
8.879000000000000000e+04,4.500000000000000000e+01
8.887900000000000000e+04,8.900000000000000000e+01
8.891700000000000000e+04,3.800000000000000000e+01
8.897800000000000000e+04,6.100000000000000000e+01
8.900600000000000000e+04,2.800000000000000000e+01
8.904300000000000000e+04,3.700000000000000000e+01
8.911200000000000000e+04,6.900000000000000000e+01
8.914600000000000000e+04,3.400000000000000000e+01
8.919000000000000000e+04,4.400000000000000000e+01
8.924000000000000000e+04,5.000000000000000000e+01
8.927400000000000000e+04,3.400000000000000000e+01
8.932800000000000000e+04,5.400000000000000000e+01
8.935100000000000000e+04,2.300000000000000000e+01
8.938400000000000000e+04,3.300000000000000000e+01
8.946400000000000000e+04,8.000000000000000000e+01
8.950000000000000000e+04,3.600000000000000000e+01
8.957200000000000000e+04,7.200000000000000000e+01
8.962900000000000000e+04,5.700000000000000000e+01
8.966600000000000000e+04,3.700000000000000000e+01
8.970100000000000000e+04,3.500000000000000000e+01
8.974200000000000000e+04,4.100000000000000000e+01
8.980600000000000000e+04,6.400000000000000000e+01
8.986100000000000000e+04,5.500000000000000000e+01
8.991800000000000000e+04,5.700000000000000000e+01
8.994900000000000000e+04,3.100000000000000000e+01
8.999500000000000000e+04,4.600000000000000000e+01
9.001500000000000000e+04,2.000000000000000000e+01
9.004200000000000000e+04,2.700000000000000000e+01
9.008100000000000000e+04,3.900000000000000000e+01
9.014000000000000000e+04,5.900000000000000000e+01
9.017100000000000000e+04,3.100000000000000000e+01
9.020900000000000000e+04,3.800000000000000000e+01
9.028100000000000000e+04,7.200000000000000000e+01
9.032100000000000000e+04,4.000000000000000000e+01
9.037600000000000000e+04,5.500000000000000000e+01
9.042700000000000000e+04,5.100000000000000000e+01
9.046800000000000000e+04,4.100000000000000000e+01
9.049500000000000000e+04,2.700000000000000000e+01
9.053000000000000000e+04,3.500000000000000000e+01
9.058000000000000000e+04,5.000000000000000000e+01
9.063100000000000000e+04,5.100000000000000000e+01
9.067100000000000000e+04,4.000000000000000000e+01
9.072600000000000000e+04,5.500000000000000000e+01
9.075200000000000000e+04,2.600000000000000000e+01
9.080700000000000000e+04,5.500000000000000000e+01
9.086400000000000000e+04,5.700000000000000000e+01
9.094500000000000000e+04,8.100000000000000000e+01
9.099000000000000000e+04,4.500000000000000000e+01
9.103300000000000000e+04,4.300000000000000000e+01
9.107100000000000000e+04,3.800000000000000000e+01
9.111300000000000000e+04,4.200000000000000000e+01
9.116500000000000000e+04,5.200000000000000000e+01
9.119300000000000000e+04,2.800000000000000000e+01
9.121700000000000000e+04,2.400000000000000000e+01
9.124200000000000000e+04,2.500000000000000000e+01
9.130500000000000000e+04,6.300000000000000000e+01
9.134600000000000000e+04,4.100000000000000000e+01
9.139400000000000000e+04,4.800000000000000000e+01
9.143800000000000000e+04,4.400000000000000000e+01
9.146600000000000000e+04,2.800000000000000000e+01
9.150200000000000000e+04,3.600000000000000000e+01
9.154200000000000000e+04,4.000000000000000000e+01
9.159100000000000000e+04,4.900000000000000000e+01
9.161400000000000000e+04,2.300000000000000000e+01
9.165600000000000000e+04,4.200000000000000000e+01
9.172600000000000000e+04,7.000000000000000000e+01
9.176500000000000000e+04,3.900000000000000000e+01
9.180000000000000000e+04,3.500000000000000000e+01
9.183800000000000000e+04,3.800000000000000000e+01
9.187500000000000000e+04,3.700000000000000000e+01
9.192900000000000000e+04,5.400000000000000000e+01
9.195900000000000000e+04,3.000000000000000000e+01
9.200400000000000000e+04,4.500000000000000000e+01
9.204300000000000000e+04,3.900000000000000000e+01
9.209400000000000000e+04,5.100000000000000000e+01
9.215300000000000000e+04,5.900000000000000000e+01
9.222600000000000000e+04,7.300000000000000000e+01
9.229300000000000000e+04,6.700000000000000000e+01
9.234600000000000000e+04,5.300000000000000000e+01
9.239600000000000000e+04,5.000000000000000000e+01
9.245300000000000000e+04,5.700000000000000000e+01
9.249200000000000000e+04,3.900000000000000000e+01
9.254200000000000000e+04,5.000000000000000000e+01
9.259600000000000000e+04,5.400000000000000000e+01
9.264100000000000000e+04,4.500000000000000000e+01
9.270300000000000000e+04,6.200000000000000000e+01
9.274100000000000000e+04,3.800000000000000000e+01
9.279000000000000000e+04,4.900000000000000000e+01
9.284700000000000000e+04,5.700000000000000000e+01
9.289600000000000000e+04,4.900000000000000000e+01
9.294800000000000000e+04,5.200000000000000000e+01
9.298700000000000000e+04,3.900000000000000000e+01
9.302400000000000000e+04,3.700000000000000000e+01
9.307500000000000000e+04,5.100000000000000000e+01
9.311200000000000000e+04,3.700000000000000000e+01
9.315200000000000000e+04,4.000000000000000000e+01
9.320800000000000000e+04,5.600000000000000000e+01
9.326400000000000000e+04,5.600000000000000000e+01
9.329600000000000000e+04,3.200000000000000000e+01
9.336900000000000000e+04,7.300000000000000000e+01
9.339300000000000000e+04,2.400000000000000000e+01
9.343100000000000000e+04,3.800000000000000000e+01
9.348200000000000000e+04,5.100000000000000000e+01
9.351900000000000000e+04,3.700000000000000000e+01
9.355500000000000000e+04,3.600000000000000000e+01
9.360500000000000000e+04,5.000000000000000000e+01
9.365400000000000000e+04,4.900000000000000000e+01
9.369300000000000000e+04,3.900000000000000000e+01
9.376200000000000000e+04,6.900000000000000000e+01
9.381900000000000000e+04,5.700000000000000000e+01
9.386900000000000000e+04,5.000000000000000000e+01
9.393000000000000000e+04,6.100000000000000000e+01
9.395400000000000000e+04,2.400000000000000000e+01
9.401000000000000000e+04,5.600000000000000000e+01
9.407100000000000000e+04,6.100000000000000000e+01
9.411500000000000000e+04,4.400000000000000000e+01
9.415500000000000000e+04,4.000000000000000000e+01
9.419300000000000000e+04,3.800000000000000000e+01
9.425000000000000000e+04,5.700000000000000000e+01
9.428200000000000000e+04,3.200000000000000000e+01
9.430800000000000000e+04,2.600000000000000000e+01
9.435500000000000000e+04,4.700000000000000000e+01
9.438600000000000000e+04,3.100000000000000000e+01
9.441200000000000000e+04,2.600000000000000000e+01
9.448700000000000000e+04,7.500000000000000000e+01
9.453500000000000000e+04,4.800000000000000000e+01
9.458300000000000000e+04,4.800000000000000000e+01
9.461900000000000000e+04,3.600000000000000000e+01
9.466100000000000000e+04,4.200000000000000000e+01
9.469500000000000000e+04,3.400000000000000000e+01
9.472200000000000000e+04,2.700000000000000000e+01
9.477500000000000000e+04,5.300000000000000000e+01
9.484400000000000000e+04,6.900000000000000000e+01
9.488800000000000000e+04,4.400000000000000000e+01
9.494000000000000000e+04,5.200000000000000000e+01
9.496700000000000000e+04,2.700000000000000000e+01
9.504800000000000000e+04,8.100000000000000000e+01
9.511100000000000000e+04,6.300000000000000000e+01
9.515000000000000000e+04,3.900000000000000000e+01
9.519600000000000000e+04,4.600000000000000000e+01
9.524500000000000000e+04,4.900000000000000000e+01
9.528500000000000000e+04,4.000000000000000000e+01
9.533600000000000000e+04,5.100000000000000000e+01
9.537900000000000000e+04,4.300000000000000000e+01
9.540800000000000000e+04,2.900000000000000000e+01
9.544500000000000000e+04,3.700000000000000000e+01
9.552000000000000000e+04,7.500000000000000000e+01
9.555900000000000000e+04,3.900000000000000000e+01
9.560000000000000000e+04,4.100000000000000000e+01
9.562700000000000000e+04,2.700000000000000000e+01
9.566600000000000000e+04,3.900000000000000000e+01
9.570200000000000000e+04,3.600000000000000000e+01
9.575000000000000000e+04,4.800000000000000000e+01
9.577400000000000000e+04,2.400000000000000000e+01
9.581200000000000000e+04,3.800000000000000000e+01
9.585700000000000000e+04,4.500000000000000000e+01
9.590000000000000000e+04,4.300000000000000000e+01
9.595100000000000000e+04,5.100000000000000000e+01
9.597100000000000000e+04,2.000000000000000000e+01
9.600600000000000000e+04,3.500000000000000000e+01
9.605300000000000000e+04,4.700000000000000000e+01
9.609700000000000000e+04,4.400000000000000000e+01
9.615100000000000000e+04,5.400000000000000000e+01
9.619000000000000000e+04,3.900000000000000000e+01
9.623600000000000000e+04,4.600000000000000000e+01
9.626500000000000000e+04,2.900000000000000000e+01
9.630100000000000000e+04,3.600000000000000000e+01
9.636700000000000000e+04,6.600000000000000000e+01
9.641800000000000000e+04,5.100000000000000000e+01
9.647400000000000000e+04,5.600000000000000000e+01
9.652900000000000000e+04,5.500000000000000000e+01
9.655400000000000000e+04,2.500000000000000000e+01
9.661600000000000000e+04,6.200000000000000000e+01
9.665800000000000000e+04,4.200000000000000000e+01
9.669800000000000000e+04,4.000000000000000000e+01
9.673800000000000000e+04,4.000000000000000000e+01
9.679800000000000000e+04,6.000000000000000000e+01
9.683100000000000000e+04,3.300000000000000000e+01
9.690500000000000000e+04,7.400000000000000000e+01
9.694700000000000000e+04,4.200000000000000000e+01
9.699100000000000000e+04,4.400000000000000000e+01
9.705100000000000000e+04,6.000000000000000000e+01
9.710300000000000000e+04,5.200000000000000000e+01
9.714700000000000000e+04,4.400000000000000000e+01
9.720300000000000000e+04,5.600000000000000000e+01
9.726500000000000000e+04,6.200000000000000000e+01
9.730000000000000000e+04,3.500000000000000000e+01
9.734500000000000000e+04,4.500000000000000000e+01
9.738300000000000000e+04,3.800000000000000000e+01
9.741800000000000000e+04,3.500000000000000000e+01
9.745700000000000000e+04,3.900000000000000000e+01
9.752000000000000000e+04,6.300000000000000000e+01
9.754600000000000000e+04,2.600000000000000000e+01
9.759200000000000000e+04,4.600000000000000000e+01
9.763500000000000000e+04,4.300000000000000000e+01
9.768800000000000000e+04,5.300000000000000000e+01
9.772700000000000000e+04,3.900000000000000000e+01
9.780700000000000000e+04,8.000000000000000000e+01
9.785700000000000000e+04,5.000000000000000000e+01
9.791300000000000000e+04,5.600000000000000000e+01
9.798800000000000000e+04,7.500000000000000000e+01
9.804100000000000000e+04,5.300000000000000000e+01
9.809600000000000000e+04,5.500000000000000000e+01
9.814300000000000000e+04,4.700000000000000000e+01
9.818400000000000000e+04,4.100000000000000000e+01
9.823400000000000000e+04,5.000000000000000000e+01
9.828700000000000000e+04,5.300000000000000000e+01
9.832500000000000000e+04,3.800000000000000000e+01
9.837900000000000000e+04,5.400000000000000000e+01
9.842100000000000000e+04,4.200000000000000000e+01
9.847900000000000000e+04,5.800000000000000000e+01
9.851900000000000000e+04,4.000000000000000000e+01
9.855300000000000000e+04,3.400000000000000000e+01
9.860200000000000000e+04,4.900000000000000000e+01
9.863900000000000000e+04,3.700000000000000000e+01
9.868100000000000000e+04,4.200000000000000000e+01
9.872200000000000000e+04,4.100000000000000000e+01
9.877200000000000000e+04,5.000000000000000000e+01
9.882600000000000000e+04,5.400000000000000000e+01
9.886300000000000000e+04,3.700000000000000000e+01
9.889800000000000000e+04,3.500000000000000000e+01
9.894800000000000000e+04,5.000000000000000000e+01
9.898500000000000000e+04,3.700000000000000000e+01
9.904800000000000000e+04,6.300000000000000000e+01
9.906600000000000000e+04,1.800000000000000000e+01
9.911600000000000000e+04,5.000000000000000000e+01
9.917200000000000000e+04,5.600000000000000000e+01
9.920600000000000000e+04,3.400000000000000000e+01
9.924400000000000000e+04,3.800000000000000000e+01
9.929300000000000000e+04,4.900000000000000000e+01
9.935800000000000000e+04,6.500000000000000000e+01
9.938300000000000000e+04,2.500000000000000000e+01
9.942700000000000000e+04,4.400000000000000000e+01
9.944800000000000000e+04,2.100000000000000000e+01
9.949000000000000000e+04,4.200000000000000000e+01
9.953700000000000000e+04,4.700000000000000000e+01
9.956000000000000000e+04,2.300000000000000000e+01
9.960200000000000000e+04,4.200000000000000000e+01
9.967200000000000000e+04,7.000000000000000000e+01
9.970500000000000000e+04,3.300000000000000000e+01
9.974700000000000000e+04,4.200000000000000000e+01
9.980300000000000000e+04,5.600000000000000000e+01
9.982700000000000000e+04,2.400000000000000000e+01
9.986800000000000000e+04,4.100000000000000000e+01
9.989200000000000000e+04,2.400000000000000000e+01
9.993900000000000000e+04,4.700000000000000000e+01
9.999000000000000000e+04,5.100000000000000000e+01
1.000280000000000000e+05,3.800000000000000000e+01
1.000710000000000000e+05,4.300000000000000000e+01
1.000980000000000000e+05,2.700000000000000000e+01
1.001340000000000000e+05,3.600000000000000000e+01
1.001670000000000000e+05,3.300000000000000000e+01
1.001910000000000000e+05,2.400000000000000000e+01
1.002260000000000000e+05,3.500000000000000000e+01
1.002520000000000000e+05,2.600000000000000000e+01
1.002990000000000000e+05,4.700000000000000000e+01
1.003550000000000000e+05,5.600000000000000000e+01
1.003890000000000000e+05,3.400000000000000000e+01
1.004300000000000000e+05,4.100000000000000000e+01
1.004680000000000000e+05,3.800000000000000000e+01
1.005190000000000000e+05,5.100000000000000000e+01
1.005560000000000000e+05,3.700000000000000000e+01
1.005820000000000000e+05,2.600000000000000000e+01
1.006270000000000000e+05,4.500000000000000000e+01
1.006550000000000000e+05,2.800000000000000000e+01
1.007090000000000000e+05,5.400000000000000000e+01
1.007690000000000000e+05,6.000000000000000000e+01
1.008030000000000000e+05,3.400000000000000000e+01
1.008820000000000000e+05,7.900000000000000000e+01
1.009140000000000000e+05,3.200000000000000000e+01
1.009560000000000000e+05,4.200000000000000000e+01
1.010150000000000000e+05,5.900000000000000000e+01
1.010510000000000000e+05,3.600000000000000000e+01
1.011050000000000000e+05,5.400000000000000000e+01
1.011630000000000000e+05,5.800000000000000000e+01
1.012210000000000000e+05,5.800000000000000000e+01
1.012670000000000000e+05,4.600000000000000000e+01
1.012910000000000000e+05,2.400000000000000000e+01
1.013120000000000000e+05,2.100000000000000000e+01
1.013600000000000000e+05,4.800000000000000000e+01
1.014150000000000000e+05,5.500000000000000000e+01
1.014600000000000000e+05,4.500000000000000000e+01
1.015020000000000000e+05,4.200000000000000000e+01
1.015500000000000000e+05,4.800000000000000000e+01
1.016120000000000000e+05,6.200000000000000000e+01
1.016530000000000000e+05,4.100000000000000000e+01
1.016890000000000000e+05,3.600000000000000000e+01
1.017360000000000000e+05,4.700000000000000000e+01
1.017970000000000000e+05,6.100000000000000000e+01
1.018340000000000000e+05,3.700000000000000000e+01
1.019100000000000000e+05,7.600000000000000000e+01
1.019570000000000000e+05,4.700000000000000000e+01
1.020120000000000000e+05,5.500000000000000000e+01
1.020510000000000000e+05,3.900000000000000000e+01
1.021030000000000000e+05,5.200000000000000000e+01
1.021500000000000000e+05,4.700000000000000000e+01
1.022140000000000000e+05,6.400000000000000000e+01
1.022710000000000000e+05,5.700000000000000000e+01
1.023230000000000000e+05,5.200000000000000000e+01
1.023900000000000000e+05,6.700000000000000000e+01
1.024540000000000000e+05,6.400000000000000000e+01
1.024930000000000000e+05,3.900000000000000000e+01
1.025350000000000000e+05,4.200000000000000000e+01
1.025880000000000000e+05,5.300000000000000000e+01
1.026600000000000000e+05,7.200000000000000000e+01
1.026890000000000000e+05,2.900000000000000000e+01
1.027550000000000000e+05,6.600000000000000000e+01
1.027980000000000000e+05,4.300000000000000000e+01
1.028650000000000000e+05,6.700000000000000000e+01
1.029340000000000000e+05,6.900000000000000000e+01
1.029760000000000000e+05,4.200000000000000000e+01
1.030160000000000000e+05,4.000000000000000000e+01
1.030550000000000000e+05,3.900000000000000000e+01
1.031360000000000000e+05,8.100000000000000000e+01
1.032100000000000000e+05,7.400000000000000000e+01
1.032890000000000000e+05,7.900000000000000000e+01
1.033300000000000000e+05,4.100000000000000000e+01
1.033870000000000000e+05,5.700000000000000000e+01
1.034560000000000000e+05,6.900000000000000000e+01
1.034940000000000000e+05,3.800000000000000000e+01
1.035310000000000000e+05,3.700000000000000000e+01
1.035550000000000000e+05,2.400000000000000000e+01
1.036050000000000000e+05,5.000000000000000000e+01
1.036510000000000000e+05,4.600000000000000000e+01
1.037000000000000000e+05,4.900000000000000000e+01
1.037640000000000000e+05,6.400000000000000000e+01
1.038080000000000000e+05,4.400000000000000000e+01
1.038370000000000000e+05,2.900000000000000000e+01
1.038880000000000000e+05,5.100000000000000000e+01
1.039600000000000000e+05,7.200000000000000000e+01
1.040050000000000000e+05,4.500000000000000000e+01
1.040670000000000000e+05,6.200000000000000000e+01
1.040910000000000000e+05,2.400000000000000000e+01
1.041280000000000000e+05,3.700000000000000000e+01
1.041810000000000000e+05,5.300000000000000000e+01
1.042670000000000000e+05,8.600000000000000000e+01
1.043080000000000000e+05,4.100000000000000000e+01
1.043500000000000000e+05,4.200000000000000000e+01
1.043850000000000000e+05,3.500000000000000000e+01
1.044160000000000000e+05,3.100000000000000000e+01
1.044530000000000000e+05,3.700000000000000000e+01
1.044890000000000000e+05,3.600000000000000000e+01
1.045510000000000000e+05,6.200000000000000000e+01
1.045940000000000000e+05,4.300000000000000000e+01
1.046480000000000000e+05,5.400000000000000000e+01
1.046600000000000000e+05,1.200000000000000000e+01
1.047070000000000000e+05,4.700000000000000000e+01
1.047520000000000000e+05,4.500000000000000000e+01
1.048020000000000000e+05,5.000000000000000000e+01
1.048600000000000000e+05,5.800000000000000000e+01
1.049190000000000000e+05,5.900000000000000000e+01
1.049590000000000000e+05,4.000000000000000000e+01
1.050090000000000000e+05,5.000000000000000000e+01
1.050390000000000000e+05,3.000000000000000000e+01
1.050700000000000000e+05,3.100000000000000000e+01
1.051320000000000000e+05,6.200000000000000000e+01
1.051640000000000000e+05,3.200000000000000000e+01
1.052330000000000000e+05,6.900000000000000000e+01
1.052720000000000000e+05,3.900000000000000000e+01
1.053270000000000000e+05,5.500000000000000000e+01
1.053570000000000000e+05,3.000000000000000000e+01
1.054040000000000000e+05,4.700000000000000000e+01
1.054740000000000000e+05,7.000000000000000000e+01
1.055170000000000000e+05,4.300000000000000000e+01
1.055410000000000000e+05,2.400000000000000000e+01
1.055600000000000000e+05,1.900000000000000000e+01
1.056050000000000000e+05,4.500000000000000000e+01
1.056250000000000000e+05,2.000000000000000000e+01
1.056660000000000000e+05,4.100000000000000000e+01
1.057120000000000000e+05,4.600000000000000000e+01
1.057410000000000000e+05,2.900000000000000000e+01
1.057730000000000000e+05,3.200000000000000000e+01
1.058070000000000000e+05,3.400000000000000000e+01
1.058530000000000000e+05,4.600000000000000000e+01
1.058980000000000000e+05,4.500000000000000000e+01
1.059500000000000000e+05,5.200000000000000000e+01
1.059890000000000000e+05,3.900000000000000000e+01
1.060260000000000000e+05,3.700000000000000000e+01
1.060810000000000000e+05,5.500000000000000000e+01
1.061570000000000000e+05,7.600000000000000000e+01
1.062090000000000000e+05,5.200000000000000000e+01
1.062480000000000000e+05,3.900000000000000000e+01
1.062890000000000000e+05,4.100000000000000000e+01
1.063350000000000000e+05,4.600000000000000000e+01
1.063680000000000000e+05,3.300000000000000000e+01
1.064020000000000000e+05,3.400000000000000000e+01
1.064660000000000000e+05,6.400000000000000000e+01
1.064950000000000000e+05,2.900000000000000000e+01
1.065300000000000000e+05,3.500000000000000000e+01
1.065800000000000000e+05,5.000000000000000000e+01
1.066160000000000000e+05,3.600000000000000000e+01
1.066560000000000000e+05,4.000000000000000000e+01
1.067100000000000000e+05,5.400000000000000000e+01
1.067510000000000000e+05,4.100000000000000000e+01
1.068110000000000000e+05,6.000000000000000000e+01
1.068460000000000000e+05,3.500000000000000000e+01
1.068960000000000000e+05,5.000000000000000000e+01
1.069340000000000000e+05,3.800000000000000000e+01
1.069560000000000000e+05,2.200000000000000000e+01
1.070210000000000000e+05,6.500000000000000000e+01
1.070690000000000000e+05,4.800000000000000000e+01
1.070930000000000000e+05,2.400000000000000000e+01
1.071520000000000000e+05,5.900000000000000000e+01
1.071940000000000000e+05,4.200000000000000000e+01
1.072270000000000000e+05,3.300000000000000000e+01
1.072770000000000000e+05,5.000000000000000000e+01
1.073320000000000000e+05,5.500000000000000000e+01
1.073760000000000000e+05,4.400000000000000000e+01
1.074040000000000000e+05,2.800000000000000000e+01
1.074590000000000000e+05,5.500000000000000000e+01
1.074970000000000000e+05,3.800000000000000000e+01
1.075370000000000000e+05,4.000000000000000000e+01
1.075860000000000000e+05,4.900000000000000000e+01
1.076550000000000000e+05,6.900000000000000000e+01
1.076910000000000000e+05,3.600000000000000000e+01
1.077540000000000000e+05,6.300000000000000000e+01
1.077930000000000000e+05,3.900000000000000000e+01
1.078180000000000000e+05,2.500000000000000000e+01
1.078770000000000000e+05,5.900000000000000000e+01
1.079020000000000000e+05,2.500000000000000000e+01
1.079580000000000000e+05,5.600000000000000000e+01
1.080070000000000000e+05,4.900000000000000000e+01
1.080510000000000000e+05,4.400000000000000000e+01
1.080770000000000000e+05,2.600000000000000000e+01
1.081210000000000000e+05,4.400000000000000000e+01
1.082220000000000000e+05,1.010000000000000000e+02
1.082560000000000000e+05,3.400000000000000000e+01
1.083240000000000000e+05,6.800000000000000000e+01
1.083610000000000000e+05,3.700000000000000000e+01
1.084100000000000000e+05,4.900000000000000000e+01
1.084450000000000000e+05,3.500000000000000000e+01
1.084720000000000000e+05,2.700000000000000000e+01
1.085120000000000000e+05,4.000000000000000000e+01
1.085530000000000000e+05,4.100000000000000000e+01
1.085860000000000000e+05,3.300000000000000000e+01
1.086260000000000000e+05,4.000000000000000000e+01
1.086880000000000000e+05,6.200000000000000000e+01
1.087310000000000000e+05,4.300000000000000000e+01
1.087760000000000000e+05,4.500000000000000000e+01
1.088130000000000000e+05,3.700000000000000000e+01
1.088450000000000000e+05,3.200000000000000000e+01
1.089020000000000000e+05,5.700000000000000000e+01
1.089480000000000000e+05,4.600000000000000000e+01
1.089980000000000000e+05,5.000000000000000000e+01
1.090360000000000000e+05,3.800000000000000000e+01
1.090990000000000000e+05,6.300000000000000000e+01
1.091360000000000000e+05,3.700000000000000000e+01
1.091810000000000000e+05,4.500000000000000000e+01
1.092530000000000000e+05,7.200000000000000000e+01
1.092880000000000000e+05,3.500000000000000000e+01
1.093260000000000000e+05,3.800000000000000000e+01
1.094020000000000000e+05,7.600000000000000000e+01
1.094360000000000000e+05,3.400000000000000000e+01
1.094600000000000000e+05,2.400000000000000000e+01
1.095110000000000000e+05,5.100000000000000000e+01
1.095700000000000000e+05,5.900000000000000000e+01
1.096260000000000000e+05,5.600000000000000000e+01
1.096540000000000000e+05,2.800000000000000000e+01
1.096890000000000000e+05,3.500000000000000000e+01
1.097100000000000000e+05,2.100000000000000000e+01
1.097370000000000000e+05,2.700000000000000000e+01
1.097940000000000000e+05,5.700000000000000000e+01
1.098420000000000000e+05,4.800000000000000000e+01
1.099110000000000000e+05,6.900000000000000000e+01
1.099690000000000000e+05,5.800000000000000000e+01
1.100160000000000000e+05,4.700000000000000000e+01
1.100520000000000000e+05,3.600000000000000000e+01
1.101050000000000000e+05,5.300000000000000000e+01
1.101500000000000000e+05,4.500000000000000000e+01
1.102040000000000000e+05,5.400000000000000000e+01
1.102440000000000000e+05,4.000000000000000000e+01
1.102910000000000000e+05,4.700000000000000000e+01
1.103490000000000000e+05,5.800000000000000000e+01
1.103930000000000000e+05,4.400000000000000000e+01
1.104500000000000000e+05,5.700000000000000000e+01
1.105120000000000000e+05,6.200000000000000000e+01
1.105600000000000000e+05,4.800000000000000000e+01
1.105970000000000000e+05,3.700000000000000000e+01
1.106590000000000000e+05,6.200000000000000000e+01
1.107100000000000000e+05,5.100000000000000000e+01
1.107490000000000000e+05,3.900000000000000000e+01
1.107860000000000000e+05,3.700000000000000000e+01
1.108450000000000000e+05,5.900000000000000000e+01
1.108860000000000000e+05,4.100000000000000000e+01
1.109310000000000000e+05,4.500000000000000000e+01
1.109930000000000000e+05,6.200000000000000000e+01
1.110450000000000000e+05,5.200000000000000000e+01
1.110850000000000000e+05,4.000000000000000000e+01
1.111330000000000000e+05,4.800000000000000000e+01
1.112000000000000000e+05,6.700000000000000000e+01
1.112500000000000000e+05,5.000000000000000000e+01
1.113200000000000000e+05,7.000000000000000000e+01
1.113630000000000000e+05,4.300000000000000000e+01
1.113890000000000000e+05,2.600000000000000000e+01
1.114340000000000000e+05,4.500000000000000000e+01
1.114940000000000000e+05,6.000000000000000000e+01
1.115250000000000000e+05,3.100000000000000000e+01
1.115740000000000000e+05,4.900000000000000000e+01
1.116140000000000000e+05,4.000000000000000000e+01
1.116680000000000000e+05,5.400000000000000000e+01
1.117290000000000000e+05,6.100000000000000000e+01
1.117870000000000000e+05,5.800000000000000000e+01
1.118570000000000000e+05,7.000000000000000000e+01
1.118880000000000000e+05,3.100000000000000000e+01
1.119350000000000000e+05,4.700000000000000000e+01
1.119770000000000000e+05,4.200000000000000000e+01
1.120140000000000000e+05,3.700000000000000000e+01
1.120590000000000000e+05,4.500000000000000000e+01
1.121010000000000000e+05,4.200000000000000000e+01
1.121530000000000000e+05,5.200000000000000000e+01
1.122280000000000000e+05,7.500000000000000000e+01
1.122670000000000000e+05,3.900000000000000000e+01
1.123010000000000000e+05,3.400000000000000000e+01
1.123650000000000000e+05,6.400000000000000000e+01
1.123890000000000000e+05,2.400000000000000000e+01
1.124150000000000000e+05,2.600000000000000000e+01
1.124400000000000000e+05,2.500000000000000000e+01
1.124900000000000000e+05,5.000000000000000000e+01
1.125400000000000000e+05,5.000000000000000000e+01
1.125760000000000000e+05,3.600000000000000000e+01
1.126110000000000000e+05,3.500000000000000000e+01
1.126800000000000000e+05,6.900000000000000000e+01
1.127310000000000000e+05,5.100000000000000000e+01
1.127680000000000000e+05,3.700000000000000000e+01
1.128060000000000000e+05,3.800000000000000000e+01
1.128530000000000000e+05,4.700000000000000000e+01
1.129150000000000000e+05,6.200000000000000000e+01
1.129540000000000000e+05,3.900000000000000000e+01
1.129990000000000000e+05,4.500000000000000000e+01
1.130410000000000000e+05,4.200000000000000000e+01
1.130920000000000000e+05,5.100000000000000000e+01
1.131640000000000000e+05,7.200000000000000000e+01
1.132150000000000000e+05,5.100000000000000000e+01
1.132460000000000000e+05,3.100000000000000000e+01
1.132860000000000000e+05,4.000000000000000000e+01
1.133230000000000000e+05,3.700000000000000000e+01
1.133630000000000000e+05,4.000000000000000000e+01
1.134000000000000000e+05,3.700000000000000000e+01
1.134460000000000000e+05,4.600000000000000000e+01
1.134830000000000000e+05,3.700000000000000000e+01
1.135400000000000000e+05,5.700000000000000000e+01
1.136360000000000000e+05,9.600000000000000000e+01
1.136670000000000000e+05,3.100000000000000000e+01
1.137190000000000000e+05,5.200000000000000000e+01
1.137500000000000000e+05,3.100000000000000000e+01
1.137780000000000000e+05,2.800000000000000000e+01
1.138260000000000000e+05,4.800000000000000000e+01
1.138670000000000000e+05,4.100000000000000000e+01
1.139130000000000000e+05,4.600000000000000000e+01
1.139640000000000000e+05,5.100000000000000000e+01
1.140150000000000000e+05,5.100000000000000000e+01
1.140390000000000000e+05,2.400000000000000000e+01
1.140890000000000000e+05,5.000000000000000000e+01
1.141240000000000000e+05,3.500000000000000000e+01
1.141780000000000000e+05,5.400000000000000000e+01
1.142370000000000000e+05,5.900000000000000000e+01
1.142750000000000000e+05,3.800000000000000000e+01
1.143130000000000000e+05,3.800000000000000000e+01
1.143530000000000000e+05,4.000000000000000000e+01
1.144050000000000000e+05,5.200000000000000000e+01
1.144360000000000000e+05,3.100000000000000000e+01
1.144870000000000000e+05,5.100000000000000000e+01
1.145110000000000000e+05,2.400000000000000000e+01
1.145650000000000000e+05,5.400000000000000000e+01
1.146300000000000000e+05,6.500000000000000000e+01
1.146630000000000000e+05,3.300000000000000000e+01
1.147190000000000000e+05,5.600000000000000000e+01
1.147460000000000000e+05,2.700000000000000000e+01
1.147960000000000000e+05,5.000000000000000000e+01
1.148450000000000000e+05,4.900000000000000000e+01
1.148640000000000000e+05,1.900000000000000000e+01
1.148960000000000000e+05,3.200000000000000000e+01
1.149360000000000000e+05,4.000000000000000000e+01
1.149740000000000000e+05,3.800000000000000000e+01
1.150130000000000000e+05,3.900000000000000000e+01
1.150440000000000000e+05,3.100000000000000000e+01
1.150840000000000000e+05,4.000000000000000000e+01
1.151210000000000000e+05,3.700000000000000000e+01
1.152010000000000000e+05,8.000000000000000000e+01
1.152520000000000000e+05,5.100000000000000000e+01
1.153260000000000000e+05,7.400000000000000000e+01
1.153710000000000000e+05,4.500000000000000000e+01
1.154240000000000000e+05,5.300000000000000000e+01
1.154570000000000000e+05,3.300000000000000000e+01
1.155100000000000000e+05,5.300000000000000000e+01
1.155760000000000000e+05,6.600000000000000000e+01
1.155950000000000000e+05,1.900000000000000000e+01
1.156340000000000000e+05,3.900000000000000000e+01
1.156640000000000000e+05,3.000000000000000000e+01
1.157160000000000000e+05,5.200000000000000000e+01
1.157570000000000000e+05,4.100000000000000000e+01
1.158090000000000000e+05,5.200000000000000000e+01
1.158890000000000000e+05,8.000000000000000000e+01
1.159400000000000000e+05,5.100000000000000000e+01
1.159940000000000000e+05,5.400000000000000000e+01
1.160520000000000000e+05,5.800000000000000000e+01
1.160870000000000000e+05,3.500000000000000000e+01
1.161210000000000000e+05,3.400000000000000000e+01
1.161750000000000000e+05,5.400000000000000000e+01
1.162010000000000000e+05,2.600000000000000000e+01
1.162450000000000000e+05,4.400000000000000000e+01
1.163060000000000000e+05,6.100000000000000000e+01
1.163250000000000000e+05,1.900000000000000000e+01
1.163800000000000000e+05,5.500000000000000000e+01
1.164090000000000000e+05,2.900000000000000000e+01
1.164830000000000000e+05,7.400000000000000000e+01
1.165440000000000000e+05,6.100000000000000000e+01
1.165930000000000000e+05,4.900000000000000000e+01
1.166070000000000000e+05,1.400000000000000000e+01
1.166730000000000000e+05,6.600000000000000000e+01
1.167150000000000000e+05,4.200000000000000000e+01
1.167450000000000000e+05,3.000000000000000000e+01
1.167880000000000000e+05,4.300000000000000000e+01
1.168290000000000000e+05,4.100000000000000000e+01
1.168570000000000000e+05,2.800000000000000000e+01
1.168920000000000000e+05,3.500000000000000000e+01
1.169290000000000000e+05,3.700000000000000000e+01
1.169720000000000000e+05,4.300000000000000000e+01
1.170120000000000000e+05,4.000000000000000000e+01
1.170810000000000000e+05,6.900000000000000000e+01
1.171150000000000000e+05,3.400000000000000000e+01
1.171560000000000000e+05,4.100000000000000000e+01
1.171790000000000000e+05,2.300000000000000000e+01
1.172170000000000000e+05,3.800000000000000000e+01
1.172620000000000000e+05,4.500000000000000000e+01
1.173040000000000000e+05,4.200000000000000000e+01
1.173230000000000000e+05,1.900000000000000000e+01
1.173630000000000000e+05,4.000000000000000000e+01
1.174040000000000000e+05,4.100000000000000000e+01
1.174530000000000000e+05,4.900000000000000000e+01
1.174980000000000000e+05,4.500000000000000000e+01
1.175340000000000000e+05,3.600000000000000000e+01
1.175980000000000000e+05,6.400000000000000000e+01
1.176220000000000000e+05,2.400000000000000000e+01
1.176590000000000000e+05,3.700000000000000000e+01
1.176820000000000000e+05,2.300000000000000000e+01
1.177260000000000000e+05,4.400000000000000000e+01
1.177570000000000000e+05,3.100000000000000000e+01
1.178350000000000000e+05,7.800000000000000000e+01
1.178800000000000000e+05,4.500000000000000000e+01
1.179300000000000000e+05,5.000000000000000000e+01
1.179740000000000000e+05,4.400000000000000000e+01
1.180260000000000000e+05,5.200000000000000000e+01
1.180700000000000000e+05,4.400000000000000000e+01
1.181160000000000000e+05,4.600000000000000000e+01
1.181550000000000000e+05,3.900000000000000000e+01
1.182030000000000000e+05,4.800000000000000000e+01
1.182330000000000000e+05,3.000000000000000000e+01
1.182730000000000000e+05,4.000000000000000000e+01
1.183110000000000000e+05,3.800000000000000000e+01
1.183360000000000000e+05,2.500000000000000000e+01
1.184110000000000000e+05,7.500000000000000000e+01
1.184340000000000000e+05,2.300000000000000000e+01
1.184890000000000000e+05,5.500000000000000000e+01
1.185280000000000000e+05,3.900000000000000000e+01
1.185920000000000000e+05,6.400000000000000000e+01
1.186440000000000000e+05,5.200000000000000000e+01
1.186920000000000000e+05,4.800000000000000000e+01
1.187270000000000000e+05,3.500000000000000000e+01
1.187610000000000000e+05,3.400000000000000000e+01
1.188060000000000000e+05,4.500000000000000000e+01
1.188450000000000000e+05,3.900000000000000000e+01
1.189110000000000000e+05,6.600000000000000000e+01
1.189380000000000000e+05,2.700000000000000000e+01
1.189800000000000000e+05,4.200000000000000000e+01
1.190190000000000000e+05,3.900000000000000000e+01
1.190710000000000000e+05,5.200000000000000000e+01
1.191220000000000000e+05,5.100000000000000000e+01
1.191620000000000000e+05,4.000000000000000000e+01
1.192230000000000000e+05,6.100000000000000000e+01
1.192610000000000000e+05,3.800000000000000000e+01
1.193320000000000000e+05,7.100000000000000000e+01
1.193710000000000000e+05,3.900000000000000000e+01
1.194050000000000000e+05,3.400000000000000000e+01
1.194630000000000000e+05,5.800000000000000000e+01
1.194940000000000000e+05,3.100000000000000000e+01
1.195420000000000000e+05,4.800000000000000000e+01
1.196030000000000000e+05,6.100000000000000000e+01
1.196440000000000000e+05,4.100000000000000000e+01
1.196670000000000000e+05,2.300000000000000000e+01
1.196910000000000000e+05,2.400000000000000000e+01
1.197170000000000000e+05,2.600000000000000000e+01
1.197840000000000000e+05,6.700000000000000000e+01
1.198360000000000000e+05,5.200000000000000000e+01
1.198850000000000000e+05,4.900000000000000000e+01
1.199460000000000000e+05,6.100000000000000000e+01
1.200240000000000000e+05,7.800000000000000000e+01
1.200730000000000000e+05,4.900000000000000000e+01
1.201110000000000000e+05,3.800000000000000000e+01
1.201950000000000000e+05,8.400000000000000000e+01
1.202440000000000000e+05,4.900000000000000000e+01
1.202890000000000000e+05,4.500000000000000000e+01
1.203290000000000000e+05,4.000000000000000000e+01
1.204140000000000000e+05,8.500000000000000000e+01
1.204520000000000000e+05,3.800000000000000000e+01
1.204940000000000000e+05,4.200000000000000000e+01
1.205510000000000000e+05,5.700000000000000000e+01
1.205840000000000000e+05,3.300000000000000000e+01
1.206600000000000000e+05,7.600000000000000000e+01
1.206940000000000000e+05,3.400000000000000000e+01
1.207160000000000000e+05,2.200000000000000000e+01
1.207460000000000000e+05,3.000000000000000000e+01
1.207810000000000000e+05,3.500000000000000000e+01
1.208250000000000000e+05,4.400000000000000000e+01
1.208540000000000000e+05,2.900000000000000000e+01
1.208820000000000000e+05,2.800000000000000000e+01
1.209190000000000000e+05,3.700000000000000000e+01
1.209640000000000000e+05,4.500000000000000000e+01
1.210270000000000000e+05,6.300000000000000000e+01
1.210670000000000000e+05,4.000000000000000000e+01
1.211090000000000000e+05,4.200000000000000000e+01
1.211400000000000000e+05,3.100000000000000000e+01
1.212230000000000000e+05,8.300000000000000000e+01
1.212870000000000000e+05,6.400000000000000000e+01
1.213480000000000000e+05,6.100000000000000000e+01
1.213930000000000000e+05,4.500000000000000000e+01
1.214200000000000000e+05,2.700000000000000000e+01
1.214830000000000000e+05,6.300000000000000000e+01
1.215490000000000000e+05,6.600000000000000000e+01
1.215920000000000000e+05,4.300000000000000000e+01
1.216380000000000000e+05,4.600000000000000000e+01
1.217050000000000000e+05,6.700000000000000000e+01
1.217540000000000000e+05,4.900000000000000000e+01
1.218020000000000000e+05,4.800000000000000000e+01
1.218680000000000000e+05,6.600000000000000000e+01
1.219160000000000000e+05,4.800000000000000000e+01
1.219670000000000000e+05,5.100000000000000000e+01
1.220200000000000000e+05,5.300000000000000000e+01
1.220770000000000000e+05,5.700000000000000000e+01
1.221130000000000000e+05,3.600000000000000000e+01
1.221670000000000000e+05,5.400000000000000000e+01
1.222180000000000000e+05,5.100000000000000000e+01
1.222560000000000000e+05,3.800000000000000000e+01
1.223030000000000000e+05,4.700000000000000000e+01
1.223510000000000000e+05,4.800000000000000000e+01
1.224220000000000000e+05,7.100000000000000000e+01
1.224680000000000000e+05,4.600000000000000000e+01
1.225250000000000000e+05,5.700000000000000000e+01
1.225830000000000000e+05,5.800000000000000000e+01
1.226340000000000000e+05,5.100000000000000000e+01
1.226710000000000000e+05,3.700000000000000000e+01
1.227240000000000000e+05,5.300000000000000000e+01
1.227490000000000000e+05,2.500000000000000000e+01
1.227880000000000000e+05,3.900000000000000000e+01
1.228140000000000000e+05,2.600000000000000000e+01
1.228650000000000000e+05,5.100000000000000000e+01
1.229000000000000000e+05,3.500000000000000000e+01
1.229560000000000000e+05,5.600000000000000000e+01
1.229850000000000000e+05,2.900000000000000000e+01
1.230070000000000000e+05,2.200000000000000000e+01
1.230320000000000000e+05,2.500000000000000000e+01
1.230730000000000000e+05,4.100000000000000000e+01
1.231130000000000000e+05,4.000000000000000000e+01
1.231470000000000000e+05,3.400000000000000000e+01
1.232010000000000000e+05,5.400000000000000000e+01
1.232580000000000000e+05,5.700000000000000000e+01
1.233170000000000000e+05,5.900000000000000000e+01
1.233410000000000000e+05,2.400000000000000000e+01
1.233750000000000000e+05,3.400000000000000000e+01
1.234090000000000000e+05,3.400000000000000000e+01
1.234500000000000000e+05,4.100000000000000000e+01
1.234950000000000000e+05,4.500000000000000000e+01
1.235440000000000000e+05,4.900000000000000000e+01
1.235900000000000000e+05,4.600000000000000000e+01
1.236160000000000000e+05,2.600000000000000000e+01
1.236570000000000000e+05,4.100000000000000000e+01
1.237150000000000000e+05,5.800000000000000000e+01
1.237580000000000000e+05,4.300000000000000000e+01
1.238040000000000000e+05,4.600000000000000000e+01
1.238490000000000000e+05,4.500000000000000000e+01
1.239120000000000000e+05,6.300000000000000000e+01
1.239600000000000000e+05,4.800000000000000000e+01
1.240110000000000000e+05,5.100000000000000000e+01
1.240520000000000000e+05,4.100000000000000000e+01
1.241030000000000000e+05,5.100000000000000000e+01
1.241590000000000000e+05,5.600000000000000000e+01
1.242000000000000000e+05,4.100000000000000000e+01
1.242670000000000000e+05,6.700000000000000000e+01
1.243050000000000000e+05,3.800000000000000000e+01
1.243440000000000000e+05,3.900000000000000000e+01
1.243950000000000000e+05,5.100000000000000000e+01
1.244660000000000000e+05,7.100000000000000000e+01
1.245510000000000000e+05,8.500000000000000000e+01
1.245920000000000000e+05,4.100000000000000000e+01
1.246660000000000000e+05,7.400000000000000000e+01
1.247110000000000000e+05,4.500000000000000000e+01
1.247820000000000000e+05,7.100000000000000000e+01
1.248160000000000000e+05,3.400000000000000000e+01
1.248610000000000000e+05,4.500000000000000000e+01
1.248920000000000000e+05,3.100000000000000000e+01
1.249350000000000000e+05,4.300000000000000000e+01
1.249710000000000000e+05,3.600000000000000000e+01
1.250070000000000000e+05,3.600000000000000000e+01
1.250730000000000000e+05,6.600000000000000000e+01
1.251200000000000000e+05,4.700000000000000000e+01
1.251500000000000000e+05,3.000000000000000000e+01
1.251980000000000000e+05,4.800000000000000000e+01
1.252280000000000000e+05,3.000000000000000000e+01
1.252580000000000000e+05,3.000000000000000000e+01
1.253150000000000000e+05,5.700000000000000000e+01
1.253610000000000000e+05,4.600000000000000000e+01
1.254050000000000000e+05,4.400000000000000000e+01
1.254560000000000000e+05,5.100000000000000000e+01
1.255080000000000000e+05,5.200000000000000000e+01
1.255470000000000000e+05,3.900000000000000000e+01
1.255740000000000000e+05,2.700000000000000000e+01
1.256130000000000000e+05,3.900000000000000000e+01
1.256340000000000000e+05,2.100000000000000000e+01
1.256720000000000000e+05,3.800000000000000000e+01
1.257340000000000000e+05,6.200000000000000000e+01
1.258030000000000000e+05,6.900000000000000000e+01
1.258360000000000000e+05,3.300000000000000000e+01
1.258790000000000000e+05,4.300000000000000000e+01
1.259370000000000000e+05,5.800000000000000000e+01
1.259730000000000000e+05,3.600000000000000000e+01
1.260330000000000000e+05,6.000000000000000000e+01
1.260890000000000000e+05,5.600000000000000000e+01
1.261520000000000000e+05,6.300000000000000000e+01
1.261960000000000000e+05,4.400000000000000000e+01
1.262640000000000000e+05,6.800000000000000000e+01
1.263250000000000000e+05,6.100000000000000000e+01
1.263510000000000000e+05,2.600000000000000000e+01
1.263910000000000000e+05,4.000000000000000000e+01
1.264330000000000000e+05,4.200000000000000000e+01
1.264720000000000000e+05,3.900000000000000000e+01
1.265170000000000000e+05,4.500000000000000000e+01
1.265660000000000000e+05,4.900000000000000000e+01
1.266090000000000000e+05,4.300000000000000000e+01
1.266510000000000000e+05,4.200000000000000000e+01
1.266860000000000000e+05,3.500000000000000000e+01
1.267260000000000000e+05,4.000000000000000000e+01
1.267610000000000000e+05,3.500000000000000000e+01
1.268180000000000000e+05,5.700000000000000000e+01
1.268400000000000000e+05,2.200000000000000000e+01
1.268780000000000000e+05,3.800000000000000000e+01
1.269380000000000000e+05,6.000000000000000000e+01
1.269820000000000000e+05,4.400000000000000000e+01
1.270250000000000000e+05,4.300000000000000000e+01
1.270490000000000000e+05,2.400000000000000000e+01
1.270950000000000000e+05,4.600000000000000000e+01
1.271350000000000000e+05,4.000000000000000000e+01
1.271740000000000000e+05,3.900000000000000000e+01
1.272070000000000000e+05,3.300000000000000000e+01
1.272470000000000000e+05,4.000000000000000000e+01
1.272840000000000000e+05,3.700000000000000000e+01
1.273530000000000000e+05,6.900000000000000000e+01
1.273880000000000000e+05,3.500000000000000000e+01
1.274420000000000000e+05,5.400000000000000000e+01
1.274880000000000000e+05,4.600000000000000000e+01
1.275360000000000000e+05,4.800000000000000000e+01
1.275990000000000000e+05,6.300000000000000000e+01
1.276260000000000000e+05,2.700000000000000000e+01
1.276680000000000000e+05,4.200000000000000000e+01
1.277400000000000000e+05,7.200000000000000000e+01
1.277760000000000000e+05,3.600000000000000000e+01
1.278450000000000000e+05,6.900000000000000000e+01
1.278890000000000000e+05,4.400000000000000000e+01
1.279290000000000000e+05,4.000000000000000000e+01
1.279930000000000000e+05,6.400000000000000000e+01
1.280410000000000000e+05,4.800000000000000000e+01
1.281130000000000000e+05,7.200000000000000000e+01
1.281630000000000000e+05,5.000000000000000000e+01
1.282090000000000000e+05,4.600000000000000000e+01
1.282490000000000000e+05,4.000000000000000000e+01
1.283170000000000000e+05,6.800000000000000000e+01
1.283680000000000000e+05,5.100000000000000000e+01
1.284260000000000000e+05,5.800000000000000000e+01
1.284610000000000000e+05,3.500000000000000000e+01
1.285120000000000000e+05,5.100000000000000000e+01
1.285590000000000000e+05,4.700000000000000000e+01
1.286030000000000000e+05,4.400000000000000000e+01
1.286610000000000000e+05,5.800000000000000000e+01
1.287010000000000000e+05,4.000000000000000000e+01
1.287480000000000000e+05,4.700000000000000000e+01
1.287970000000000000e+05,4.900000000000000000e+01
1.288460000000000000e+05,4.900000000000000000e+01
1.289060000000000000e+05,6.000000000000000000e+01
1.289500000000000000e+05,4.400000000000000000e+01
1.290100000000000000e+05,6.000000000000000000e+01
1.290490000000000000e+05,3.900000000000000000e+01
1.291190000000000000e+05,7.000000000000000000e+01
1.291600000000000000e+05,4.100000000000000000e+01
1.292000000000000000e+05,4.000000000000000000e+01
1.292490000000000000e+05,4.900000000000000000e+01
1.292920000000000000e+05,4.300000000000000000e+01
1.293300000000000000e+05,3.800000000000000000e+01
1.293720000000000000e+05,4.200000000000000000e+01
1.294360000000000000e+05,6.400000000000000000e+01
1.294770000000000000e+05,4.100000000000000000e+01
1.295260000000000000e+05,4.900000000000000000e+01
1.295640000000000000e+05,3.800000000000000000e+01
1.295990000000000000e+05,3.500000000000000000e+01
1.296370000000000000e+05,3.800000000000000000e+01
1.297030000000000000e+05,6.600000000000000000e+01
1.297430000000000000e+05,4.000000000000000000e+01
1.297890000000000000e+05,4.600000000000000000e+01
1.298340000000000000e+05,4.500000000000000000e+01
1.298640000000000000e+05,3.000000000000000000e+01
1.298940000000000000e+05,3.000000000000000000e+01
1.299460000000000000e+05,5.200000000000000000e+01
1.299720000000000000e+05,2.600000000000000000e+01
1.300170000000000000e+05,4.500000000000000000e+01
1.300490000000000000e+05,3.200000000000000000e+01
1.300820000000000000e+05,3.300000000000000000e+01
1.301390000000000000e+05,5.700000000000000000e+01
1.301840000000000000e+05,4.500000000000000000e+01
1.302330000000000000e+05,4.900000000000000000e+01
1.302830000000000000e+05,5.000000000000000000e+01
1.303240000000000000e+05,4.100000000000000000e+01
1.303750000000000000e+05,5.100000000000000000e+01
1.304320000000000000e+05,5.700000000000000000e+01
1.304750000000000000e+05,4.300000000000000000e+01
1.305210000000000000e+05,4.600000000000000000e+01
1.305970000000000000e+05,7.600000000000000000e+01
1.306360000000000000e+05,3.900000000000000000e+01
1.306740000000000000e+05,3.800000000000000000e+01
1.307080000000000000e+05,3.400000000000000000e+01
1.307500000000000000e+05,4.200000000000000000e+01
1.307840000000000000e+05,3.400000000000000000e+01
1.308100000000000000e+05,2.600000000000000000e+01
1.308560000000000000e+05,4.600000000000000000e+01
1.308770000000000000e+05,2.100000000000000000e+01
1.309190000000000000e+05,4.200000000000000000e+01
1.309620000000000000e+05,4.300000000000000000e+01
1.310020000000000000e+05,4.000000000000000000e+01
1.310390000000000000e+05,3.700000000000000000e+01
1.310850000000000000e+05,4.600000000000000000e+01
1.311140000000000000e+05,2.900000000000000000e+01
1.311540000000000000e+05,4.000000000000000000e+01
1.311960000000000000e+05,4.200000000000000000e+01
1.312530000000000000e+05,5.700000000000000000e+01
1.312760000000000000e+05,2.300000000000000000e+01
1.313240000000000000e+05,4.800000000000000000e+01
1.313940000000000000e+05,7.000000000000000000e+01
1.314430000000000000e+05,4.900000000000000000e+01
1.314810000000000000e+05,3.800000000000000000e+01
1.315050000000000000e+05,2.400000000000000000e+01
1.315540000000000000e+05,4.900000000000000000e+01
1.315840000000000000e+05,3.000000000000000000e+01
1.316360000000000000e+05,5.200000000000000000e+01
1.316570000000000000e+05,2.100000000000000000e+01
1.317240000000000000e+05,6.700000000000000000e+01
1.317480000000000000e+05,2.400000000000000000e+01
1.317820000000000000e+05,3.400000000000000000e+01
1.318390000000000000e+05,5.700000000000000000e+01
1.318660000000000000e+05,2.700000000000000000e+01
1.319110000000000000e+05,4.500000000000000000e+01
1.319500000000000000e+05,3.900000000000000000e+01
1.320010000000000000e+05,5.100000000000000000e+01
1.320860000000000000e+05,8.500000000000000000e+01
1.321260000000000000e+05,4.000000000000000000e+01
1.321920000000000000e+05,6.600000000000000000e+01
1.322620000000000000e+05,7.000000000000000000e+01
1.323070000000000000e+05,4.500000000000000000e+01
1.323410000000000000e+05,3.400000000000000000e+01
1.324170000000000000e+05,7.600000000000000000e+01
1.324700000000000000e+05,5.300000000000000000e+01
1.325020000000000000e+05,3.200000000000000000e+01
1.325400000000000000e+05,3.800000000000000000e+01
1.326050000000000000e+05,6.500000000000000000e+01
1.326450000000000000e+05,4.000000000000000000e+01
1.326970000000000000e+05,5.200000000000000000e+01
1.327500000000000000e+05,5.300000000000000000e+01
1.328010000000000000e+05,5.100000000000000000e+01
1.328410000000000000e+05,4.000000000000000000e+01
1.328930000000000000e+05,5.200000000000000000e+01
1.329260000000000000e+05,3.300000000000000000e+01
1.329910000000000000e+05,6.500000000000000000e+01
1.330250000000000000e+05,3.400000000000000000e+01
1.330840000000000000e+05,5.900000000000000000e+01
1.331170000000000000e+05,3.300000000000000000e+01
1.331810000000000000e+05,6.400000000000000000e+01
1.332320000000000000e+05,5.100000000000000000e+01
1.332860000000000000e+05,5.400000000000000000e+01
1.333560000000000000e+05,7.000000000000000000e+01
1.333910000000000000e+05,3.500000000000000000e+01
1.334250000000000000e+05,3.400000000000000000e+01
1.334650000000000000e+05,4.000000000000000000e+01
1.334980000000000000e+05,3.300000000000000000e+01
1.335770000000000000e+05,7.900000000000000000e+01
1.336280000000000000e+05,5.100000000000000000e+01
1.336700000000000000e+05,4.200000000000000000e+01
1.336960000000000000e+05,2.600000000000000000e+01
1.337400000000000000e+05,4.400000000000000000e+01
1.337830000000000000e+05,4.300000000000000000e+01
1.338300000000000000e+05,4.700000000000000000e+01
1.338910000000000000e+05,6.100000000000000000e+01
1.339480000000000000e+05,5.700000000000000000e+01
1.339910000000000000e+05,4.300000000000000000e+01
1.340500000000000000e+05,5.900000000000000000e+01
1.341200000000000000e+05,7.000000000000000000e+01
1.341660000000000000e+05,4.600000000000000000e+01
1.341900000000000000e+05,2.400000000000000000e+01
1.342400000000000000e+05,5.000000000000000000e+01
1.342900000000000000e+05,5.000000000000000000e+01
1.343500000000000000e+05,6.000000000000000000e+01
1.344000000000000000e+05,5.000000000000000000e+01
1.344480000000000000e+05,4.800000000000000000e+01
1.345180000000000000e+05,7.000000000000000000e+01
1.345700000000000000e+05,5.200000000000000000e+01
1.346000000000000000e+05,3.000000000000000000e+01
1.346540000000000000e+05,5.400000000000000000e+01
1.347060000000000000e+05,5.200000000000000000e+01
1.347360000000000000e+05,3.000000000000000000e+01
1.347890000000000000e+05,5.300000000000000000e+01
1.348570000000000000e+05,6.800000000000000000e+01
1.348890000000000000e+05,3.200000000000000000e+01
1.349160000000000000e+05,2.700000000000000000e+01
1.349600000000000000e+05,4.400000000000000000e+01
1.349850000000000000e+05,2.500000000000000000e+01
1.350220000000000000e+05,3.700000000000000000e+01
1.350720000000000000e+05,5.000000000000000000e+01
1.350970000000000000e+05,2.500000000000000000e+01
1.351200000000000000e+05,2.300000000000000000e+01
1.351590000000000000e+05,3.900000000000000000e+01
1.352270000000000000e+05,6.800000000000000000e+01
1.352560000000000000e+05,2.900000000000000000e+01
1.352900000000000000e+05,3.400000000000000000e+01
1.353540000000000000e+05,6.400000000000000000e+01
1.353980000000000000e+05,4.400000000000000000e+01
1.354320000000000000e+05,3.400000000000000000e+01
1.354910000000000000e+05,5.900000000000000000e+01
1.355320000000000000e+05,4.100000000000000000e+01
1.355850000000000000e+05,5.300000000000000000e+01
1.356360000000000000e+05,5.100000000000000000e+01
1.356680000000000000e+05,3.200000000000000000e+01
1.357100000000000000e+05,4.200000000000000000e+01
1.357770000000000000e+05,6.700000000000000000e+01
1.358350000000000000e+05,5.800000000000000000e+01
1.359020000000000000e+05,6.700000000000000000e+01
1.359260000000000000e+05,2.400000000000000000e+01
1.359710000000000000e+05,4.500000000000000000e+01
1.360160000000000000e+05,4.500000000000000000e+01
1.360570000000000000e+05,4.100000000000000000e+01
1.360890000000000000e+05,3.200000000000000000e+01
1.361160000000000000e+05,2.700000000000000000e+01
1.361640000000000000e+05,4.800000000000000000e+01
1.362130000000000000e+05,4.900000000000000000e+01
1.362750000000000000e+05,6.200000000000000000e+01
1.363170000000000000e+05,4.200000000000000000e+01
1.363430000000000000e+05,2.600000000000000000e+01
1.364300000000000000e+05,8.700000000000000000e+01
1.364720000000000000e+05,4.200000000000000000e+01
1.365150000000000000e+05,4.300000000000000000e+01
1.365520000000000000e+05,3.700000000000000000e+01
1.365770000000000000e+05,2.500000000000000000e+01
1.366180000000000000e+05,4.100000000000000000e+01
1.366660000000000000e+05,4.800000000000000000e+01
1.367410000000000000e+05,7.500000000000000000e+01
1.367730000000000000e+05,3.200000000000000000e+01
1.368230000000000000e+05,5.000000000000000000e+01
1.368590000000000000e+05,3.600000000000000000e+01
1.369020000000000000e+05,4.300000000000000000e+01
1.369610000000000000e+05,5.900000000000000000e+01
1.370010000000000000e+05,4.000000000000000000e+01
1.370500000000000000e+05,4.900000000000000000e+01
1.371050000000000000e+05,5.500000000000000000e+01
1.371440000000000000e+05,3.900000000000000000e+01
1.371920000000000000e+05,4.800000000000000000e+01
1.372160000000000000e+05,2.400000000000000000e+01
1.372470000000000000e+05,3.100000000000000000e+01
1.372880000000000000e+05,4.100000000000000000e+01
1.373270000000000000e+05,3.900000000000000000e+01
1.373710000000000000e+05,4.400000000000000000e+01
1.374260000000000000e+05,5.500000000000000000e+01
1.374780000000000000e+05,5.200000000000000000e+01
1.375280000000000000e+05,5.000000000000000000e+01
1.375530000000000000e+05,2.500000000000000000e+01
1.375960000000000000e+05,4.300000000000000000e+01
1.376430000000000000e+05,4.700000000000000000e+01
1.376630000000000000e+05,2.000000000000000000e+01
1.377030000000000000e+05,4.000000000000000000e+01
1.377290000000000000e+05,2.600000000000000000e+01
1.377700000000000000e+05,4.100000000000000000e+01
1.378180000000000000e+05,4.800000000000000000e+01
1.378540000000000000e+05,3.600000000000000000e+01
1.379090000000000000e+05,5.500000000000000000e+01
1.379670000000000000e+05,5.800000000000000000e+01
1.380110000000000000e+05,4.400000000000000000e+01
1.380660000000000000e+05,5.500000000000000000e+01
1.381010000000000000e+05,3.500000000000000000e+01
1.381680000000000000e+05,6.700000000000000000e+01
1.382130000000000000e+05,4.500000000000000000e+01
1.382390000000000000e+05,2.600000000000000000e+01
1.382790000000000000e+05,4.000000000000000000e+01
1.383320000000000000e+05,5.300000000000000000e+01
1.383950000000000000e+05,6.300000000000000000e+01
1.384340000000000000e+05,3.900000000000000000e+01
1.384680000000000000e+05,3.400000000000000000e+01
1.384980000000000000e+05,3.000000000000000000e+01
1.385570000000000000e+05,5.900000000000000000e+01
1.386310000000000000e+05,7.400000000000000000e+01
1.386640000000000000e+05,3.300000000000000000e+01
1.386840000000000000e+05,2.000000000000000000e+01
1.387240000000000000e+05,4.000000000000000000e+01
1.387830000000000000e+05,5.900000000000000000e+01
1.388060000000000000e+05,2.300000000000000000e+01
1.388630000000000000e+05,5.700000000000000000e+01
1.389180000000000000e+05,5.500000000000000000e+01
1.389820000000000000e+05,6.400000000000000000e+01
1.390170000000000000e+05,3.500000000000000000e+01
1.390740000000000000e+05,5.700000000000000000e+01
1.391200000000000000e+05,4.600000000000000000e+01
1.391670000000000000e+05,4.700000000000000000e+01
1.391970000000000000e+05,3.000000000000000000e+01
1.392390000000000000e+05,4.200000000000000000e+01
1.392620000000000000e+05,2.300000000000000000e+01
1.393210000000000000e+05,5.900000000000000000e+01
1.393610000000000000e+05,4.000000000000000000e+01
1.393860000000000000e+05,2.500000000000000000e+01
1.394400000000000000e+05,5.400000000000000000e+01
1.394790000000000000e+05,3.900000000000000000e+01
1.395290000000000000e+05,5.000000000000000000e+01
1.395780000000000000e+05,4.900000000000000000e+01
1.396160000000000000e+05,3.800000000000000000e+01
1.396590000000000000e+05,4.300000000000000000e+01
1.397020000000000000e+05,4.300000000000000000e+01
1.397320000000000000e+05,3.000000000000000000e+01
1.397850000000000000e+05,5.300000000000000000e+01
1.398440000000000000e+05,5.900000000000000000e+01
1.399140000000000000e+05,7.000000000000000000e+01
1.399440000000000000e+05,3.000000000000000000e+01
1.399900000000000000e+05,4.600000000000000000e+01
1.400310000000000000e+05,4.100000000000000000e+01
1.400960000000000000e+05,6.500000000000000000e+01
1.401470000000000000e+05,5.100000000000000000e+01
1.401800000000000000e+05,3.300000000000000000e+01
1.402100000000000000e+05,3.000000000000000000e+01
1.402550000000000000e+05,4.500000000000000000e+01
1.402870000000000000e+05,3.200000000000000000e+01
1.403260000000000000e+05,3.900000000000000000e+01
1.403730000000000000e+05,4.700000000000000000e+01
1.404290000000000000e+05,5.600000000000000000e+01
1.404640000000000000e+05,3.500000000000000000e+01
1.405160000000000000e+05,5.200000000000000000e+01
1.405800000000000000e+05,6.400000000000000000e+01
1.406220000000000000e+05,4.200000000000000000e+01
1.406720000000000000e+05,5.000000000000000000e+01
1.407040000000000000e+05,3.200000000000000000e+01
1.407550000000000000e+05,5.100000000000000000e+01
1.408200000000000000e+05,6.500000000000000000e+01
1.408710000000000000e+05,5.100000000000000000e+01
1.409160000000000000e+05,4.500000000000000000e+01
1.409750000000000000e+05,5.900000000000000000e+01
1.410170000000000000e+05,4.200000000000000000e+01
1.410590000000000000e+05,4.200000000000000000e+01
1.411060000000000000e+05,4.700000000000000000e+01
1.411300000000000000e+05,2.400000000000000000e+01
1.411700000000000000e+05,4.000000000000000000e+01
1.412180000000000000e+05,4.800000000000000000e+01
1.412590000000000000e+05,4.100000000000000000e+01
1.412960000000000000e+05,3.700000000000000000e+01
1.413530000000000000e+05,5.700000000000000000e+01
1.414020000000000000e+05,4.900000000000000000e+01
1.414410000000000000e+05,3.900000000000000000e+01
1.415370000000000000e+05,9.600000000000000000e+01
1.415760000000000000e+05,3.900000000000000000e+01
1.416520000000000000e+05,7.600000000000000000e+01
1.416800000000000000e+05,2.800000000000000000e+01
1.417470000000000000e+05,6.700000000000000000e+01
1.417890000000000000e+05,4.200000000000000000e+01
1.418590000000000000e+05,7.000000000000000000e+01
1.419300000000000000e+05,7.100000000000000000e+01
1.419550000000000000e+05,2.500000000000000000e+01
1.419910000000000000e+05,3.600000000000000000e+01
1.420700000000000000e+05,7.900000000000000000e+01
1.421150000000000000e+05,4.500000000000000000e+01
1.421790000000000000e+05,6.400000000000000000e+01
1.422400000000000000e+05,6.100000000000000000e+01
1.422800000000000000e+05,4.000000000000000000e+01
1.423310000000000000e+05,5.100000000000000000e+01
1.423920000000000000e+05,6.100000000000000000e+01
1.424630000000000000e+05,7.100000000000000000e+01
1.425140000000000000e+05,5.100000000000000000e+01
1.425540000000000000e+05,4.000000000000000000e+01
1.425920000000000000e+05,3.800000000000000000e+01
1.426600000000000000e+05,6.800000000000000000e+01
1.426880000000000000e+05,2.800000000000000000e+01
1.427280000000000000e+05,4.000000000000000000e+01
1.427580000000000000e+05,3.000000000000000000e+01
1.427940000000000000e+05,3.600000000000000000e+01
1.428380000000000000e+05,4.400000000000000000e+01
1.428820000000000000e+05,4.400000000000000000e+01
1.429440000000000000e+05,6.200000000000000000e+01
1.429760000000000000e+05,3.200000000000000000e+01
1.430160000000000000e+05,4.000000000000000000e+01
1.430540000000000000e+05,3.800000000000000000e+01
1.430890000000000000e+05,3.500000000000000000e+01
1.431310000000000000e+05,4.200000000000000000e+01
1.431700000000000000e+05,3.900000000000000000e+01
1.432140000000000000e+05,4.400000000000000000e+01
1.432430000000000000e+05,2.900000000000000000e+01
1.432890000000000000e+05,4.600000000000000000e+01
1.433610000000000000e+05,7.200000000000000000e+01
1.434150000000000000e+05,5.400000000000000000e+01
1.434910000000000000e+05,7.600000000000000000e+01
1.435150000000000000e+05,2.400000000000000000e+01
1.435660000000000000e+05,5.100000000000000000e+01
1.436170000000000000e+05,5.100000000000000000e+01
1.436540000000000000e+05,3.700000000000000000e+01
1.436750000000000000e+05,2.100000000000000000e+01
1.437130000000000000e+05,3.800000000000000000e+01
1.437470000000000000e+05,3.400000000000000000e+01
1.437940000000000000e+05,4.700000000000000000e+01
1.438500000000000000e+05,5.600000000000000000e+01
1.438770000000000000e+05,2.700000000000000000e+01
1.439170000000000000e+05,4.000000000000000000e+01
1.439780000000000000e+05,6.100000000000000000e+01
1.440260000000000000e+05,4.800000000000000000e+01
1.440720000000000000e+05,4.600000000000000000e+01
1.440940000000000000e+05,2.200000000000000000e+01
1.441520000000000000e+05,5.800000000000000000e+01
1.442020000000000000e+05,5.000000000000000000e+01
1.442650000000000000e+05,6.300000000000000000e+01
1.442930000000000000e+05,2.800000000000000000e+01
1.443210000000000000e+05,2.800000000000000000e+01
1.443940000000000000e+05,7.300000000000000000e+01
1.444540000000000000e+05,6.000000000000000000e+01
1.445090000000000000e+05,5.500000000000000000e+01
1.445500000000000000e+05,4.100000000000000000e+01
1.445870000000000000e+05,3.700000000000000000e+01
1.446320000000000000e+05,4.500000000000000000e+01
1.446740000000000000e+05,4.200000000000000000e+01
1.447190000000000000e+05,4.500000000000000000e+01
1.447500000000000000e+05,3.100000000000000000e+01
1.448000000000000000e+05,5.000000000000000000e+01
1.448630000000000000e+05,6.300000000000000000e+01
1.449000000000000000e+05,3.700000000000000000e+01
1.449570000000000000e+05,5.700000000000000000e+01
1.450040000000000000e+05,4.700000000000000000e+01
1.450420000000000000e+05,3.800000000000000000e+01
1.450810000000000000e+05,3.900000000000000000e+01
1.451710000000000000e+05,9.000000000000000000e+01
1.452150000000000000e+05,4.400000000000000000e+01
1.452660000000000000e+05,5.100000000000000000e+01
1.452920000000000000e+05,2.600000000000000000e+01
1.453330000000000000e+05,4.100000000000000000e+01
1.453580000000000000e+05,2.500000000000000000e+01
1.454140000000000000e+05,5.600000000000000000e+01
1.454560000000000000e+05,4.200000000000000000e+01
1.455300000000000000e+05,7.400000000000000000e+01
1.455630000000000000e+05,3.300000000000000000e+01
1.456040000000000000e+05,4.100000000000000000e+01
1.456430000000000000e+05,3.900000000000000000e+01
1.457280000000000000e+05,8.500000000000000000e+01
1.457800000000000000e+05,5.200000000000000000e+01
1.458140000000000000e+05,3.400000000000000000e+01
1.458370000000000000e+05,2.300000000000000000e+01
1.458800000000000000e+05,4.300000000000000000e+01
1.459670000000000000e+05,8.700000000000000000e+01
1.460080000000000000e+05,4.100000000000000000e+01
1.460590000000000000e+05,5.100000000000000000e+01
1.460830000000000000e+05,2.400000000000000000e+01
1.461040000000000000e+05,2.100000000000000000e+01
1.461290000000000000e+05,2.500000000000000000e+01
1.461740000000000000e+05,4.500000000000000000e+01
1.462210000000000000e+05,4.700000000000000000e+01
1.462980000000000000e+05,7.700000000000000000e+01
1.463350000000000000e+05,3.700000000000000000e+01
1.463630000000000000e+05,2.800000000000000000e+01
1.464110000000000000e+05,4.800000000000000000e+01
1.464330000000000000e+05,2.200000000000000000e+01
1.465070000000000000e+05,7.400000000000000000e+01
1.465480000000000000e+05,4.100000000000000000e+01
1.465600000000000000e+05,1.200000000000000000e+01
1.466320000000000000e+05,7.200000000000000000e+01
1.467060000000000000e+05,7.400000000000000000e+01
1.467540000000000000e+05,4.800000000000000000e+01
1.467970000000000000e+05,4.300000000000000000e+01
1.468440000000000000e+05,4.700000000000000000e+01
1.469210000000000000e+05,7.700000000000000000e+01
1.469860000000000000e+05,6.500000000000000000e+01
1.470240000000000000e+05,3.800000000000000000e+01
1.470880000000000000e+05,6.400000000000000000e+01
1.471540000000000000e+05,6.600000000000000000e+01
1.472000000000000000e+05,4.600000000000000000e+01
1.472240000000000000e+05,2.400000000000000000e+01
1.472390000000000000e+05,1.500000000000000000e+01
1.472710000000000000e+05,3.200000000000000000e+01
1.473120000000000000e+05,4.100000000000000000e+01
1.473630000000000000e+05,5.100000000000000000e+01
1.473980000000000000e+05,3.500000000000000000e+01
1.474480000000000000e+05,5.000000000000000000e+01
1.475650000000000000e+05,1.170000000000000000e+02
1.476070000000000000e+05,4.200000000000000000e+01
1.476880000000000000e+05,8.100000000000000000e+01
1.477360000000000000e+05,4.800000000000000000e+01
1.477930000000000000e+05,5.700000000000000000e+01
1.478180000000000000e+05,2.500000000000000000e+01
1.478780000000000000e+05,6.000000000000000000e+01
1.479390000000000000e+05,6.100000000000000000e+01
1.479900000000000000e+05,5.100000000000000000e+01
1.480230000000000000e+05,3.300000000000000000e+01
1.480470000000000000e+05,2.400000000000000000e+01
1.480710000000000000e+05,2.400000000000000000e+01
1.481230000000000000e+05,5.200000000000000000e+01
1.481790000000000000e+05,5.600000000000000000e+01
1.482190000000000000e+05,4.000000000000000000e+01
1.482740000000000000e+05,5.500000000000000000e+01
1.483270000000000000e+05,5.300000000000000000e+01
1.484120000000000000e+05,8.500000000000000000e+01
1.485040000000000000e+05,9.200000000000000000e+01
1.485280000000000000e+05,2.400000000000000000e+01
1.485800000000000000e+05,5.200000000000000000e+01
1.486200000000000000e+05,4.000000000000000000e+01
1.486600000000000000e+05,4.000000000000000000e+01
1.487000000000000000e+05,4.000000000000000000e+01
1.487410000000000000e+05,4.100000000000000000e+01
1.488030000000000000e+05,6.200000000000000000e+01
1.488410000000000000e+05,3.800000000000000000e+01
1.488920000000000000e+05,5.100000000000000000e+01
1.489430000000000000e+05,5.100000000000000000e+01
1.489720000000000000e+05,2.900000000000000000e+01
1.490190000000000000e+05,4.700000000000000000e+01
1.490550000000000000e+05,3.600000000000000000e+01
1.491110000000000000e+05,5.600000000000000000e+01
1.491660000000000000e+05,5.500000000000000000e+01
1.492110000000000000e+05,4.500000000000000000e+01
1.492450000000000000e+05,3.400000000000000000e+01
1.492870000000000000e+05,4.200000000000000000e+01
1.493280000000000000e+05,4.100000000000000000e+01
1.493570000000000000e+05,2.900000000000000000e+01
1.494110000000000000e+05,5.400000000000000000e+01
1.494710000000000000e+05,6.000000000000000000e+01
1.495520000000000000e+05,8.100000000000000000e+01
1.495820000000000000e+05,3.000000000000000000e+01
1.496390000000000000e+05,5.700000000000000000e+01
1.496840000000000000e+05,4.500000000000000000e+01
1.497080000000000000e+05,2.400000000000000000e+01
1.497690000000000000e+05,6.100000000000000000e+01
1.498190000000000000e+05,5.000000000000000000e+01
1.498700000000000000e+05,5.100000000000000000e+01
1.498870000000000000e+05,1.700000000000000000e+01
1.499240000000000000e+05,3.700000000000000000e+01
1.499820000000000000e+05,5.800000000000000000e+01
